"author","title","date","lang_TALD","lang_world","branch_TALD","branch_world","href","from_TALD","from_Glottolog","from_Scholar","from_rsl"
"Abacharaeva M.M.","Язык песенного фольклора лакцев","2013.0","Lak","Lak","Lak","Lak","https://search.rsl.ru/ru/record/01006746121","False","False","False","True"
"Abakarov I.M.","Фонологический слух при контактировании трех разносистемных языков: экспериментально-фонетическое исследование на материале даргинского, русского и французского языков","1992.0","Northern Dargwa","Dargwa","Dargwic","Dargwic","https://search.rsl.ru/ru/record/01008023503","False","False","False","True"
"Abakarova F.O.","Русско-кубачинский разговорник","2002.0","Kubachi","Dargwa","Dargwic","Dargwic","","False","True","False","False"
"Abakarova M.A.","Репрезентация лингвокультурных концептов ""мужчина"" и ""женщина"" в английской и лакской языковых картинах мира","2017.0","Lak","Lak","Lak","Lak","https://search.rsl.ru/ru/record/01009700722","False","False","False","True"
"Abakarova N.M.","Средства выражения побудительной модальности в лакском языке","2009.0","Lak","Lak","Lak","Lak","https://search.rsl.ru/ru/record/01004372224","False","False","False","True"
"Abashilova A.M.","Лексико-грамматические средства выражения семантики пространства в аварском языке в сопоставлении с английским","2002.0","Avar","Avar","Avar-Andic","Avar-Andic","https://search.rsl.ru/ru/record/01002324953","False","False","False","True"
"Abdulaev A.K.","Категория падежа в дидойском (цезском) языке","2011.0","Tsez","Tsez","Tsezic","Tsezic","https://search.rsl.ru/ru/record/01005376703","False","False","False","True"
"Abdulaev A.K. and Khalilov M.Sh.","Диалектологический словарь цезского (дидойского) языка","2023.0","Tsez","Tsez","Tsezic","Tsezic","https://search.rsl.ru/ru/record/01012300483","True","False","True","True"
"Abdulaeva I.A.","Ратлубский говор ахвахского языка: Фонетика и морфология","2001.0","Southern Akhvakh","Akhvakh","Avar-Andic","Avar-Andic","https://search.rsl.ru/ru/record/01002281513","True","True","False","True"
"Abdulaeva I.A. and Magomedova P.T.","Ахвахско-русский словарь","2007.0","Northern Akhvakh","Akhvakh","Avar-Andic","Avar-Andic","","True","False","False","False"
"Abdulaeva Z.A.","Фонетические и морфологические особенности амушинского говора аварского языка","2013.0","Avar","Avar","Avar-Andic","Avar-Andic","https://search.rsl.ru/ru/record/01006555239","True","False","False","True"
"Abdulazimova T.Kh.","Лексические синонимы чеченского языка (структура, семантика, функции)","2012.0","Chechen","Chechen","Nakh","Nakh","https://search.rsl.ru/ru/record/01006520524","False","False","False","True"
"Abdulkadyrov A.T.","Нохчийн меттан лексикин-семантикин тезаурус","2018.0","Chechen","Chechen","Nakh","Nakh","https://search.rsl.ru/ru/record/01009628815","False","False","False","True"
"Abdulkadyrov A.T.","Нохчийн меттан синонимийн парадигмийн дошам","2018.0","Chechen","Chechen","Nakh","Nakh","https://search.rsl.ru/ru/record/01009639387","False","False","False","True"
"Abdulkadyrova P.M.","Компаративные фразеологические единицы даргинского языка в сопоставлении с английским языком: на материале хайдакского диалекта","2010.0","Kajtak","Dargwa","Dargwic","Dargwic","https://search.rsl.ru/ru/record/01004721172","False","False","False","True"
"Abdulkarimova P.A.","Фразеологические и паремиологические единицы эмотивной семантики с компонентом-зоонимом в аварском и английском языках","2012.0","Avar","Avar","Avar-Andic","Avar-Andic","https://search.rsl.ru/ru/record/01005509799","False","False","False","True"
"Abdulkhalimova R.O.","Развитие и становление аварской терминологии","2002.0","Avar","Avar","Avar-Andic","Avar-Andic","https://search.rsl.ru/ru/record/01002326331","False","False","False","True"
"Abdulkhalimova R.O.","Развитие и становление терминологии аварского литературного языка","2014.0","Avar","Avar","Avar-Andic","Avar-Andic","https://search.rsl.ru/ru/record/01007921689","False","False","False","True"
"Abdullaev E.","Lakku mazral orfografijalul slovar': slovar'danuvu bussar 50-azarunnichan bivssa machru","2005.0","Lak","Lak","Lak","Lak","","False","True","False","False"
"Abdullaev I.Kh.","Категория грамматических классов и вопросы исторической морфологии лакского языка","1974.0","Lak","Lak","Lak","Lak","https://search.rsl.ru/ru/record/01007212626","False","False","False","True"
"Abdullaev I.Kh.","Морфология лакского языка в историко-сравнительном освещении","1990.0","Lak","Lak","Lak","Lak","https://search.rsl.ru/ru/record/01008042251","False","False","False","True"
"Abdullaev I.Kh.","Лакский язык в историко-сравнительном освещении","2007.0","Lak","Lak","Lak","Lak","https://search.rsl.ru/ru/record/01005426344","True","False","False","True"
"Abdullaev I.Kh.","Лакку мазрал махъа-хьхьичӀунмайсса словарь","2014.0","Lak","Lak","Lak","Lak","https://search.rsl.ru/ru/record/01007590470","False","False","False","True"
"Abdullaev I.Kh.","Лакско-русский словарь","2018.0","Lak","Lak","Lak","Lak","","True","False","False","False"
"Abdullaev I.Kh.","Этимологический словарь и исследования по этимологии и ономастике лакского языка","2024.0","Lak","Lak","Lak","Lak","https://search.rsl.ru/ru/record/01013734529","False","False","False","True"
"Abdullaev S.N.","Русско-даргинский словарь","1950.0","Northern Dargwa","Dargwa","Dargwic","Dargwic","","True","False","False","False"
"Abdullaev S.N.","Грамматика даргинского языка: (фонетика и морфология)","1954.0","Northern Dargwa","Dargwa","Dargwic","Dargwic","https://search.rsl.ru/ru/record/01011813054","True","True","False","True"
"Abdullaev S.N.","Русско-даргинский словарь: словарь содержит около 33 тысяч слов","2023.0","Northern Dargwa","Dargwa","Dargwic","Dargwic","https://search.rsl.ru/ru/record/01012297199","False","False","False","True"
"Abdullaev Z.G.","Категория падежа в даргинском языке","1961.0","Northern Dargwa","Dargwa","Dargwic","Dargwic","https://search.rsl.ru/ru/record/01005931960","False","True","False","True"
"Abdullaev Z.G.","Субъектно-объектные и предикативные категории в дергинском языке: к проблеме предложения","1969.0","Northern Dargwa","Dargwa","Dargwic","Dargwic","https://search.rsl.ru/ru/record/01009712339","False","True","False","True"
"Abdullaev Z.G.","Очерки по синтаксису даргинского языка","1971.0","Northern Dargwa","Dargwa","Dargwic","Dargwic","https://search.rsl.ru/ru/record/01007212618","False","True","False","True"
"Abdullaev Z.G.","Проблемы эргативности даргинского языка: Аспекты типологического исследования","1986.0","Northern Dargwa","Dargwa","Dargwic","Dargwic","https://search.rsl.ru/ru/record/01001315402","False","True","False","True"
"Abdullaev Z.G.","Dargan mezla orfografijala slovar': orfografijala k'kajdurtacil barch","1989.0","Northern Dargwa","Dargwa","Dargwic","Dargwic","","False","True","False","False"
"Abdullaev Z.G.","Даргинский язык","1993.0","Northern Dargwa","Dargwa","Dargwic","Dargwic","https://search.rsl.ru/ru/record/01007976478","False","True","False","True"
"Abdullaev Z.G.","Даргинско-русский словарь: 12 000 слов, терминов и выражений","2017.0","Northern Dargwa","Dargwa","Dargwic","Dargwic","https://search.rsl.ru/ru/record/01009576062","False","False","False","True"
"Abdullaeva F.N.","Репрезентация предложно-послеложных конструкций в религиозном дискурсе английского и рутульского языков","2011.0","Rutul","Rutul","Lezgic","Lezgic","https://search.rsl.ru/ru/record/01004976980","False","False","False","True"
"Abdullaeva G.Sh.","Словоизменительные категории существительного в лакском языке","2009.0","Lak","Lak","Lak","Lak","https://search.rsl.ru/ru/record/01004634396","False","False","False","True"
"Abdullaeva S.Dzh.","Фразеологизмы с качественной характеристикой человека в даргинском и английском языках","2022.0","Northern Dargwa","Dargwa","Dargwic","Dargwic","https://search.rsl.ru/ru/record/01011114272","False","False","False","True"
"Abdullaeva Z.R.","Меусишинский говор даргинского языка","2019.0","Muira","Dargwa","Dargwic","Dargwic","https://search.rsl.ru/ru/record/01008585505","True","False","False","True"
"Abdulmedzhidova R.A.","Сельскохозяйственная и животноводческая лексика в бежтинском языке","2007.0","Bezhta","Bezhta","Tsezic","Tsezic","https://search.rsl.ru/ru/record/01003316706","False","False","False","True"
"Abdulmedzhidova R.A.","Отраслевая лексика бежтинского языка","2014.0","Bezhta","Bezhta","Tsezic","Tsezic","https://search.rsl.ru/ru/record/01008150781","False","False","False","True"
"Abdulmuslimova P.M.","Непространственные значения локативных падежей аварского языка","2011.0","Avar","Avar","Avar-Andic","Avar-Andic","https://search.rsl.ru/ru/record/01005104340","False","False","False","True"
"Abdulmuslimova P.M. and Mallaeva Z.M.","Синтаксическое употребление суперэссива в аварском языке","2010.0","Avar","Avar","Avar-Andic","Avar-Andic","","False","False","True","False"
"Abdulmutalibov N.Sh.","Отглагольные образования в лезгинском языке","1997.0","Lezgian","Lezgian","Lezgic","Lezgic","https://search.rsl.ru/ru/record/01000208144","False","False","False","True"
"Abdulmutalibov N.Sh.","Русско-лезгинский разговорник","2005.0","Lezgian","Lezgian","Lezgic","Lezgic","","True","True","False","False"
"Abdulzhalilov I.G.","Функциональные особенности арабских элементов в современном литературном аварском языке","2024.0","Avar","Avar","Avar-Andic","Avar-Andic","https://search.rsl.ru/ru/record/01013400865","False","False","False","True"
"Abdulzhalilova Kh.I.","Аварская топонимия: структурно-семантический аспект","2006.0","Avar","Avar","Avar-Andic","Avar-Andic","https://search.rsl.ru/ru/record/01003011350","False","False","False","True"
"Abdulzhamalov N.A.","Фийский диалект лезгинского языка","1966.0","Lezgian","Lezgian","Lezgic","Lezgic","https://search.rsl.ru/ru/record/01010464039","False","False","False","True"
"Abdurakhmanova A.M.","Фонетические и морфологические особенности курушского говора лезгинского языка","2014.0","Lezgian","Lezgian","Lezgic","Lezgic","https://search.rsl.ru/ru/record/01007533170","True","False","False","True"
"Abdusalamov A.A.","Категория грамматических классов в даргинском языке (по данным диалектов)","1966.0","Northern Dargwa, Tsudaqar, Usisha-Butri, Hapshima, Muira, Mehweb, Southwestern Dargwa, Sanzhi-Itsari, Kubachi, Kajtak","Dargwa","Dargwic","Dargwic","https://search.rsl.ru/ru/record/01010464724","False","False","False","True"
"Abdusalamova A.Z.","Сравнительные конструкции в русских и аварских фольклорных текстах","2016.0","Avar","Avar","Avar-Andic","Avar-Andic","https://search.rsl.ru/ru/record/01008774780","False","False","False","True"
"Abdusalamova M.M.","Модальность предположения в аварском языке в сопоставлении с германскими языками","2006.0","Avar","Avar","Avar-Andic","Avar-Andic","https://search.rsl.ru/ru/record/01002882173","False","False","False","True"
"Abshilov A.","Согратлинский говор","2008.0","Avar","Avar","Avar-Andic","Avar-Andic","","False","True","False","False"
"Abubakarova B.M.","Способы передачи аспектуального значения итеративности: На материале современного английского и чеченского языков","1986.0","Chechen","Chechen","Nakh","Nakh","https://search.rsl.ru/ru/record/01008555082","False","False","False","True"
"Abubakarova B.M.","Функционально-семантическое поле итеративности в современном английском и чеченском языках","2013.0","Chechen","Chechen","Nakh","Nakh","https://search.rsl.ru/ru/record/01006607854","False","False","False","True"
"Abueva M.S.-S.","Концептуальная метафора в чеченском языке","2011.0","Chechen","Chechen","Nakh","Nakh","https://search.rsl.ru/ru/record/01004929340","False","False","False","True"
"Abueva M.S.-S.","Когнитивное исследование метафоры в чеченском языке","2013.0","Chechen","Chechen","Nakh","Nakh","https://search.rsl.ru/ru/record/01007846111","False","False","False","True"
"Abueva M.S.-S.","Метафора в политическом тексте","2018.0","Chechen","Chechen","Nakh","Nakh","https://search.rsl.ru/ru/record/01010695431","False","False","False","True"
"Abueva M.S.-S. and Khakieva Z.U. and Tasueva S.I.","Метафора. Метафорическое моделирование в различных пластах лексики (на материале английского, русского и чеченского языков): учебное пособие","2017.0","Chechen","Chechen","Nakh","Nakh","https://search.rsl.ru/ru/record/01009623310","False","False","False","True"
"Abukarov Sh.G.","Тюркские заимствования в лезгинском языке","1997.0","Lezgian","Lezgian","Lezgic","Lezgic","https://search.rsl.ru/ru/record/01000169554","False","False","False","True"
"Abukarova D.Sh.","Синонимия азербайджанского, лезгинского и английского языков","2006.0","Lezgian","Lezgian","Lezgic","Lezgic","https://search.rsl.ru/ru/record/01002934975","False","False","False","True"
"Abulaysova N.A.","Животноводческая лексика ахвахского языка","2011.0","Northern Akhvakh, Southern Akhvakh","Akhvakh","Avar-Andic","Avar-Andic","https://search.rsl.ru/ru/record/01004953405","False","False","False","True"
"Abusov M.G. and Saidova P.A.","Ботлихско-русский словарь","2012.0","Botlikh","Botlikh","Avar-Andic","Avar-Andic","","True","False","False","False"
"Adilov A.G.","Морфолого-синтаксическая характеристика падежей табасаранского языка","1999.0","Tabasaran","Tabasaran","Lezgic","Lezgic","https://search.rsl.ru/ru/record/01000218526","False","False","False","True"
"Adilov A.G.","История родного (табасаранского) языка: учебно-методическое пособие","2024.0","Tabasaran","Tabasaran","Lezgic","Lezgic","https://search.rsl.ru/ru/record/01013131673","False","False","False","True"
"Adukhova E.Z.","Структурные типы простого предложения в аварском языке: в сопоставлении с немецким и английским языками","2011.0","Avar","Avar","Avar-Andic","Avar-Andic","https://search.rsl.ru/ru/record/01004961366","False","False","False","True"
"Adzhieva I.U.","Соматические фразеологические единицы чеченского и русского языков в сопоставительном аспекте","2013.0","Chechen","Chechen","Nakh","Nakh","https://search.rsl.ru/ru/record/01006729176","False","False","False","True"
"Adzieva Z.Kh.","Субстантивные словосочетания даргинского языка","2006.0","Northern Dargwa","Dargwa","Dargwic","Dargwic","https://search.rsl.ru/ru/record/01002934976","False","False","False","True"
"Afraimova P.R.","Способы выражения пространственно-временных отношений в рутульском и английском языках","2015.0","Rutul","Rutul","Lezgic","Lezgic","https://search.rsl.ru/ru/record/01008063646","False","False","False","True"
"Agabekov Zh.A.","Животноводческая лексика ахвахского языка: генетическая и предметно-тематическая классификация","2013.0","Northern Akhvakh, Southern Akhvakh","Akhvakh","Avar-Andic","Avar-Andic","https://search.rsl.ru/ru/record/01006696089","False","False","False","True"
"Agaeva U.D.","Фонетические и морфологические особенности северного диалекта табасаранского языка","2009.0","Tabasaran","Tabasaran","Lezgic","Lezgic","https://search.rsl.ru/ru/record/01004354268","False","False","False","True"
"Agamova A.A.","Глагольные словосочетания, выражающие временные отношения в современном русском и лакском языках","2012.0","Lak","Lak","Lak","Lak","https://search.rsl.ru/ru/record/01005497524","False","False","False","True"
"Agarzaeva B.A.","Сравнительная типология видовых оппозиций русского, лезгинского и английского языков","2011.0","Lezgian","Lezgian","Lezgic","Lezgic","https://search.rsl.ru/ru/record/01005031753","False","False","False","True"
"Agarzaeva B.A.","Лингвокультурологические особенности концептосфер ""Голова"", ""Сердце"", ""Душа"" в лезгинском, английском и русском языках: на материале паремий","2018.0","Lezgian","Lezgian","Lezgic","Lezgic","https://search.rsl.ru/ru/record/01009801949","False","False","False","True"
"Ajtberova N.A.","Грамматические категории имени прилагательного аварского языка в сопоставлении с русским","2007.0","Avar","Avar","Avar-Andic","Avar-Andic","https://search.rsl.ru/ru/record/01003318118","False","False","False","True"
"Ajtemirova A.Kh.","Функционально-семантическая характеристика послелогов аварского языка и предлогов немецкого языка","2007.0","Avar","Avar","Avar-Andic","Avar-Andic","https://search.rsl.ru/ru/record/01003321182","True","False","False","True"
"Ajvazova E.B.","Фонетико-морфологические и лексико-семантические особенности звукоизобразительных слов в лезгинском, азербайджанском и английском языках","2011.0","Lezgian","Lezgian","Lezgic","Lezgic","https://search.rsl.ru/ru/record/01005400246","False","False","False","True"
"Akhmedov G.I.","Коммуникативные типы высказываний в языках различного строя: Лезгинские и русский языки","1999.0","Lezgian","Lezgian","Lezgic","Lezgic","https://search.rsl.ru/ru/record/01000259840","False","False","False","True"
"Akhmedov G.I.","Коммуникативные типы высказывания в лезгинском языке (в сопоставлении с русским)","1999.0","Lezgian","Lezgian","Lezgic","Lezgic","https://search.rsl.ru/ru/record/01000668083","False","False","False","True"
"Akhmedov S.Kh.","Словарь языка повести Курди Закуева ""Обманутая любовь""","2013.0","Lak","Lak","Lak","Lak","https://search.rsl.ru/ru/record/01006690150","False","False","False","True"
"Akhmedova P.N.","Фонетические и морфологические особенности гебинского говора даргинского языка","2016.0","Northern Dargwa","Dargwa","Dargwic","Dargwic","https://search.rsl.ru/ru/record/01008540206","False","False","False","True"
"Akhmedova Z.G.","Губденский говор даргинского языка: фонетические, морфологические и лексические особенности","2007.0","Northern Dargwa","Dargwa","Dargwic","Dargwic","https://search.rsl.ru/ru/record/01003401379","False","False","False","True"
"Akhmedova Z.N.","Функционально-семантическая характеристика слов категории Nomina agentis в английском и лезгинском языках","2015.0","Lezgian","Lezgian","Lezgic","Lezgic","https://search.rsl.ru/ru/record/01008011354","False","False","False","True"
"Akhmedova Z.N.","Nomina Agentis в английском и лезгинском языках","2018.0","Lezgian","Lezgian","Lezgic","Lezgic","https://search.rsl.ru/ru/record/01009888942","False","False","False","True"
"Akhmedova Zh.M.","Грамматическая структура фразеологических единиц южного диалекта ахвахского языка","2003.0","Southern Akhvakh","Akhvakh","Avar-Andic","Avar-Andic","https://search.rsl.ru/ru/record/01002567582","False","False","False","True"
"Akhmedova Zh.M.","Фразеология ахвахского языка: На материале ратлубского, цегобского и тлянубского говоров","2004.0","Southern Akhvakh","Akhvakh","Avar-Andic","Avar-Andic","https://search.rsl.ru/ru/record/01002738572","False","False","False","True"
"Akiev A.Sh.","Историко-сравнительная фонетика даргинского и лакского языков: Система консонантизма","1977.0","Northern Dargwa, Lak","Dargwa, Lak","Dargwic, Lak","Dargwic, Lak","https://search.rsl.ru/ru/record/01007469212","False","False","False","True"
"Akiev A.Sh.","Историко-сравнительная фонетика лакского и даргинского языков","1987.0","Northern Dargwa, Lak","Dargwa, Lak","Dargwic, Lak","Dargwic, Lak","https://search.rsl.ru/ru/record/01008511069","False","False","False","True"
"Akueva A.A.","Причастие в лакском языке","2006.0","Lak","Lak","Lak","Lak","https://search.rsl.ru/ru/record/01003011301","False","False","False","True"
"Aldieva M.Sh.","Соматическая лексика чеченского языка в сопоставлении с английской","2009.0","Chechen","Chechen","Nakh","Nakh","https://search.rsl.ru/ru/record/01004633080","False","False","False","True"
"Aldieva Z.A.","Антропонимическая лексика чеченского языка","2013.0","Chechen","Chechen","Nakh","Nakh","https://search.rsl.ru/ru/record/01006721448","False","False","False","True"
"Alekseev M.E.","К вопросу о классификации лезгинских языков","1984.0","Lezgian, Tabasaran, Aghul, Rutul, Tsakhur, Archi, Kryz, Budukh, Udi, Khinalug","Aghul, Archi, Budukh, Khinalug, Kryz, Lezgian, Rutul, Tabasaran, Tsakhur, Udi","Khinalug, Lezgic","Khinalug, Lezgic","","False","False","True","False"
"Alekseev M.E.","Вопросы сравнительно-исторической грамматики лезгинских языков: морфология, синтаксис","1985.0","Lezgian, Tabasaran, Aghul, Rutul, Tsakhur, Archi, Kryz, Budukh, Udi, Khinalug","Aghul, Archi, Budukh, Khinalug, Kryz, Lezgian, Rutul, Tabasaran, Tsakhur, Udi","Khinalug, Lezgic","Khinalug, Lezgic","","True","False","True","False"
"Alekseev M.E.","Структура простого предложения в лезгинских языках","1985.0","Lezgian, Tabasaran, Aghul, Rutul, Tsakhur, Archi, Kryz, Budukh, Udi, Khinalug","Aghul, Archi, Budukh, Khinalug, Kryz, Lezgian, Rutul, Tabasaran, Tsakhur, Udi","Khinalug, Lezgic","Khinalug, Lezgic","","False","False","True","False"
"Alekseev M.E.","Сравнительно-историческая грамматика лезгинских языков","1987.0","Lezgian, Tabasaran, Aghul, Rutul, Tsakhur, Archi, Kryz, Budukh, Udi","Aghul, Archi, Budukh, Kryz, Lezgian, Rutul, Tabasaran, Tsakhur, Udi","Lezgic","Lezgic","https://search.rsl.ru/ru/record/01008512517","False","False","False","True"
"Alekseev M.E.","Срaвнитeльнo-истoричeская морфология аваро-андийских языков","1988.0","Avar","Avar","Avar-Andic","Avar-Andic","https://search.rsl.ru/ru/record/01001448303","False","True","False","True"
"Alekseev M.E.","Budukh","1994.0","Budukh","Budukh","Lezgic","Lezgic","","True","True","True","False"
"Alekseev M.E.","Rutul","1994.0","Rutul","Rutul","Lezgic","Lezgic","","True","True","True","False"
"Alekseev M.E.","Будухский язык","1994.0","Budukh","Budukh","Lezgic","Lezgic","","True","False","False","False"
"Alekseev M.E.","Рутульский язык","1994.0","Rutul","Rutul","Lezgic","Lezgic","","True","False","False","False"
"Alekseev M.E.","Андийский язык","1998.0","Upper Andi","Andi","Avar-Andic","Avar-Andic","","True","False","False","False"
"Alekseev M.E.","Botlikh","2016.0","Botlikh","Botlikh","Avar-Andic","Avar-Andic","","True","False","False","False"
"Alekseev M.E. and Ataev B.M.","Аварский язык","1998.0","Avar","Avar","Avar-Andic","Avar-Andic","https://search.rsl.ru/ru/record/01000562999","True","True","True","True"
"Alekseev M.E. and Ataev B.M. and Madieva G.I. and Magomedov M.A. and Magomedov M.I. and Saidova P.A. and Samedov Dzh.S.","Современный аварский язык","2012.0","Avar","Avar","Avar-Andic","Avar-Andic","","True","True","True","False"
"Alekseev M.E. and Azaev Kh.G.","Ботлихско-русский словарь","2019.0","Botlikh","Botlikh","Avar-Andic","Avar-Andic","https://search.rsl.ru/ru/record/01010880616","True","False","False","True"
"Alekseev M.E. and Klimov G.A.","Типология кавказских языков","1980.0","Lak","Lak","Lak","Lak","https://search.rsl.ru/ru/record/01004419397","False","True","True","True"
"Alekseev M.E. and Radzhabov R.N.","Цезский язык","2004.0","Tsez","Tsez","Tsezic","Tsezic","","False","True","True","False"
"Alekseev M.E. and Shejkhov E.M.","Лезгинский язык","1997.0","Lezgian","Lezgian","Lezgic","Lezgic","https://search.rsl.ru/ru/record/01008034801","False","True","True","True"
"Alekseev M.E. and Shikhalieva S.Kh.","Табасаранский язык","2003.0","Tabasaran","Tabasaran","Lezgic","Lezgic","https://search.rsl.ru/ru/record/01002356945","True","True","True","True"
"Alekseev M.E. and Verhees S.","Botlikh (draft)","2021.0","Botlikh","Botlikh","Avar-Andic","Avar-Andic","","True","False","False","False"
"Alekseeva A.P. and Beklemishev N. and Daniel M.A. and Dobrushina N.R. and Filatov K. and Ivanova A.D. and Maisak T.A. and Melenchenko M. and Moroz G.A. and Netkachev I. and Sadakov I.","Atlas of Rutul dialects","2023.0","Rutul","Rutul","Lezgic","Lezgic","","True","False","False","False"
"Alekseeva A.P. and Ivanova A.D. and Maisak T.A.","ОПЫТ КОМПЛЕКСНОГО ДИАЛЕКТОЛОГИЧЕСКОГО ИССЛЕДОВАНИЯ В ГОРНОМ ДАГЕСТАНЕ: РУТУЛЬСКИЙ ЯЗЫК СКВОЗЬ ПРИЗМУ ДИАЛЕКТНОГО ВАРЬИРОВАНИЯ","2023.0","Rutul","Rutul","Lezgic","Lezgic","","False","False","True","False"
"Alekseeva A.P. and Maisak T.A.","ПРОЕКТ ЭЛЕКТРОННОГО СЛОВАРЯ КИНИНСКОГО ГОВОРА РУТУЛЬСКОГО ЯЗЫКА","2024.0","Rutul","Rutul","Lezgic","Lezgic","","False","True","False","False"
"Aleksidze Z.","Discovery and Decipherment of Caucasian Albanian Writing","2007.0","Udi","Udi","Lezgic","Lezgic","","False","True","False","False"
"Alibegova K.I.","Лексико-семантические и морфологические особенности имени существительного в аварском и русском языках","2016.0","Avar","Avar","Avar-Andic","Avar-Andic","https://search.rsl.ru/ru/record/01008774429","False","False","False","True"
"Alibekova P.M.","Аварская лексика в лексикографических трудах Дибир-кади из Хунзаха","2017.0","Avar","Avar","Avar-Andic","Avar-Andic","https://search.rsl.ru/ru/record/01009629379","False","False","False","True"
"Alibulatova M.M.","Категория залога в разносистемных языках","2009.0","Avar","Avar","Avar-Andic","Avar-Andic","https://search.rsl.ru/ru/record/01004343809","False","False","False","True"
"Alidarova R.I.","Взаимодействие категорий темпоральности, аспекта, акциональности при преобразовании глагольных форм лезгинского и английского языков","2009.0","Lezgian","Lezgian","Lezgic","Lezgic","https://search.rsl.ru/ru/record/01004315063","False","False","False","True"
"Alidzhanov T.M.","Сельскохозяйственная (земледельческая) лексика лезгинского литературного языка","2003.0","Lezgian","Lezgian","Lezgic","Lezgic","https://search.rsl.ru/ru/record/01002621520","False","False","False","True"
"Alieva A.A.","Сопоставительный анализ коммуникативной структуры повествовательного предложения в даргинском и английском языках","2011.0","Northern Dargwa","Dargwa","Dargwic","Dargwic","https://search.rsl.ru/ru/record/01005031587","False","False","False","True"
"Alieva B.M.","Гендерно-обусловленные структурные аспекты стратегии речевого поведения в лакском и английском языках","2009.0","Lak","Lak","Lak","Lak","https://search.rsl.ru/ru/record/01004253337","False","False","False","True"
"Alieva Dzh.M.-S. Mallaeva Z.M.","Форманты, конституирующие настоящее общее время в аварском языке","2018.0","Avar","Avar","Avar-Andic","Avar-Andic","","False","False","True","False"
"Alieva E.N.","Функционально-семантическая категория модальности и ее реализация в разноструктурных языках: на материале русского, английского и лезгинского языков: [диссертация]","2010.0","Lezgian","Lezgian","Lezgic","Lezgic","https://search.rsl.ru/ru/record/01004930305","False","False","False","True"
"Alieva L.A.","Категория числа в лезгинских языках: На материале лезгинского, табасаранского, агульского, рутульского и цахурского языков","2002.0","Lezgian, Aghul, Tabasaran, Rutul, Tsakhur","Aghul, Lezgian, Rutul, Tabasaran, Tsakhur","Lezgic","Lezgic","https://search.rsl.ru/ru/record/01002326419","False","False","False","True"
"Alieva Sh.Z.","Лексические и синтаксические особенности пословиц и поговорок аварского языка","2016.0","Avar","Avar","Avar-Andic","Avar-Andic","https://search.rsl.ru/ru/record/01008577564","False","False","False","True"
"Alieva T.M.","Полисемантизм соматической лексики в разносистемных языках: на материале единиц ""рот"" и ""глаз"" лезгинского, азербайджанского и английского языков","2010.0","Lezgian","Lezgian","Lezgic","Lezgic","https://search.rsl.ru/ru/record/01004706619","False","False","False","True"
"Alieva Z.M.","Словообразование в чамалинском языке","2003.0","Chamalal","Chamalal","Avar-Andic","Avar-Andic","https://search.rsl.ru/ru/record/01002920974","False","False","False","True"
"Alieva Z.M.","Фразеологический и паремиологический словарь чамалинского языка","2023.0","Chamalal","Chamalal","Avar-Andic","Avar-Andic","https://search.rsl.ru/ru/record/01013180409","False","False","False","True"
"Aligadzhieva A.R.","Лексико-грамматическая организация и синтаксические функции причастий аварского и немецкого языков","2008.0","Avar","Avar","Avar-Andic","Avar-Andic","https://search.rsl.ru/ru/record/01003541836","False","False","False","True"
"Aligadzhieva A.R.","Функциональные особенности инфинитных форм глагола в германских и кавказских языках","2019.0","Avar","Avar","Avar-Andic","Avar-Andic","https://search.rsl.ru/ru/record/01010343780","False","False","False","True"
"Aligadzhieva A.R. and Magomedova N.A. and Mallaeva Z.M.","Интеркультурные универсалии и идиоэтнические особенности структурирования ПРОСТРАНСТВА (на материале глаголов движения немецкого и аварского языков)","2017.0","Avar","Avar","Avar-Andic","Avar-Andic","","False","False","True","False"
"Aligadzhieva A.R. and Mallaeva Z.M.","Аспектуально-темпоральная характеристика деепричастия аварского языка","2007.0","Avar","Avar","Avar-Andic","Avar-Andic","","False","False","True","False"
"Aligusejnova F.Sh.","Типология отрицания в лезгинском и английском языках","2007.0","Lezgian","Lezgian","Lezgic","Lezgic","https://search.rsl.ru/ru/record/01003313505","False","False","False","True"
"Alikhanov S.Z.","Словообразование в аварском языке","1994.0","Avar","Avar","Avar-Andic","Avar-Andic","https://search.rsl.ru/ru/record/01000172875","False","False","False","True"
"Alipulatov M.A.","Имя числительное в языках лезгинской группы","1965.0","Lezgian, Tabasaran, Aghul","Aghul, Lezgian, Tabasaran","Lezgic","Lezgic","https://search.rsl.ru/ru/record/01010471373","False","False","False","True"
"Alipulatova N.S.","Видо-временная система лезгинского языка в сопоставлении с английской","1997.0","Lezgian","Lezgian","Lezgic","Lezgic","https://search.rsl.ru/ru/record/01000158189","False","False","False","True"
"Aliroev I.Yu.","Кистинский диалект чеченского языка","1962.0","Ingush","Ingush","Nakh","Nakh","https://search.rsl.ru/ru/record/01010822121","False","True","False","True"
"Aliroev I.Yu.","Сравнительно-сопоставительная лексика нахских языков","1970.0","Avar, Upper Andi, Lower Andi, Bezhta, Northern Dargwa, Lezgian","Andi, Avar, Bezhta, Dargwa, Lezgian","Avar-Andic, Dargwic, Lezgic, Tsezic","Avar-Andic, Dargwic, Lezgic, Tsezic","https://search.rsl.ru/ru/record/01009928812","False","False","False","True"
"Aliroev I.Yu.","Фауна Чечено-Ингушетии в вайнахских языках","1970.0","Chechen, Ingush","Chechen, Ingush","Nakh","Nakh","https://search.rsl.ru/ru/record/01007224751","False","False","False","True"
"Aliroev I.Yu.","Сравнительно-сопоставительный словарь отраслевой лексики чеченского и ингушского языков и диалектов","1975.0","Chechen","Chechen","Nakh","Nakh","","False","True","False","False"
"Aliroev I.Yu.","Нахские языки и культура","1978.0","Chechen, Ingush, Tsova-Tush","Chechen, Ingush, Tsova-Tush","Nakh","Nakh","https://search.rsl.ru/ru/record/01003349885","False","False","False","True"
"Aliroev I.Yu.","Чеченский язык","2001.0","Chechen","Chechen","Nakh","Nakh","https://search.rsl.ru/ru/record/01000727609","True","True","False","True"
"Aliroev I.Yu.","Чеченско-русский словарь","2005.0","Chechen","Chechen","Nakh","Nakh","","True","True","False","False"
"Alisultanov A.S.","Проблемы базисной лексики русского, английского и рутульского языков: на материале глаголов","1986.0","Rutul","Rutul","Lezgic","Lezgic","https://search.rsl.ru/ru/record/01008638667","False","False","False","True"
"Alisultanov A.S.","Редупликация как грамматическое средство в лезгинских языках","2011.0","Archi, Aghul, Lezgian, Tabasaran, Udi, Budukh, Kryz, Rutul, Tsakhur","Aghul, Archi, Budukh, Kryz, Lezgian, Rutul, Tabasaran, Tsakhur, Udi","Lezgic","Lezgic","https://search.rsl.ru/ru/record/01005444883","False","False","False","True"
"Alisultanov A.S.","Редупликация в лезгинских языках","2012.0","Archi, Aghul, Lezgian, Tabasaran, Udi, Budukh, Kryz, Rutul, Tsakhur","Aghul, Archi, Budukh, Kryz, Lezgian, Rutul, Tabasaran, Tsakhur, Udi","Lezgic","Lezgic","https://search.rsl.ru/ru/record/01005088818","False","False","False","True"
"Alisultanov A.S.","Редупликация в лексической системе лезгинских языков","2012.0","Archi, Aghul, Lezgian, Tabasaran, Udi, Budukh, Kryz, Rutul, Tsakhur","Aghul, Archi, Budukh, Kryz, Lezgian, Rutul, Tabasaran, Tsakhur, Udi","Lezgic","Lezgic","https://search.rsl.ru/ru/record/01006691462","False","False","False","True"
"Alisultanov A.S. and Islamov R.A.","Хновский говор рутульского языка","2022.0","Rutul","Rutul","Lezgic","Lezgic","https://search.rsl.ru/ru/record/01011072693","False","True","False","True"
"Alisultanov A.S. and Sulejmanova T.A.","Рутульско-русский словарь","2019.0","Rutul","Rutul","Lezgic","Lezgic","https://search.rsl.ru/ru/record/01010275874","True","True","False","True"
"Alisultanova M.A.","Лексика андийского языка","2010.0","Upper Andi, Lower Andi","Andi","Avar-Andic","Avar-Andic","https://search.rsl.ru/ru/record/01004645566","True","False","False","True"
"Alisultanova M.A. and Magomedova P.A.","Дунялла бахуннирсси халгъгъиллIол гъгъванаб мицIцIиллассол мухал (Сказки народов мира на андийском языке)","2010.0","Upper Andi","Andi","Avar-Andic","Avar-Andic","","True","False","False","False"
"Aliverdieva S.A.","Фонетические и морфологические особенности гогазского говора лезгинского языка","2006.0","Lezgian","Lezgian","Lezgic","Lezgic","https://search.rsl.ru/ru/record/01003011124","True","False","False","True"
"Alkhasova D.N.","Структурно-семантическая характеристика эмоциональных концептов в лезгинском и английском языках","2010.0","Lezgian","Lezgian","Lezgic","Lezgic","https://search.rsl.ru/ru/record/01004704504","False","False","False","True"
"Alkhastova T.S.","Вокализм и консонантизм чеченского, английского и французского языков: сопоставительный аспект","2012.0","Chechen","Chechen","Nakh","Nakh","https://search.rsl.ru/ru/record/01006699898","False","False","False","True"
"Alkhastova T.S.","Сопоставительно-типологическое исследование чеченского, английского и французского языков на фонологическом уровне","2012.0","Chechen","Chechen","Nakh","Nakh","https://search.rsl.ru/ru/record/01005409035","False","False","False","True"
"Allassonnière-Tang M. and Bellamy K. and Rochant N. and Schreur J.W.","Predicting grammatical gender in Nakh languages: Three methods compared","2022.0","Tsova-Tush, Chechen","Chechen, Tsova-Tush","Nakh","Nakh","","False","False","True","False"
"Almurzaeva P.Kh.","Заимствованная лексика чеченского языка","2012.0","Chechen","Chechen","Nakh","Nakh","https://search.rsl.ru/ru/record/01005461488","False","False","False","True"
"Almurzaeva P.Kh.","Лексика восточного происхождения в чеченском языке","2014.0","Chechen","Chechen","Nakh","Nakh","https://search.rsl.ru/ru/record/01007484016","False","False","False","True"
"Amirova P.A.","Дейктические системы и средства их выражения в дагестанских и германских языках","2006.0","Avar, Upper Andi, Lower Andi, Northern Akhvakh, Southern Akhvakh, Bagvalal, Tindi, Botlikh, Godoberi, Chamalal, Karata","Akhvakh, Andi, Avar, Bagvalal, Botlikh, Chamalal, Godoberi, Karata, Tindi","Avar-Andic","Avar-Andic","https://search.rsl.ru/ru/record/01003305400","False","False","False","True"
"Amirova P.A. and Mallaeva Z.M.","Дейктическая функция указательных частиц в аварском и каратинском языках","2006.0","Avar, Karata","Avar, Karata","Avar-Andic","Avar-Andic","","False","False","True","False"
"Amirova P.A. and Mallaeva Z.M.","Дейктическая система наречий в аварском языке","2007.0","Avar","Avar","Avar-Andic","Avar-Andic","","False","False","True","False"
"Anderson G.D.S.","Lak Phonology","1997.0","Lak","Lak","Lak","Lak","","False","True","False","False"
"Anker Felix and Forker D.","Bridging constructions in Tsezic languages","2019.0","Bezhta, Hunzib, Khwarshi, Hinuq, Tsez","Bezhta, Hinuq, Hunzib, Khwarshi, Tsez","Tsezic","Tsezic","","False","False","True","False"
"Ardoteli N.A.","Historical-comparative analysis of phonological system of the Avar-Andi-Dido languages","2002.0","Avar, Upper Andi, Tsez","Andi, Avar, Tsez","Avar-Andic, Tsezic","Avar-Andic, Tsezic","","False","True","False","False"
"Ardoteli N.A.","Historical-comparative phonetics of Avar-Andi-Dido Languages","2009.0","Avar, Upper Andi, Tsez","Andi, Avar, Tsez","Avar-Andic, Tsezic","Avar-Andic, Tsezic","","False","True","False","False"
"Ardoteli N.A.","Bežit'uri ena (gramat'ik'uli analizi, t'ekst'ebi, leksik'oni)","2010.0","Bezhta","Bezhta","Tsezic","Tsezic","","False","True","False","False"
"Ardoteli N.A.","Bežit'uri-kartuli leksik'oni","2017.0","Bezhta","Bezhta","Tsezic","Tsezic","","False","True","False","False"
"Arkadiev P.M. and Maisak T.A.","Grammaticalization in the North Caucasian languages","2018.0","Archi, Aghul, Lezgian, Tabasaran, Udi, Kryz, Rutul, Tsakhur, Budukh","Aghul, Archi, Budukh, Kryz, Lezgian, Rutul, Tabasaran, Tsakhur, Udi","Lezgic","Lezgic","","False","False","True","False"
"Arkhipov A. and Daniel M.A. and Belyaev O. and Moroz G. and Esling J.H.","A reinterpretation of lower-vocal-tract articulations in Caucasian languages","2019.0","Archi, Aghul, Mehweb, Amuzgi-Shiri","Aghul, Archi, Dargwa","Dargwic, Lezgic","Dargwic, Lezgic","","False","False","True","False"
"Arsakhanov I.A.","Аккинский диалект в системе чечено-ингушского языка","1959.0","Chechen, Ingush","Chechen, Ingush","Nakh","Nakh","","False","True","False","False"
"Arsakhanov I.A.","Чеченская диалектология","1969.0","Chechen, Ingush","Chechen, Ingush","Nakh","Nakh","https://search.rsl.ru/ru/record/01010181044","True","True","False","True"
"Arsakhanova M.A.-Kh.","Парадигма времени немецкого и чеченского глагола","2010.0","Chechen","Chechen","Nakh","Nakh","https://search.rsl.ru/ru/record/01004903898","False","False","False","True"
"Arsanukaev A.M.","Нохчийн-оьрсийн, оьрсийн-нохчийн словарь","2016.0","Chechen","Chechen","Nakh","Nakh","https://search.rsl.ru/ru/record/01008816753","False","False","False","True"
"Asadova G.N.","Каракюринский говор самурского наречия лезгинского языка: фонетика, морфология, лексика","2013.0","Lezgian","Lezgian","Lezgic","Lezgic","https://search.rsl.ru/ru/record/01006728974","True","False","False","True"
"Asadulaeva P.G.","Наречие в аварском литературном языке","2007.0","Avar","Avar","Avar-Andic","Avar-Andic","https://search.rsl.ru/ru/record/01003318022","False","False","False","True"
"Asaliev D.A.","Кимильский говор и его место в диалектной системе лезгинского языка","2003.0","Lezgian","Lezgian","Lezgic","Lezgic","https://search.rsl.ru/ru/record/01003297019","True","False","False","True"
"Asalieva S.I.","Сравнительно-сопоставительный анализ темпоральной лексики лезгинского, английского и немецкого языков","2009.0","Lezgian","Lezgian","Lezgic","Lezgic","https://search.rsl.ru/ru/record/01004382765","False","False","False","True"
"Asalieva S.I.","Темпоральная лексика английского, немецкого и лезгинского языков","2011.0","Lezgian","Lezgian","Lezgic","Lezgic","https://search.rsl.ru/ru/record/01005410850","False","False","False","True"
"Aselderova R.O.","Морфологическая структура и семантика словообразовательных моделей сложных существительных и прилагательных в аварском языке в сопоставлении с русским","2000.0","Avar","Avar","Avar-Andic","Avar-Andic","https://search.rsl.ru/ru/record/01000272817","False","False","False","True"
"Ashuralieva R.K.","Структурно-семантическая организация словосочетаний в табасаранском языке","2010.0","Tabasaran","Tabasaran","Lezgic","Lezgic","https://search.rsl.ru/ru/record/01004697516","False","False","False","True"
"Askhabalieva K.Z.","Императив аварского языка в функционально-семантическом освещении","2013.0","Avar","Avar","Avar-Andic","Avar-Andic","https://search.rsl.ru/ru/record/01006611323","False","False","False","True"
"Aslankhanova G.Z.","Сопоставительное исследование союзов и союзных слов в лезгинском и азербайджанском языках","2007.0","Lezgian","Lezgian","Lezgic","Lezgic","https://search.rsl.ru/ru/record/01003320590","False","False","False","True"
"Aslanov A.M.","Взаимоотношения азербайджанского и цахурского языков: на материале закатальско-кахских говоров","1964.0","Tsakhur","Tsakhur","Lezgic","Lezgic","https://search.rsl.ru/ru/record/01010476040","False","False","False","True"
"Aslanova S.M.","Словообразование синонимов в лезгинском и английском языках","2010.0","Lezgian","Lezgian","Lezgic","Lezgic","https://search.rsl.ru/ru/record/01004708471","False","False","False","True"
"Ataev B.M.","Сравнительный анализ местоимений аваро-андо-цезских языков","1985.0","Avar, Upper Andi, Lower Andi, Botlikh, Godoberi, Chamalal, Tindi, Bagvalal, Karata, Northern Akhvakh, Southern Akhvakh, Tsez, Hinuq, Khwarshi, Bezhta, Hunzib, Tukita, Gigatli","Akhvakh, Andi, Avar, Bagvalal, Bezhta, Botlikh, Chamalal, Godoberi, Hinuq, Hunzib, Karata, Khwarshi, Tindi, Tsez","Avar-Andic, Tsezic","Avar-Andic, Tsezic","https://search.rsl.ru/ru/record/01004051683","False","False","False","True"
"Ataev B.M.","Морфология аваро-андо-цезских языков: структурные и материальные общности","1996.0","Tsez, Upper Andi","Andi, Tsez","Avar-Andic, Tsezic","Avar-Andic, Tsezic","https://search.rsl.ru/ru/record/01001736327","False","True","False","True"
"Ataev B.M.","Формирование и развитие аварского литературного языка","1998.0","Avar","Avar","Avar-Andic","Avar-Andic","https://search.rsl.ru/ru/record/01000192259","False","False","False","True"
"Ataev B.M.","Аварский язык с англо-аварским словарем","2014.0","Avar","Avar","Avar-Andic","Avar-Andic","https://search.rsl.ru/ru/record/01007590595","False","False","False","True"
"Ataev B.M.","Цветообозначение в аварском языке","2018.0","Avar","Avar","Avar-Andic","Avar-Andic","https://search.rsl.ru/ru/record/01009887715","False","False","False","True"
"Ataev B.M. and Sirazhudinova K.K.","Имена числительные в некоторых диалектах аварского языка в сравнении с андо-цезскими","2007.0","Avar","Avar","Avar-Andic","Avar-Andic","","True","False","False","False"
"Ausev M.A.","Ghalghaj halkqa asaras, illes, nazamas: Hialhara arahecar","1999.0","Ingush","Ingush","Nakh","Nakh","","False","True","False","False"
"Ausheva E.A.","Именные части речи в ингушском языке","2007.0","Ingush","Ingush","Nakh","Nakh","https://search.rsl.ru/ru/record/01003320787","False","False","False","True"
"Ausheva E.A.","ХІанзара гІалгІай мотт. Морфологи: Морфологи: университета студенташта лаьрхІа дешара пособи","2021.0","Ingush","Ingush","Nakh","Nakh","https://search.rsl.ru/ru/record/01010823179","False","False","False","True"
"Ausheva E.A.","ГIалгIай метта морфологе практикум. 1- ра дакъа: университета студенташта лаьрхIа дешара-методически пособи","2024.0","Ingush","Ingush","Nakh","Nakh","https://search.rsl.ru/ru/record/01013520478","False","False","False","True"
"Authier Gilles","Description du Kryz: Langue caucasique du nord-est parlée en Azerbaıdjan (dialecte d'Alik); Grammaire et textes de littérature orale","2009.0","Kryz","Kryz","Lezgic","Lezgic","","False","True","False","False"
"Authier Gilles","Grammaire kryz","2009.0","Kryz","Kryz","Lezgic","Lezgic","","True","True","False","False"
"Authier Gilles","Azeri morphology in Kryz (East Caucasian)","2010.0","Kryz","Kryz","Lezgic","Lezgic","","True","False","False","False"
"Authier Gilles","Finite and Non-Finite: Prosodic Distinctions on Budugh Verb Stems","2010.0","Budukh","Budukh","Lezgic","Lezgic","","False","True","False","False"
"Authier Gilles","Tindi","2020.0","Tindi","Tindi","Avar-Andic","Avar-Andic","","True","False","False","False"
"Authier Gilles","Clusivity and the history of personal pronouns in East Caucasian","2021.0","Kryz","Kryz","Lezgic","Lezgic","","True","False","False","False"
"Authier Gilles","Rutul (manuscript)","2021.0","Rutul","Rutul","Lezgic","Lezgic","","True","False","False","False"
"Authier Gilles","The Khnov dialect of Southern Rutul","2023.0","Rutul","Rutul","Lezgic","Lezgic","","False","True","False","False"
"Authier Gilles","Ikhrek Rutul (manuscript)","","Rutul","Rutul","Lezgic","Lezgic","","True","False","False","False"
"Authier Gilles and Haciyev A.","Budugh","2016.0","Budukh","Budukh","Lezgic","Lezgic","","True","False","False","False"
"Azadova N.A.","Сопоставительное исследование перформативного глагола: на материале лезгинского, русского и английского языков","2007.0","Lezgian","Lezgian","Lezgic","Lezgic","https://search.rsl.ru/ru/record/01003360453","False","False","False","True"
"Azaev Kh.G.","Словообразование и лексика ботлихского языка","1974.0","Botlikh","Botlikh","Avar-Andic","Avar-Andic","https://search.rsl.ru/ru/record/01009644444","True","False","False","True"
"Azaev Kh.G.","Ботлихский язык","2000.0","Botlikh","Botlikh","Avar-Andic","Avar-Andic","","True","False","False","False"
"Azizov N.M.","Роль глагола в формировании основных звеньев предложения в лезгинском языке","1996.0","Lezgian","Lezgian","Lezgic","Lezgic","https://search.rsl.ru/ru/record/01000152030","False","False","False","True"
"Azizova L.I.","Лексико-семантическая рецепция арабо-персидских заимствований в лезгинском и русском языках: на материале лексических параллелей","2017.0","Lezgian","Lezgian","Lezgic","Lezgic","https://search.rsl.ru/ru/record/01008583194","False","False","False","True"
"Azmajparashvili L.G. and Mallaeva Z.M.","Фономорфологическая структура непроизводных глаголов с основой на гласный аслаут (на материале аварского языка)","2017.0","Avar","Avar","Avar-Andic","Avar-Andic","","False","False","True","False"
"Babaev V.A.","Яргунский говор лезгинского языка","1998.0","Lezgian","Lezgian","Lezgic","Lezgic","https://search.rsl.ru/ru/record/01000195036","False","False","False","True"
"Babaliyeva A.","Présentation du dialecte lezgi de Yargun (Azerbaïdjan): grammaire, textes glosés et traduits","2007.0","Lezgian","Lezgian","Lezgic","Lezgic","","False","True","False","False"
"Babaliyeva A.","Études sur la morphosyntaxe du Tabasaran Littéraire","2013.0","Tabasaran","Tabasaran","Lezgic","Lezgic","","True","True","False","False"
"Babaliyeva A.","Standard Tabasaran: short grammar sketch","2023.0","Tabasaran","Tabasaran","Lezgic","Lezgic","","True","False","False","False"
"Bagamaeva M.S.","Сулевкентский говор даргинского языка","2024.0","Kubachi","Dargwa","Dargwic","Dargwic","https://search.rsl.ru/ru/record/01013758604","False","False","False","True"
"Bagamaeva M.S. and Mulatov R.O. and Vagizieva N.A.","Разряды числительных в кадарском языке","2019.0","Northern Dargwa","Dargwa","Dargwic","Dargwic","","False","False","True","False"
"Bagamaeva M.S. and Mulatov R.O. and Vagizieva N.A.","Средства выражения эвиденциальности в кадарском языке","2019.0","Northern Dargwa","Dargwa","Dargwic","Dargwic","","False","False","True","False"
"Bagamaeva M.S. and Mulatov R.O. and Vagizieva N.A.","ТИПЫ ОБСТОЯТЕЛЬСТВЕННЫХ ПРЕДЛОЖЕНИЙ В КАДАРСКОМ ЯЗЫКЕ","2020.0","Northern Dargwa","Dargwa","Dargwic","Dargwic","","False","False","True","False"
"Bagamaeva Z.Z.","Типология простого предложения даргинского и русского языков","2011.0","Northern Dargwa","Dargwa","Dargwic","Dargwic","https://search.rsl.ru/ru/record/01005499595","False","False","False","True"
"Bagandova I.M.","Структурно-семантический анализ междометий даргинского языка","2013.0","Northern Dargwa","Dargwa","Dargwic","Dargwic","https://search.rsl.ru/ru/record/01006541902","False","False","False","True"
"Bagatyrova M.M.","Категориальная система имени существительного даргинского языка в сопоставлении с русским","2006.0","Northern Dargwa","Dargwa","Dargwic","Dargwic","https://search.rsl.ru/ru/record/01003043225","False","False","False","True"
"Bagomedov M.R.","Структура и семантика топонимических единиц даргинского языка","2001.0","Northern Dargwa","Dargwa","Dargwic","Dargwic","https://search.rsl.ru/ru/record/01000346064","False","False","False","True"
"Bagomedov M.R.","Словарь даргинских личных имен","2006.0","Northern Dargwa","Dargwa","Dargwic","Dargwic","https://search.rsl.ru/ru/record/01003119348","False","False","False","True"
"Bagomedov M.R.","Методика даргинского языка и литературы: библиографический указатель","2013.0","Northern Dargwa","Dargwa","Dargwic","Dargwic","https://search.rsl.ru/ru/record/01007564299","False","False","False","True"
"Bagomedov M.R.","Топонимия Дарга: структурно-семантический аспект","2013.0","Avar, Aghul, Northern Dargwa, Archi, Lak, Lezgian, Mehweb, Muira, Rutul, Southwestern Dargwa, Tabasaran, Kajtag, Tsudaqar, Tsakhur, Chechen, Chirag","Aghul, Archi, Avar, Chechen, Dargwa, Lak, Lezgian, Rutul, Tabasaran, Tsakhur, Unknown","Avar-Andic, Dargwic, Lezgic, Nakh","Avar-Andic, Dargwic, Lak, Lezgic, Nakh, Unknown","https://search.rsl.ru/ru/record/01007564282","False","False","False","True"
"Bagomedov M.R.","Русско-даргинский терминологический словарь","2015.0","Northern Dargwa","Dargwa","Dargwic","Dargwic","https://search.rsl.ru/ru/record/01008265971","False","False","False","True"
"Baisoultanov B.D.","Экспрессивн-стилистическая характеристика фразеологизмов чеченского языка","2006.0","Chechen","Chechen","Nakh","Nakh","","False","True","False","False"
"Bajramova Z.M.","Глагольные словосочетания в табасаранском языке в сопоставлении с русским","2007.0","Tabasaran","Tabasaran","Lezgic","Lezgic","https://search.rsl.ru/ru/record/01003313511","False","False","False","True"
"Bajsultanov D.B.","Структурно-семантическая характеристика фразеологии чеченского языка","2012.0","Chechen","Chechen","Nakh","Nakh","https://search.rsl.ru/ru/record/01006503111","False","False","False","True"
"Bajsultanov D.B.","Чеченско-русский фразеологический словарь: около 12 тыс. фразеологических единиц чеченского языка: в трёх томах","2016.0","Chechen","Chechen","Nakh","Nakh","https://search.rsl.ru/ru/record/01008817429","False","False","False","True"
"Bakhaeva L.M.","Гендерный фактор в чеченском языке","2009.0","Chechen","Chechen","Nakh","Nakh","https://search.rsl.ru/ru/record/01004371091","False","False","False","True"
"Bakhaeva L.M.","Чеченский язык: гендерный аспект","2013.0","Chechen","Chechen","Nakh","Nakh","https://search.rsl.ru/ru/record/01006669051","False","False","False","True"
"Bakhmudova A.Sh.","Видо-временные системы даргинского и английского языков","2011.0","Northern Dargwa","Dargwa","Dargwic","Dargwic","https://search.rsl.ru/ru/record/01004997223","False","False","False","True"
"Barakhoeva N.M.","Структурно-типологическая характеристика форм прошедшего времени ингушского и немецкого языков","1993.0","Ingush","Ingush","Nakh","Nakh","https://search.rsl.ru/ru/record/01002180031","False","False","False","True"
"Barakhoeva N.M.","Сопоставительный анализ форм прошедшего времени ингушского и немецкого языков","2009.0","Ingush","Ingush","Nakh","Nakh","https://search.rsl.ru/ru/record/01004327116","False","False","False","True"
"Barakhoeva N.M.","Грамматические формы и категории глагола как новая лингвистическая парадигма: на материале нахских языков","2011.0","Chechen, Ingush","Chechen, Ingush","Nakh","Nakh","https://search.rsl.ru/ru/record/01005084978","False","False","False","True"
"Barakhoeva N.M.","Грамматические формы и категории глагола: на материале нахских языков","2011.0","Chechen, Ingush","Chechen, Ingush","Nakh","Nakh","https://search.rsl.ru/ru/record/01004945850","False","False","False","True"
"Barakhoeva N.M.","ГІалгІай-эрсий терминий дошлорг","2016.0","Ingush","Ingush","Nakh","Nakh","https://search.rsl.ru/ru/record/01008237888","False","False","False","True"
"Barakhoeva N.M.","Современный ингушский язык. Морфемика. Словообразование","2020.0","Ingush","Ingush","Nakh","Nakh","https://search.rsl.ru/ru/record/01010454614","False","False","False","True"
"Baramidze Ts.R.","Цветообозначающая лексика в табасаранском языке","1990.0","Tabasaran","Tabasaran","Lezgic","Lezgic","https://search.rsl.ru/ru/record/01008157582","False","False","False","True"
"Barannikova T.B.","Стилистические синонимы: принципы и методы исследования","2005.0","Lezgian","Lezgian","Lezgic","Lezgic","https://search.rsl.ru/ru/record/01002886465","False","False","False","True"
"Barannikova T.B.","Стилистическая синонимия в лексике разносистемных языков: лезгинского, русского, английского","2006.0","Lezgian","Lezgian","Lezgic","Lezgic","https://search.rsl.ru/ru/record/01003310055","False","False","False","True"
"Barieva Z.Sh.","Темпоральность художественного текста на материале лакского и английского языков","2015.0","Lak","Lak","Lak","Lak","https://search.rsl.ru/ru/record/01007985846","False","False","False","True"
"Barkinkhoeva Z.M.","Проблемы синтаксиса ингушского языка","1905.0","Ingush","Ingush","Nakh","Nakh","https://search.rsl.ru/ru/record/01004110971","False","False","False","True"
"Barkinkhoeva Z.M.","Конструкции простого предложения в ингушском языке","2006.0","Ingush","Ingush","Nakh","Nakh","https://search.rsl.ru/ru/record/01002935284","False","False","False","True"
"Barlas C. and Savas M.R.","Dagistan avarca kilavuz sözlük","1990.0","Avar","Avar","Avar-Andic","Avar-Andic","","False","True","False","False"
"Barnova N.A.","Дистрибутивный анализ консонантных комплексов: на материале аварского языка","1970.0","Avar","Avar","Avar-Andic","Avar-Andic","https://search.rsl.ru/ru/record/01009966072","False","False","False","True"
"Barylnikova D.","Periphrastic causative constructions in Mehweb","2019.0","Mehweb","Dargwa","Dargwic","Dargwic","","True","False","False","False"
"Bashirova Kh.B.","Чеченская диалектология: учебное пособие для студентов по специальности 033000 - ""Чеченский язык и литература""","2009.0","Chechen","Chechen","Nakh","Nakh","https://search.rsl.ru/ru/record/01004563855","False","False","False","True"
"Bashirova R.S.","Аналитические конструкции глагола аварского литературного языка","2008.0","Avar","Avar","Avar-Andic","Avar-Andic","https://search.rsl.ru/ru/record/01003541474","False","False","False","True"
"Bashirova R.S.","Грамматикализация аналитических конструкций глагола аварского литературного языка","2015.0","Avar","Avar","Avar-Andic","Avar-Andic","https://search.rsl.ru/ru/record/01008142448","False","False","False","True"
"Bashirova R.S. and Otsomieva-Tagirova Z.M.","Цветовые характеристики аварского топонимического пространства","2017.0","Avar","Avar","Avar-Andic","Avar-Andic","","False","False","True","False"
"Bashirova R.S. and Otsomieva-Tagirova Z.M.","ОСОБЕННОСТИ СЕМАНТИКИ НЕКОТОРЫХ АВАРСКИХ ТОПОНИМОВ","2021.0","Avar","Avar","Avar-Andic","Avar-Andic","","False","False","True","False"
"Bashirova Zh.D.","Структурно-семантические типы простого предложения в лакском языке","2011.0","Lak","Lak","Lak","Lak","https://search.rsl.ru/ru/record/01005443981","False","False","False","True"
"Batalov R.Kh.","Производственная лексика чеченцев","2010.0","Chechen","Chechen","Nakh","Nakh","https://search.rsl.ru/ru/record/01004957810","False","False","False","True"
"Batkhiev A.M. and Israilova L.Yu. and Zherebilo T.V.","Структура и микроструктура русско-чеченского ""Словаря окружающей среды""","2016.0","Chechen","Chechen","Nakh","Nakh","","False","False","True","False"
"Batsalova Kh.B.","Фонетические и морфологические особенности ругуджинского говора аварского языка","2013.0","Avar","Avar","Avar-Andic","Avar-Andic","https://search.rsl.ru/ru/record/01006693345","False","False","False","True"
"Batsalova Kh.B.","Фонетические и морфологические особенности ругуджинского говора андалальского диалекта аварского языка","2013.0","Avar","Avar","Avar-Andic","Avar-Andic","","True","False","False","False"
"Bazmanova Z.R.","Служебные слова в лакском языке в сопоставлении с русским","2003.0","Lak","Lak","Lak","Lak","https://search.rsl.ru/ru/record/01002608818","False","False","False","True"
"Bekova A.I. and Dudarov U.B. and Ilieva F.M. and Malsagova L.D. and Tarieva M.U.","Ингушско-русский словарь","2009.0","Ingush","Ingush","Nakh","Nakh","","True","True","False","False"
"Bektemirova P.M.","Деепричастие в бежтинском языке","2017.0","Bezhta","Bezhta","Tsezic","Tsezic","https://search.rsl.ru/ru/record/01008583245","False","False","False","True"
"Belyaev O.I.","Coordination and subordination in Dargi languages (Icari, Qunqi and Ashti)","2010.0","Sanzhi-Itsari, Northern Dargwa, Southwestern Dargwa","Dargwa","Dargwic","Dargwic","","False","False","True","False"
"Belyaev O.I.","Аспектуально-темпоральная система аштынского даргинского","2012.0","Northern Dargwa","Dargwa","Dargwic","Dargwic","","False","False","True","False"
"Belyaev O.I.","Optimal agreement at m-structure: person in Dargwa","2013.0","Northern Dargwa","Dargwa","Dargwic","Dargwic","","False","False","True","False"
"Belyaev O.I.","Ergative gender agreement in Dargwa “backward control” or feature sharing?","2016.0","Northern Dargwa","Dargwa","Dargwic","Dargwic","","False","False","True","False"
"Belyaev O.I.","Perfective past in Dargwa","2016.0","Northern Dargwa","Dargwa","Dargwic","Dargwic","","False","False","True","False"
"Belyaev O.I.","Information structure conditions on the agreement controller in Dargwa","2017.0","Northern Dargwa","Dargwa","Dargwic","Dargwic","","False","False","True","False"
"Belyaev O.I.","Aorist, Resultative and Perfect in Shiri Dargwa and beyond","2018.0","Northern Dargwa, Kubachi, Kajtak, Sanzhi-Itsari, Amuzgi-Shiri, Southwestern Dargwa","Dargwa","Dargwic","Dargwic","","True","False","True","False"
"Belyaev O.I.","A grammar of Shiri (Manuscript)","2019.0","Amuzgi-Shiri","Dargwa","Dargwic","Dargwic","","True","False","False","False"
"Belyaev O.I.","Место ширинского и амузгинского среди диалектов даргинского языка","2019.0","Amuzgi-Shiri, Sanzhi-Itsari, Kubachi","Dargwa","Dargwic","Dargwic","","True","False","False","False"
"Belyaev O.I.","Verbal case'in Ashti Dargwa","2020.0","Northern Dargwa","Dargwa","Dargwic","Dargwic","","False","False","True","False"
"Belyaev O.I. and Forker D. and Khalilova Z.M.","Dislocation in Nakh-Daghestanian languages","2012.0","Kubachi, Southwestern Dargwa, Hinuq","Dargwa, Hinuq","Dargwic, Tsezic","Dargwic, Tsezic","","False","False","True","False"
"Bibulatov N.S.","Типы склонения имен существительных в говорах плоскостного диалекта чеченского языка","1965.0","Chechen","Chechen","Nakh","Nakh","https://search.rsl.ru/ru/record/01010419991","False","False","False","True"
"Bickel B. and Comrie B. and Forker D.","Tense and Aspect in Bezhta","2006.0","Bezhta","Bezhta","Tsezic","Tsezic","","False","False","True","False"
"Bilalova Kh.A.","Когнитивные основы субстантивации прилагательных в английском и лезгинском языках: на материале наименований лиц","2013.0","Lezgian","Lezgian","Lezgic","Lezgic","https://search.rsl.ru/ru/record/01006566340","False","False","False","True"
"Bogomolova N. and Forker D.","Elevation as a category of grammar: Dargwa languages and beyond","2019.0","Southwestern Dargwa","Dargwa","Dargwic","Dargwic","","False","False","True","False"
"Bogomolova N. and Ganenkov D.S. and Schiborr N.N.","Multi-CAST Tabasaran","2021.0","Tabasaran","Tabasaran","Lezgic","Lezgic","","False","False","True","False"
"Boguslavskaya O.Yu.","Структура именной группы: определительные конструкции в дагестанских языках","1989.0","Aghul, Northern Akhvakh, Bezhta, Chamalal, Lak","Aghul, Akhvakh, Bezhta, Chamalal, Lak","Avar-Andic, Lak, Lezgic, Tsezic","Avar-Andic, Lak, Lezgic, Tsezic","https://search.rsl.ru/ru/record/01000107057","False","True","False","True"
"Bokaryov A.A.","Очерк грамматики чамалинского языка","1949.0","Chamalal, Gigatli","Chamalal","Avar-Andic","Avar-Andic","","True","True","False","False"
"Bokaryov A.A.","Синтаксис аварского языка","1949.0","Avar","Avar","Avar-Andic","Avar-Andic","","True","True","False","False"
"Bokaryov E.A.","Цезские (дидойские) языки Дагестана","1959.0","Bezhta, Tsez, Hinuq, Khwarshi","Bezhta, Hinuq, Khwarshi, Tsez","Tsezic","Tsezic","","True","True","False","False"
"Bokaryov E.A.","Цезский язык","1959.0","Tsez","Tsez","Tsezic","Tsezic","","True","False","False","False"
"Bokaryov E.A.","Бежтинский язык","1967.0","Bezhta","Bezhta","Tsezic","Tsezic","","False","True","False","False"
"Bonch-Osmolovskaja A. and Lyutikova E.A.","Актантные предложения","1999.0","Tsakhur","Tsakhur","Lezgic","Lezgic","","False","True","False","False"
"Bond O.","Attributives in Archi: A mixed category with multiple bases","2014.0","Archi","Archi","Lezgic","Lezgic","","False","False","True","False"
"Bond O. and Brown D. and Chumakina M.E. and Corbett G.G.","Archi: Complexities of agreement in cross-theoretical perspective","2016.0","Archi","Archi","Lezgic","Lezgic","","False","False","True","False"
"Bond O. and Corbett G.G. and Marina Chumakina","Essentials of Archi grammar","2016.0","Archi","Archi","Lezgic","Lezgic","","False","True","True","False"
"Bouda K.","Die darginische Schriftsprache","1937.0","Northern Dargwa","Dargwa","Dargwic","Dargwic","","False","True","False","False"
"Bouda K.","Das Tabassaranische: grammatische und syntaktische Untersuchungen einer südostkaukasischen Sprache","1939.0","Tabasaran","Tabasaran","Lezgic","Lezgic","","False","True","False","False"
"Bouda K.","Lakkische Studien","1949.0","Lak","Lak","Lak","Lak","","False","True","False","False"
"Brown D. and Chumakina M.E. and Corbett G.G.","Archi language tutorial","2008.0","Archi","Archi","Lezgic","Lezgic","","False","True","True","False"
"Brown D. and Chumakina M.E. and Corbett G.G. and Quilliam H.","Archi: A dictionary of the language of the Archi People, Daghestan, Caucasus, with sounds and pictures","2008.0","Archi","Archi","Lezgic","Lezgic","","True","True","True","False"
"Brown D. and Sells P.","Archi as a basis for comparing different frameworks","2016.0","Archi","Archi","Lezgic","Lezgic","","False","False","True","False"
"Bugenhagen R.D. and Komen E.R.","Post-verbal pronominal subjects in Chechen and Ingush","2017.0","Chechen, Ingush","Chechen, Ingush","Nakh","Nakh","","False","False","True","False"
"Bugenhagen R.D. and Komen E.R.","Interference from mediating languages in translation: The case of the Lord’s Prayer in Chechen and Ingush","2019.0","Chechen, Ingush","Chechen, Ingush","Nakh","Nakh","","False","False","True","False"
"Bugraeva Z.M.","Видо-временные формы глагола лакского языка в сопоставлении с английским и русским","2001.0","Lak","Lak","Lak","Lak","https://search.rsl.ru/ru/record/01002281511","False","False","False","True"
"Burchuladze G.T.","Склонение имен в лакском языке","1969.0","Lak","Lak","Lak","Lak","https://search.rsl.ru/ru/record/01010209836","False","False","False","True"
"Burchuladze G.T.","Становление личного спряжения в лакском языке","1979.0","Lak","Lak","Lak","Lak","https://search.rsl.ru/ru/record/01008942391","False","False","False","True"
"Burzhumova S.N.","Тюркские заимствования в табасаранском языке","2006.0","Tabasaran","Tabasaran","Lezgic","Lezgic","https://search.rsl.ru/ru/record/01003011148","False","False","False","True"
"Buzurtanov R.Kh.","Об исконности фонемы ""Ф"" в ингушском языке","2019.0","Ingush","Ingush","Nakh","Nakh","https://search.rsl.ru/ru/record/01010315276","False","False","False","True"
"ByakhIyammadov M.R.","Хасти уми руркъни","2014.0","Northern Dargwa","Dargwa","Dargwic","Dargwic","https://search.rsl.ru/ru/record/01007565470","False","False","False","True"
"ByakhIyammadov M.R.","Изложениебала сборник: белчIудила-методикала пособие","2019.0","Northern Dargwa","Dargwa","Dargwic","Dargwic","https://search.rsl.ru/ru/record/01010267018","False","False","False","True"
"ByakhIyammadov M.R.","Дарган мезлизир хасти уми ва илди руркъни: белчIудила пособие","2020.0","Northern Dargwa","Dargwa","Dargwic","Dargwic","https://search.rsl.ru/ru/record/01010534617","False","False","False","True"
"ByakhIyammadov M.R.","Царка предложение ва ил руркънила тяхІурти","2020.0","Northern Dargwa","Dargwa","Dargwic","Dargwic","https://search.rsl.ru/ru/record/01010537044","False","False","False","True"
"BΙarakhoj M.N.","ХΙанзара гΙалгΙай мотт: лоацца дошлорг - хоаттарг","2008.0","Ingush","Ingush","Nakh","Nakh","https://search.rsl.ru/ru/record/01004139741","False","False","False","True"
"Chalaev K.","Parlons Lak (Caucase Daghestan)","2012.0","Lak","Lak","Lak","Lak","","False","True","False","False"
"Chalaeva P.Sh.","Лакско-русские языковые контакты и их результаты","1998.0","Lak","Lak","Lak","Lak","https://search.rsl.ru/ru/record/01000193504","False","False","False","True"
"Chamsaeva B.T.","Лексика традиционных промыслов даргинского языка","1997.0","Northern Dargwa","Dargwa","Dargwic","Dargwic","https://search.rsl.ru/ru/record/01000192415","False","False","False","True"
"Chanakhanov O.D.","Тукита (селение Тукита: история, быт, культура и язык)","2005.0","Tukita","Karata","Avar-Andic","Avar-Andic","","False","True","False","False"
"Chanakhanov O.D.","Говорим по-тукитински: в трех частях","2024.0","Tukita","Karata","Avar-Andic","Avar-Andic","https://search.rsl.ru/ru/record/01013767924","False","False","False","True"
"Chankaeva R.Z.","Способы выражения временных отношений в даргинском и русском языках","2011.0","Northern Dargwa","Dargwa","Dargwic","Dargwic","https://search.rsl.ru/ru/record/01005033234","False","False","False","True"
"Chapaeva R.M.","Нижнемулебкинский говор даргинского языка: фонетика и именная морфология","2011.0","Northern Dargwa","Dargwa","Dargwic","Dargwic","https://search.rsl.ru/ru/record/01005443745","False","False","False","True"
"Chapanov O.V.","Глагольные словосочетания с именами существительными в современном ингушском литературном языке","1975.0","Ingush","Ingush","Nakh","Nakh","https://search.rsl.ru/ru/record/01009519600","False","False","False","True"
"Chapanov O.V.","Глагольные словосочетания с зависимыми именами существительными в современном ингушском литературном языке","1981.0","Ingush","Ingush","Nakh","Nakh","https://search.rsl.ru/ru/record/01008873837","False","False","False","True"
"Charachidze G.","Grammaire de la langue avar (langue du Caucase Nord-Est)","1981.0","Avar","Avar","Avar-Andic","Avar-Andic","","False","True","False","False"
"Chechuro I.Yu.","Nominal morphology of Mehweb","2019.0","Mehweb","Dargwa","Dargwic","Dargwic","","True","False","False","False"
"Chechuro I.Yu. and Daniel M.A. and Koile Ezequiel and Moroz G.A.","Geography and language divergence: The case of Andic languages","2022.0","Upper Andi, Botlikh, Godoberi, Karata, Bagvalal, Tindi, Chamalal, Northern Akhvakh","Akhvakh, Andi, Bagvalal, Botlikh, Chamalal, Godoberi, Karata, Tindi","Avar-Andic","Avar-Andic","","False","False","True","False"
"Chechuro I.Yu. and Daniel M.A. and Verhees S.","Lexical influence on microlevel: Data from Daghestan","2018.0","Avar, Upper Andi, Karata, Tukita, Northern Akhvakh, Bagvalal, Botlikh","Akhvakh, Andi, Avar, Bagvalal, Botlikh, Karata","Avar-Andic","Avar-Andic","","False","False","True","False"
"Chechuro I.Yu. and Daniel M.A. and Verhees S.","Daghestanian loans database","2019.0","Northern Akhvakh, Upper Andi, Lower Andi, Avar, Bagvalal, Bezhta, Tabasaran, Aghul, Rutul, Chechen, Kajtak, Karata, Tukita, Lezgian, Tabasaran, Tsakhur, Tsez","Aghul, Akhvakh, Andi, Avar, Bagvalal, Bezhta, Chechen, Dargwa, Karata, Lezgian, Rutul, Tabasaran, Tsakhur, Tsez","Avar-Andic, Dargwic, Lezgic, Nakh, Tsezic","Avar-Andic, Dargwic, Lezgic, Nakh, Tsezic","","True","False","False","False"
"Cheerchiev M.Ch.","Принципы сравнительно-исторических фонетических реконструкций в школе Ф.Ф. Фортунатова: с приложением к материалу аваро-андо-цезских языков","1978.0","Northern Akhvakh, Southern Akhvakh, Upper Andi, Lower Andi, Bagvalal, Tindi, Botlikh, Godoberi, Chamalal, Karata, Avar, Bezhta, Hunzib, Hinuq, Khwarshi, Tsez","Akhvakh, Andi, Avar, Bagvalal, Bezhta, Botlikh, Chamalal, Godoberi, Hinuq, Hunzib, Karata, Khwarshi, Tindi, Tsez","Avar-Andic, Tsezic","Avar-Andic, Tsezic","https://search.rsl.ru/ru/record/01009454868","False","False","False","True"
"Cheerchiev M.Ch.","Теоретическое обоснование и процедура лингвистических экстраполяций","2009.0","Hinuq, Hunzib, Bezhta, Tsez, Avar, Budukh, Kryz, Khinalug, Bagvalal, Botlikh, Chamalal","Avar, Bagvalal, Bezhta, Botlikh, Budukh, Chamalal, Hinuq, Hunzib, Khinalug, Kryz, Tsez","Avar-Andic, Khinalug, Lezgic, Tsezic","Avar-Andic, Khinalug, Lezgic, Tsezic","https://search.rsl.ru/ru/record/01004804415","False","False","False","True"
"Cheerchiev M.Ch.","Этюды по фонологии аварского языка","2013.0","Avar","Avar","Avar-Andic","Avar-Andic","https://search.rsl.ru/ru/record/01006579433","False","False","False","True"
"Chikobava A.S. and Tsertsvadze I.I.","Xundzuri ena","1962.0","Avar","Avar","Avar-Andic","Avar-Andic","","False","True","False","False"
"Chitaj G.S. and Eremyan S.T. and Gardanov B.A. and Guliev A.N. and Lavrov L.I. and Nersesov G.A.","Народы Кавказа II","1962.0","Udi, Budukh, Kryz, Khinalug","Budukh, Khinalug, Kryz, Udi","Khinalug, Lezgic","Khinalug, Lezgic","","False","True","False","False"
"Chokaev K.Z.","Аффиксация","1970.0","Chechen","Chechen","Nakh","Nakh","","False","True","False","False"
"Chokaev K.Z.","Морфология чеченского языка: словообразование","1972.0","Chechen","Chechen","Nakh","Nakh","https://search.rsl.ru/ru/record/01009512881","False","False","False","True"
"Chokaev K.Z.","Нахские языки","1992.0","Chechen","Chechen","Nakh","Nakh","","False","True","False","False"
"Chokaev K.Z.","Сопоставительная типология русского и чеченского языков: пособие для учителей школ, преподавателей вузов и студентов-филологов","2011.0","Chechen","Chechen","Nakh","Nakh","https://search.rsl.ru/ru/record/01005460741","False","False","False","True"
"Chokaev K.Z.","Историко-этимологический словарь чеченского языка","2015.0","Chechen","Chechen","Nakh","Nakh","https://search.rsl.ru/ru/record/01008503688","False","False","False","True"
"Chokaev R.K.","Взаимодействие русского и чеченского языков в условиях многоязычия ЧИ АССР: социолингвистический аспект","1988.0","Chechen","Chechen","Nakh","Nakh","https://search.rsl.ru/ru/record/01008489591","False","False","False","True"
"Chrelashvili K.T.","Система согласных в нахских языках","1975.0","Chechen, Ingush, Tsova-Tush","Chechen, Ingush, Tsova-Tush","Nakh","Nakh","https://search.rsl.ru/ru/record/01009512559","False","False","False","True"
"Chrelashvili K.T.","Цова-тушинский (бацбийский) язык","2007.0","Tsova-Tush","Tsova-Tush","Nakh","Nakh","https://search.rsl.ru/ru/record/01003193728","False","False","False","True"
"Chukhua M.D.","Консонантизм ингушского языка","1989.0","Ingush","Ingush","Nakh","Nakh","https://search.rsl.ru/ru/record/01008014654","False","False","False","True"
"Chumakina M. and Lyutikova E.A.","External agreement in Khwarshi","2023.0","Khwarshi","Khwarshi","Tsezic","Tsezic","","False","False","True","False"
"Chumakina M.E.","Periphrasis and serialization in Archi. A canonical approach","2009.0","Archi","Archi","Lezgic","Lezgic","","False","True","False","False"
"Chumakina M.E.","Archi","2016.0","Archi","Archi","Lezgic","Lezgic","","True","True","False","False"
"Chumakina M.E.","Mood in Archi: Realization and semantics","2018.0","Archi","Archi","Lezgic","Lezgic","","True","False","False","False"
"Chumakina M.E. and Corbett G.G.","Archi: the challenge of an extreme agreement system","2008.0","Archi","Archi","Lezgic","Lezgic","","True","False","True","False"
"Chumakina M.E. and Corbett G.G.","Setting the scene: agreement in Archi","2014.0","Archi","Archi","Lezgic","Lezgic","","False","False","True","False"
"Chumakina M.E. and Corbett G.G.","Gender-number marking in Archi: Small is complex","2015.0","Archi","Archi","Lezgic","Lezgic","","False","False","True","False"
"Chumakina M.E. and Corbett G.G. and Kibort A.","Determining a language's feature inventory: person in Archi","2007.0","Archi","Archi","Lezgic","Lezgic","","False","False","True","False"
"Chumakina M.E. and Maisak T.A.","Дискурсивные частицы","2001.0","Bagvalal","Bagvalal","Avar-Andic","Avar-Andic","","True","False","False","False"
"Chunchalova Z.M.","Пространственные падежи лезгинского языка в сопоставлении с английскими предлогами","2004.0","Lezgian","Lezgian","Lezgic","Lezgic","https://search.rsl.ru/ru/record/01004298963","False","False","False","True"
"Clifton D.A. and Clifton J.M. and Kirk P. and Ljøkjell R.","The sociolinguistic situation of the Udi in Azerbaijan","2005.0","Udi","Udi","Lezgic","Lezgic","","False","True","True","False"
"Clifton J.M.","Studies in languages of Azerbaijan vol. 1","2002.0","Budukh, Khinalug, Kryz, Udi, Lezgian","Budukh, Khinalug, Kryz, Lezgian, Udi","Khinalug, Lezgic","Khinalug, Lezgic","","False","True","True","False"
"Clifton J.M.","Studies in languages of Azerbaijan vol. 2","2003.0","Tsakhur, Avar","Avar, Tsakhur","Avar-Andic, Lezgic","Avar-Andic, Lezgic","","False","True","True","False"
"Clifton J.M.","The future of the Shahdagh languages","2009.0","Budukh, Khinalug, Kryz","Budukh, Khinalug, Kryz","Khinalug, Lezgic","Khinalug, Lezgic","","False","True","True","False"
"Clifton J.M. and Deckinga G. and Lucht L. and Mak J. and Tiessen C.","The sociolinguistic situation of the Avar in Azerbaijan","2005.0","Avar","Avar","Avar-Andic","Avar-Andic","","False","True","True","False"
"Clifton J.M. and Deckinga G. and Lucht L. and Mak J. and Tiessen C.","The sociolinguistic situation of the Budukh in Azerbaijan","2005.0","Budukh","Budukh","Lezgic","Lezgic","","False","True","True","False"
"Clifton J.M. and Deckinga G. and Lucht L. and Mak J. and Tiessen C.","The Sociolinguistic Situation of the Khinalug in Azerbaijan","2005.0","Khinalug","Khinalug","Khinalug","Khinalug","","False","True","True","False"
"Clifton J.M. and Deckinga G. and Lucht L. and Mak J. and Tiessen C.","The sociolinguistic situation of the Kryz in Azerbaijan","2005.0","Kryz","Kryz","Lezgic","Lezgic","","False","True","True","False"
"Clifton J.M. and Deckinga G. and Lucht L. and Mak J. and Tiessen C.","The sociolinguistic situation of the Lezgi in Azerbaijan","2005.0","Lezgian","Lezgian","Lezgic","Lezgic","","False","True","True","False"
"Clifton J.M. and Deckinga G. and Lucht L. and Tiessen C.","The sociolinguistic situation of the Tsakhur in Azerbaijan","2005.0","Tsakhur","Tsakhur","Lezgic","Lezgic","","False","True","True","False"
"Comrie B.","A Descriptive Grammar of Tsez","1993.0","Tsez","Tsez","Tsezic","Tsezic","","False","False","True","False"
"Comrie B.","Gender Affixes in Tsez: Synchrony and diachrony","1999.0","Tsez","Tsez","Tsezic","Tsezic","","False","True","True","False"
"Comrie B.","Tsez as an intransitive language: an aspect of the structure of the Tsez verbal lexicon","2000.0","Tsez","Tsez","Tsezic","Tsezic","","False","False","True","False"
"Comrie B.","Valency-changing derivations in Tsez","2000.0","Tsez","Tsez","Tsezic","Tsezic","","False","True","True","False"
"Comrie B.","“Love your enemies” Affective constructions in two Daghestanian languages","2001.0","Bezhta, Tsez","Bezhta, Tsez","Tsezic","Tsezic","","False","False","True","False"
"Comrie B.","How independent is Tsezic morphology","2001.0","Tsez","Tsez","Tsezic","Tsezic","","False","False","True","False"
"Comrie B.","Participles in Tsez: An emergent word class?","2001.0","Tsez","Tsez","Tsezic","Tsezic","","False","True","True","False"
"Comrie B.","Vowel length and dialect variation in Tsez","2001.0","Tsez","Tsez","Tsezic","Tsezic","","False","False","True","False"
"Comrie B.","Verb stems and verb inflection in Bezhta","2002.0","Bezhta","Bezhta","Tsezic","Tsezic","","False","False","True","False"
"Comrie B.","A note on pharyngealization and umlaut in two Tsezic languages","2003.0","Bezhta, Tsez","Bezhta, Tsez","Tsezic","Tsezic","","False","False","True","False"
"Comrie B.","Imperatives and alignment typology in Tsezic languages: a typological investigation","2004.0","Tsez, Bezhta, Hunzib","Bezhta, Hunzib, Tsez","Tsezic","Tsezic","","False","False","True","False"
"Comrie B.","Oblique-case subjects in Tsez","2004.0","Tsez","Tsez","Tsezic","Tsezic","","True","True","True","False"
"Comrie B.","Tsez (Dido) Morphology","2007.0","Tsez","Tsez","Tsezic","Tsezic","","True","False","True","False"
"Comrie B.","Tsez","2014.0","Tsez","Tsez","Tsezic","Tsezic","","False","False","True","False"
"Comrie B.","Why Caucasian Languages?","2017.0","Bezhta, Tsez","Bezhta, Tsez","Tsezic","Tsezic","","False","False","True","False"
"Comrie B. and Forker D. and Helma van den Berg and Khalilova Z.M.","Antipassives in Nakh-Daghestanian languages: Exploring the margins of a construction","2021.0","Avar, Bezhta, Southwestern Dargwa, Northern Dargwa, Godoberi, Hinuq, Hunzib, Tsez, Chirag","Avar, Bezhta, Dargwa, Godoberi, Hinuq, Hunzib, Tsez","Avar-Andic, Dargwic, Tsezic","Avar-Andic, Dargwic, Tsezic","","False","False","True","False"
"Comrie B. and Forker D. and Khalilova Z.M.","Alignment typology, reflexives, and reciprocals in Tsezic languages","2011.0","Bezhta, Hunzib, Hinuq, Khwarshi, Tsez","Bezhta, Hinuq, Hunzib, Khwarshi, Tsez","Tsezic","Tsezic","","False","False","True","False"
"Comrie B. and Forker D. and Khalilova Z.M.","Adverbial clauses in the Tsezic languages","2012.0","Bezhta, Hunzib, Hinuq, Khwarshi, Tsez","Bezhta, Hinuq, Hunzib, Khwarshi, Tsez","Tsezic","Tsezic","","False","False","True","False"
"Comrie B. and Forker D. and Khalilova Z.M.","Experiencer constructions in Tsezic languages","2012.0","Bezhta, Hunzib, Hinuq, Khwarshi, Tsez","Bezhta, Hinuq, Hunzib, Khwarshi, Tsez","Tsezic","Tsezic","","False","False","True","False"
"Comrie B. and Forker D. and Khalilova Z.M.","Generalized noun-modifying clause constructions in Bezhta and Hinuq (Nakh Daghestanian)","2013.0","Bezhta, Hinuq","Bezhta, Hinuq","Tsezic","Tsezic","","False","False","True","False"
"Comrie B. and Forker D. and Khalilova Z.M.","Insubordination in the Tsezic languages","2016.0","Bezhta, Hunzib, Hinuq, Khwarshi, Tsez","Bezhta, Hinuq, Hunzib, Khwarshi, Tsez","Tsezic","Tsezic","","False","False","True","False"
"Comrie B. and Forker D. and Khalilova Z.M.","General noun-modifying clause constructions in Hinuq and Bezhta, with a note on other Daghestanian languages","2017.0","Bezhta, Hinuq","Bezhta, Hinuq","Tsezic","Tsezic","","False","False","True","False"
"Comrie B. and Forker D. and Khalilova Z.M.","Affective constructions in Tsezic languages","2018.0","Bezhta, Hunzib, Hinuq, Khwarshi, Tsez","Bezhta, Hinuq, Hunzib, Khwarshi, Tsez","Tsezic","Tsezic","","False","False","True","False"
"Comrie B. and Hartmann I. and Haspelmath M. and Khalilova Z.M. and Taylor B.","Bezhta valency patterns","2013.0","Bezhta","Bezhta","Tsezic","Tsezic","","False","False","True","False"
"Comrie B. and Khalilov M.Sh.","Bezhta vocabulary","2009.0","Bezhta","Bezhta","Tsezic","Tsezic","","False","False","True","False"
"Comrie B. and Khalilov M.Sh.","Loanwords in Bezhta, a Nakh-Daghestanian language of the North Caucasus","2009.0","Bezhta","Bezhta","Tsezic","Tsezic","","False","True","True","False"
"Comrie B. and Khalilov m.Sh.","The dictionary of languages and dialects of the people of the Northern Caucasus: comparison of the basic lexicon","2010.0","Lak, Aghul, Archi, Budukh, Kryz, Tabasaran, Udi, Tsakhur, Khinalug, Lezgian, Rutul, Chechen, Ingush, Tsova-Tush, Avar, Upper Andi, Lower Andi, Northern Akhvakh, Southern Akhvakh, Bagvalal, Botlikh, Godoberi, Karata, Tukita, Tindi, Chamalal, Gigatli, Bezhta, Hunzib, Hinuq, Khwarshi, Tsez, Northern Dargwa, Hapshima, Sanzhi-Itsari, Kubachi, Mehweb, Muira, Usisha-Butri, Kajtak, Tsudaqar, Chirag, Southwestern Dargwa","Aghul, Akhvakh, Andi, Archi, Avar, Bagvalal, Bezhta, Botlikh, Budukh, Chamalal, Chechen, Dargwa, Godoberi, Hinuq, Hunzib, Ingush, Karata, Khinalug, Khwarshi, Kryz, Lak, Lezgian, Rutul, Tabasaran, Tindi, Tsakhur, Tsez, Tsova-Tush, Udi","Avar-Andic, Dargwic, Khinalug, Lak, Lezgic, Nakh, Tsezic","Avar-Andic, Dargwic, Khinalug, Lak, Lezgic, Nakh, Tsezic","","False","False","True","False"
"Comrie B. and Khalilov M.Sh. and Khalilova Z.M.","A grammar of Bezhta","2015.0","Bezhta","Bezhta","Tsezic","Tsezic","","True","True","True","False"
"Comrie B. and Khalilov M.Sh. and Khalilova Z.M.","Valency and valency classes in Bezhta","2015.0","Bezhta","Bezhta","Tsezic","Tsezic","","False","False","True","False"
"Comrie B. and Müller A.","Demonstrative Pronouns in Tsez","2009.0","Tsez","Tsez","Tsezic","Tsezic","","False","False","True","False"
"Comrie B. and Polinsky M.","Form and Function in Syntax: Relative clauses in Tsez","1998.0","Tsez","Tsez","Tsezic","Tsezic","","False","True","False","False"
"Comrie B. and Polinsky M.","Agreement in Tsez","1999.0","Tsez","Tsez","Tsezic","Tsezic","","False","True","True","False"
"Comrie B. and Polinsky M.","Reflexivity in Tsez","1999.0","Tsez","Tsez","Tsezic","Tsezic","","False","False","True","False"
"Comrie B. and Polinsky M.","Some observations on class categorization in Tsez","1999.0","Tsez","Tsez","Tsezic","Tsezic","","False","True","True","False"
"Comrie B. and Polinsky M.","Constraints on Reflexivization in Tsez","2003.0","Tsez","Tsez","Tsezic","Tsezic","","False","True","True","False"
"Comrie B. and Polinsky M.","Evidentials in Tsez","2007.0","Tsez","Tsez","Tsezic","Tsezic","","True","False","True","False"
"Comrie B. and Polinsky M.","The great Daghestanian case hoax","2008.0","Tabasaran, Tsez","Tabasaran, Tsez","Lezgic, Tsezic","Lezgic, Tsezic","","False","False","True","False"
"Comrie B. and Polinsky M.","Tsez","2020.0","Tsez","Tsez","Tsezic","Tsezic","","True","True","False","False"
"Comrie B. and Polinsky M. and Radzhabov R.","Tsezian languages","1998.0","Tsez","Tsez","Tsezic","Tsezic","","False","False","True","False"
"Conathan L. and Good Jeff","Morphosyntactic Reduplication in Chechen","2000.0","Chechen","Chechen","Nakh","Nakh","","False","True","False","False"
"Conathan L. and Good Jeff","Morphosyntactic reduplication in Chechen and Ingush","2001.0","Chechen, Ingush","Chechen, Ingush","Nakh","Nakh","","False","False","True","False"
"Corbett G.G.","Person in Archi","2012.0","Archi","Archi","Lezgic","Lezgic","","False","False","True","False"
"Corbett G.G.","The shape of the Archi agreement paradigm","2013.0","Archi","Archi","Lezgic","Lezgic","","False","False","True","False"
"Corbett G.G. and Davies I.R.L. and Sosenskaya T.B.","Colours in Tsakhur: First account of the basic colour terms of a Nakh-Daghestanian language","1999.0","Tsakhur","Tsakhur","Lezgic","Lezgic","","False","True","True","False"
"Creissels D.","The emergence of person agreement in Akhvakh: an unusual grammaticalization path","2006.0","Northern Akhvakh","Akhvakh","Avar-Andic","Avar-Andic","","False","True","False","False"
"Creissels D.","Intensifiers, reflexivity and logophoricity in Axaxdərə Akhvakh","2007.0","Northern Akhvakh","Akhvakh","Avar-Andic","Avar-Andic","","False","True","False","False"
"Creissels D.","Optative in Akhvakh","2008.0","Northern Akhvakh","Akhvakh","Avar-Andic","Avar-Andic","","True","False","False","False"
"Creissels D.","Person variations in Akhvakh verb morphology: functional motivation and origin of an uncommon pattern","2008.0","Northern Akhvakh","Akhvakh","Avar-Andic","Avar-Andic","","False","False","True","False"
"Creissels D.","Анкета по нахско-дагестанскому оптативу и императиву. Axaxdərə Akhvakh","2008.0","Northern Akhvakh","Akhvakh","Avar-Andic","Avar-Andic","","True","False","False","False"
"Creissels D.","The essive form of nouns in Akhvakh and other Caucasian languages","2010.0","Northern Akhvakh","Akhvakh","Avar-Andic","Avar-Andic","","False","True","False","False"
"Creissels D.","External agreement in the converbal construction of Northern Akhvakh","2012.0","Northern Akhvakh","Akhvakh","Avar-Andic","Avar-Andic","","True","False","False","False"
"Creissels D.","Floating genitives and possessive framing in Northern Akhvakh","2013.0","Northern Akhvakh","Akhvakh","Avar-Andic","Avar-Andic","","True","True","False","False"
"Creissels D.","Akhvakh","2016.0","Northern Akhvakh","Akhvakh","Avar-Andic","Avar-Andic","","True","False","False","False"
"Creissels D.","Perfective tenses and epistemic modality in Northern Akhvakh","2018.0","Northern Akhvakh","Akhvakh","Avar-Andic","Avar-Andic","","True","False","False","False"
"Creissels D.","A sketch of Northern Akhvakh","2020.0","Northern Akhvakh","Akhvakh","Avar-Andic","Avar-Andic","","True","True","False","False"
"Dabakov V.V.","Родной язык (Нанай муз)","2013.0","Udi","Udi","Lezgic","Lezgic","https://search.rsl.ru/ru/record/01009462037","False","False","False","True"
"Dadaeva A.I.","Фонетические особенности аккинского диалекта чеченского языка","2005.0","Chechen","Chechen","Nakh","Nakh","https://search.rsl.ru/ru/record/01002750357","False","False","False","True"
"Dadaeva A.I.","Система гласных аккинского диалекта","2020.0","Chechen","Chechen","Nakh","Nakh","https://search.rsl.ru/ru/record/01010868608","False","False","False","True"
"Dadaeva A.I.","Система согласных аккинского диалекта","2020.0","Chechen","Chechen","Nakh","Nakh","https://search.rsl.ru/ru/record/01010822499","False","False","False","True"
"Dagirov M.Sh.","Немецкие текстовые эквиваленты форм прошедшего времени чеченского языка","1987.0","Chechen","Chechen","Nakh","Nakh","https://search.rsl.ru/ru/record/01008520616","False","False","False","True"
"Dalgatov I.Kh.","Сивухский говор каратинского языка","2017.0","Karata","Karata","Avar-Andic","Avar-Andic","https://search.rsl.ru/ru/record/01008583880","True","True","False","True"
"Dalgatova Z.M.","Стилистические средства выражения авторской модальности в аварской публицистике в сопоставлении с английской","2015.0","Avar","Avar","Avar-Andic","Avar-Andic","https://search.rsl.ru/ru/record/01008118972","False","False","False","True"
"Daniel M.A.","Имя существительное","2001.0","Bagvalal","Bagvalal","Avar-Andic","Avar-Andic","","False","True","False","False"
"Daniel M.A.","Падеж и локализация","2001.0","Bagvalal","Bagvalal","Avar-Andic","Avar-Andic","","True","False","False","False"
"Daniel M.A.","Предикатно-аргументное ядро","2001.0","Bagvalal","Bagvalal","Avar-Andic","Avar-Andic","","True","False","False","False"
"Daniel M.A.","Reported speech in Archi: a new approach to the old data","2006.0","Archi","Archi","Lezgic","Lezgic","","True","False","False","False"
"Daniel M.A.","Mehweb verb morphology","2019.0","Mehweb","Dargwa","Dargwic","Dargwic","","True","False","False","False"
"Daniel M.A.","Согласование по косвенности в нахско-дагестанских языках: обзор эмпирических данных","2021.0","Khinalug","Khinalug","Khinalug","Khinalug","","True","False","False","False"
"Daniel M.A. and Dobrushina N.R.","Apprehensives in East Caucasian","2024.0","Archi, Northern Akhvakh, Mehweb","Akhvakh, Archi, Dargwa","Avar-Andic, Dargwic, Lezgic","Avar-Andic, Dargwic, Lezgic","","False","False","True","False"
"Daniel M.A. and Dobrushina N.R. and Knyazev S.V.","Highlanders’ Russian: Case study in bilingualism and language interference in Central Daghestan","2010.0","Archi, Avar, Lak","Archi, Avar, Lak","Avar-Andic, Lak, Lezgic","Avar-Andic, Lak, Lezgic","","False","False","True","False"
"Daniel M.A. and Lander Yu.A.","Неравноправие ролей в относительных конструкций: материалы по частотности релятивизации в арчинском и удинском языках","2013.0","Archi, Udi","Archi, Udi","Lezgic","Lezgic","","False","False","True","False"
"Daniel M.A. and Maisak T.A.","Грамматикализация верификатива: об одной агульско-арчинской параллели","2014.0","Aghul, Archi","Aghul, Archi","Lezgic","Lezgic","","False","False","True","False"
"Daniel M.A. and Maisak T.A. and Merdanova S.R.","Каузативы, декаузативы и лабильность в агульском языке","2004.0","Aghul","Aghul","Lezgic","Lezgic","","False","False","True","False"
"Daniel M.A. and Maisak T.A. and Merdanova S.R.","Каузатив в агульском языке: способы выражения и семантические контрасты","2008.0","Aghul","Aghul","Lezgic","Lezgic","","False","False","True","False"
"Daniel M.A. and Maisak T.A. and Merdanova S.R.","Causatives in Agul","2012.0","Aghul","Aghul","Lezgic","Lezgic","","False","False","True","False"
"Daniel M.A. and Merdanova S.R.","Концептуализация числа в языке без дефектных числовых парадигм (агульский язык—взгляд извне и изнутри)","2001.0","Aghul","Aghul","Lezgic","Lezgic","","False","True","False","False"
"Daniel M.A. and Moroz G.A. and Shiryaev A.","Glottalized lateral in Rikvani Andi: an acoustic study","2022.0","Upper Andi","Andi","Avar-Andic","Avar-Andic","","False","False","True","False"
"Daragan Yu.V. and Maisak T.A.","Частицы, союзы и транскатегориальные показатели","2001.0","Bagvalal","Bagvalal","Avar-Andic","Avar-Andic","","True","False","False","False"
"Desheriev Yu.D.","Бацбийский язык: Фонетика, морфология, синтаксис, лексика","1953.0","Tsova-Tush","Tsova-Tush","Nakh","Nakh","https://search.rsl.ru/ru/record/01006770768","True","True","False","True"
"Desheriev Yu.D.","Грамматика хиналугского языка","1959.0","Khinalug","Khinalug","Khinalug","Khinalug","https://search.rsl.ru/ru/record/01006109946","True","True","False","True"
"Desheriev Yu.D.","Чеченский язык","1967.0","Chechen","Chechen","Nakh","Nakh","","False","True","False","False"
"Desheriev Yu.D.","Сравнительно-историческая грамматика нахских языков и проблемы происхождения и исторического развития горских кавказских народов","1963.0","Chechen, Ingush, Tsova-Tush","Chechen, Ingush, Tsova-Tush","Nakh","Nakh","https://search.rsl.ru/ru/record/01002894153","True","False","False","True"
"Desherieva T.I.","Структура семантических полей чеченских и русских падежей","1974.0","Chechen","Chechen","Nakh","Nakh","https://search.rsl.ru/ru/record/01009511924","False","False","False","True"
"Desherieva T.I.","Исследование видовременной системы в нахских языках: С привлечением материала иносистем. яз.","1979.0","Chechen, Ingush, Tsova-Tush","Chechen, Ingush, Tsova-Tush","Nakh","Nakh","https://search.rsl.ru/ru/record/01007622006","False","False","False","True"
"Desherieva T.I.","Категория модальности в нахских и иноструктурных языках","1988.0","Chechen, Ingush, Tsova-Tush","Chechen, Ingush, Tsova-Tush","Nakh","Nakh","https://search.rsl.ru/ru/record/01001394937","False","False","False","True"
"Desherieva T.I.","Нахские языки","1999.0","Chechen, Ingush, Tsova-Tush","Chechen, Ingush, Tsova-Tush","Nakh","Nakh","","True","False","False","False"
"Devletmurzaeva U.D.","Концепты ""начало"" и ""конец"" в аварской языковой картине мира","2011.0","Avar","Avar","Avar-Andic","Avar-Andic","https://search.rsl.ru/ru/record/01004999830","False","False","False","True"
"Devrishbekova A.N.","Простое предложение в лезгинском языке в сопоставлении с английским","2007.0","Lezgian","Lezgian","Lezgic","Lezgic","https://search.rsl.ru/ru/record/01003420455","False","False","False","True"
"Devrishbekova E.N.","Модальность и наклонение в лезгинском языке в сопоставлении с русским","2003.0","Lezgian","Lezgian","Lezgic","Lezgic","https://search.rsl.ru/ru/record/01002621637","False","False","False","True"
"Dibirov I.A.","Склонение имен в южных диалектах аварского языка: На материале закатальского и анцухского диалектов","1992.0","Avar","Avar","Avar-Andic","Avar-Andic","https://search.rsl.ru/ru/record/01004051903","False","False","False","True"
"Dibirov I.A.","Некоторые особенности дагестанских языков Алазанской долины","2000.0","Avar, Tsakhur, Rutul, Northern Akhvakh","Akhvakh, Avar, Rutul, Tsakhur","Avar-Andic, Lezgic","Avar-Andic, Lezgic","https://search.rsl.ru/ru/record/01001864036","False","False","False","True"
"Dibirov I.A.","Лексические и морфологические особенности дагестанских языков Алазанской долины","2002.0","Avar, Tsakhur, Rutul, Northern Akhvakh","Akhvakh, Avar, Rutul, Tsakhur","Avar-Andic, Lezgic","Avar-Andic, Lezgic","https://search.rsl.ru/ru/record/01002313311","False","False","False","True"
"Dibirov I.A.","Семантика и прагматика английских зооморфных фразеологизмов и их эквивалентов в ингушском языке","2024.0","Ingush","Ingush","Nakh","Nakh","https://search.rsl.ru/ru/record/01013128975","False","False","False","True"
"Dibirov I.A. and Mallaeva Z.M.","Пространственный дейксис и его репрезентация в аваро-андийских языках","2013.0","Avar, Upper Andi, Northern Akhvakh, Bagvalal, Tindi, Botlikh, Godoberi, Chamalal, Karata","Akhvakh, Andi, Avar, Bagvalal, Botlikh, Chamalal, Godoberi, Karata, Tindi","Avar-Andic","Avar-Andic","","False","False","True","False"
"Dibirova A.S.","Метафорическая фразеология аварского языка в сопоставлении с английской","2006.0","Avar","Avar","Avar-Andic","Avar-Andic","https://search.rsl.ru/ru/record/01003011721","False","False","False","True"
"Digaev A.","English-Chechen / Chechen-English Online Dictionary","2002.0","Chechen","Chechen","Nakh","Nakh","","False","True","False","False"
"Dirr A.M.","Грамматика удинского языка","1903.0","Udi","Udi","Lezgic","Lezgic","","False","True","False","False"
"Dirr A.M.","Грамматический Очерк Табасаранского Языка","1905.0","Tabasaran","Tabasaran","Lezgic","Lezgic","","False","True","False","False"
"Dirr A.M.","Краткий грамматический очерк андийского языка с текстами, сборником андийских слов и русским к нему указателем","1906.0","Upper Andi","Andi","Avar-Andic","Avar-Andic","","True","True","False","False"
"Dirr A.M.","Агульский язык: Грамматический очерк, тексты, сборник агульских слов с русским к нему указателем","1907.0","Aghul","Aghul","Lezgic","Lezgic","","False","True","False","False"
"Dirr A.M.","Материалы для изучения языков и наречий андодидойской группы","1909.0","Upper Andi, Botlikh, Godoberi, Karata, Chamalal, Tindi, Northern Akhvakh, Khwarshi, Tsez","Akhvakh, Andi, Botlikh, Chamalal, Godoberi, Karata, Khwarshi, Tindi, Tsez","Avar-Andic, Tsezic","Avar-Andic, Tsezic","","False","True","False","False"
"Dirr A.M.","Цахурский язык: грамматический очерк, тексты, сборник цахурских слов с русским к нему указателем","1913.0","Tsakhur","Tsakhur","Lezgic","Lezgic","https://search.rsl.ru/ru/record/01005443293","False","False","False","True"
"Dirr A.M.","Арчинский язык: Грамматический очерк, тексты, сборник арчинских слов с русским к нему указателем","1918.0","Archi","Archi","Lezgic","Lezgic","","False","True","False","False"
"Dirr A.M.","Einführung in das Studium der Kaukasischen Sprachen","1928.0","Chechen, Ingush, Tsova-Tush, Avar, Upper Andi, Botlikh, Godoberi, Karata, Bagvalal, Chamalal, Tindi, Northern Akhvakh, Tsez, Khwarshi, Kubachi, Lak, Archi, Tabasaran, Aghul, Budukh, Khinalug, Rutul, Tsakhur, Udi","Aghul, Akhvakh, Andi, Archi, Avar, Bagvalal, Botlikh, Budukh, Chamalal, Chechen, Dargwa, Godoberi, Ingush, Karata, Khinalug, Khwarshi, Lak, Rutul, Tabasaran, Tindi, Tsakhur, Tsez, Tsova-Tush, Udi","Avar-Andic, Dargwic, Khinalug, Lak, Lezgic, Nakh, Tsezic","Avar-Andic, Dargwic, Khinalug, Lak, Lezgic, Nakh, Tsezic","","False","True","False","False"
"Dobrushina N.R.","Глагол","1999.0","Tsakhur","Tsakhur","Lezgic","Lezgic","","True","False","False","False"
"Dobrushina N.R.","What is the Jussive for? A study of third person commands in six Caucasian languages","2000.0","Archi, Aghul, Northern Akhvakh, Chechen, Sanzhi-Itsari","Aghul, Akhvakh, Archi, Chechen, Dargwa","Avar-Andic, Dargwic, Lezgic, Nakh","Avar-Andic, Dargwic, Lezgic, Nakh","","False","False","True","False"
"Dobrushina N.R.","Многоязычие в Дагестане, или зачем человеку три языка","2007.0","Archi, Avar, Lak","Archi, Avar, Lak","Avar-Andic, Lak, Lezgic","Avar-Andic, Lak, Lezgic","","False","False","True","False"
"Dobrushina N.R.","The optative domain in East Caucasian languages","2011.0","Aghul, Northern Akhvakh, Archi, Bagvalal, Bezhta, Chechen, Sanzhi-Itsari, Hunzib, Khwarshi, Kryz, Lak, Lezgian, Rutul, Tsakhur, Udi","Aghul, Akhvakh, Archi, Bagvalal, Bezhta, Chechen, Dargwa, Hunzib, Khwarshi, Kryz, Lak, Lezgian, Rutul, Tsakhur, Udi","Avar-Andic, Dargwic, Lak, Lezgic, Nakh, Tsezic","Avar-Andic, Dargwic, Lak, Lezgic, Nakh, Tsezic","","True","False","True","False"
"Dobrushina N.R.","How to study multilingualism of the past: Investigating traditional contact situations in Daghestan","2013.0","Archi, Avar, Lak","Archi, Avar, Lak","Avar-Andic, Lak, Lezgic","Avar-Andic, Lak, Lezgic","","False","False","True","False"
"Dobrushina N.R.","Contact-induced usages of volitional moods in East Caucasian languages","2016.0","Aghul, Northern Akhvakh, Archi, Bagvalal, Bezhta, Sanzhi-Itsari, Khwarshi, Kryz, Lak, Tabasaran, Tsakhur, Udi","Aghul, Akhvakh, Archi, Bagvalal, Bezhta, Dargwa, Khwarshi, Kryz, Lak, Tabasaran, Tsakhur, Udi","Avar-Andic, Dargwic, Lak, Lezgic, Tsezic","Avar-Andic, Dargwic, Lak, Lezgic, Tsezic","","True","False","False","False"
"Dobrushina N.R.","VARIATION OF PLURAL IMPERATIVE MARKING IN ARCHI","2016.0","Archi","Archi","Lezgic","Lezgic","","False","False","True","False"
"Dobrushina N.R.","Moods of Mehweb","2019.0","Mehweb","Dargwa","Dargwic","Dargwic","","True","False","True","False"
"Dobrushina N.R.","The language and people of Mehweb","2019.0","Mehweb","Dargwa","Dargwic","Dargwic","","False","False","True","False"
"Dobrushina N.R.","Uses of volitional forms","2021.0","Rutul","Rutul","Lezgic","Lezgic","","True","False","False","False"
"Dobrushina N.R.","Пассивный билингвизм в даргинских селениях","2021.0","Southwestern Dargwa, Northern Dargwa, Kubachi, Kajtak","Dargwa","Dargwic","Dargwic","","False","False","True","False"
"Dobrushina N.R.","Who fulfills a wish? On supernatural ergatives in Nakh-Daghestanian languages","2024.0","Rutul, Mehweb","Dargwa, Rutul","Dargwic, Lezgic","Dargwic, Lezgic","","False","False","True","False"
"Dobrushina N.R. and Kibrik A.E. and Tatevosov S.G.","Verbs","1996.0","Godoberi","Godoberi","Avar-Andic","Avar-Andic","","True","False","False","False"
"Dobrushina N.R. and Koncha K. and Melenchenko M.","Социолингвистическое исследование в цудахарской зоне","2023.0","Avar, Lak, Tsudaqar, Northern Dargwa","Avar, Dargwa, Lak","Avar-Andic, Dargwic, Lak","Avar-Andic, Dargwic, Lak","","False","True","True","False"
"Dobrushina N.R. and Tatevosov S.G.","Usage of verbal forms","1996.0","Godoberi","Godoberi","Avar-Andic","Avar-Andic","","True","False","False","False"
"Dobrushina N.R. and Zakirova A.N.","Аварский язык как лингва франка: исследование в каратинской зоне","2019.0","Avar","Avar","Avar-Andic","Avar-Andic","","False","False","True","False"
"Dolakova R.I.","Ингушский язык","1967.0","Ingush","Ingush","Nakh","Nakh","","False","True","False","False"
"Dotton Z. and Wagner J.D.","A Grammar of Chechen","2019.0","Chechen","Chechen","Nakh","Nakh","","False","True","False","False"
"Dudarnakan M.","ГІалгІай мотт бейташи фаьлгаши","2013.0","Ingush","Ingush","Nakh","Nakh","https://search.rsl.ru/ru/record/01006675250","False","False","False","True"
"Dudarov A.-M.M.","История эволюции ингушского письма","2017.0","Ingush","Ingush","Nakh","Nakh","https://search.rsl.ru/ru/record/01008787065","False","False","False","True"
"Dukaev A.M.","Субстантивное сложение в английском и чеченском языках","1991.0","Chechen","Chechen","Nakh","Nakh","https://search.rsl.ru/ru/record/01008017136","False","False","False","True"
"Dzhafarova R.G. and Shikhalieva S.Kh.","Соматические глагольные композиты табасаранского языка","2003.0","Tabasaran","Tabasaran","Lezgic","Lezgic","","False","False","True","False"
"Dzhalalova A.M.","Структурно-грамматическая и семантическая организация атрибутивных словосочетаний даргинского языка в сопоставлении с английским и русским языками","2014.0","Northern Dargwa","Dargwa","Dargwic","Dargwic","https://search.rsl.ru/ru/record/01007918338","False","False","False","True"
"Dzhalalova A.R.","Сравнительно-сопоставительный анализ наречия в лезгинском и английском языках","2012.0","Lezgian","Lezgian","Lezgic","Lezgic","https://search.rsl.ru/ru/record/01005417628","False","False","False","True"
"Dzhalilova A.B.","Сопоставительный анализ основных грамматических классов и категорий в рутульском и английском языках","2017.0","Rutul","Rutul","Lezgic","Lezgic","https://search.rsl.ru/ru/record/01008583351","False","False","False","True"
"Dzhalilova Z.I.","Фонетические и морфологические особенности игалинского говора аварского языка","2011.0","Avar","Avar","Avar-Andic","Avar-Andic","https://search.rsl.ru/ru/record/01004953410","True","False","False","True"
"Dzhalilova Z.I.","Фонетико-морфологические особенности игалинского говора аварского языка","2013.0","Avar","Avar","Avar-Andic","Avar-Andic","https://search.rsl.ru/ru/record/01006692388","False","False","False","True"
"Dzhamalkhanov Z.D.","Нохчийн мотт: Нохч-Гiалгiайн АССР-н педучилищан: учебник","1972.0","Chechen","Chechen","Nakh","Nakh","https://search.rsl.ru/ru/record/01013386080","False","False","False","True"
"Dzhamalkhanov Z.D.","Нохчийн мотт: [педучилищан студенташна]","1985.0","Chechen","Chechen","Nakh","Nakh","https://search.rsl.ru/ru/record/01011789737","False","False","False","True"
"Dzhamalkhanov Z.D.","Орфографически словарь нохчийн меттан нийсаяздаран дошам","2009.0","Chechen","Chechen","Nakh","Nakh","https://search.rsl.ru/ru/record/01004345469","False","False","False","True"
"Dzhamalkhanov Z.D. and Matsiev A.G. and Ozdoev I.A.","Ингушско-чеченско-русский словарь","1962.0","Ingush","Ingush","Nakh","Nakh","","False","True","False","False"
"Dzhamalov K.E. and Semedov S.A.","Рутульско-русский словарь (ихрекский диалект)","2006.0","Rutul","Rutul","Lezgic","Lezgic","https://search.rsl.ru/ru/record/01003341707","True","False","False","True"
"Dzhamalova M.K.","Актантная и семантическая структура глаголов движения (перемещения) в русском и рутульском языках","2002.0","Rutul","Rutul","Lezgic","Lezgic","https://search.rsl.ru/ru/record/01002311543","False","False","False","True"
"Dzhamaludinova A.G.","Фонетические и морфологические особенности харахинского говора аварского языка","2013.0","Avar","Avar","Avar-Andic","Avar-Andic","https://search.rsl.ru/ru/record/01006742502","True","False","False","True"
"Dzhamaludinova S.M.","Структурно-семантический и функциональный анализ причастий и деепричастий аварского языка в сопоставлении с соответствующими единицами английского языка","2010.0","Avar","Avar","Avar-Andic","Avar-Andic","https://search.rsl.ru/ru/record/01004736939","False","False","False","True"
"Dzhamaludinova S.M.","Причастия и деепричастия аварского языка в сопоставлении с соответствующими единицами английского языка","2014.0","Avar","Avar","Avar-Andic","Avar-Andic","https://search.rsl.ru/ru/record/01007872777","False","False","False","True"
"Dzhamaludinova S.M. and Mallaeva Z.M.","К вопросу о выражении категории таксиса в аварском языке","2007.0","Avar","Avar","Avar-Andic","Avar-Andic","","False","False","True","False"
"Dzhambulatova M.M.","Причастие в вайнахских языках","1975.0","Chechen, Ingush","Chechen, Ingush","Nakh","Nakh","https://search.rsl.ru/ru/record/01009631275","False","False","False","True"
"Dzhamirzaev S.M.","Ножай-юртовская речь в ее отношении к чеченскому литературному языку: историко-сравнительный аспект","1978.0","Chechen","Chechen","Nakh","Nakh","https://search.rsl.ru/ru/record/01008919766","False","False","False","True"
"Dzhanaev T.A.","Категория модальности и способы ее выражения в лакском литературном языке","1970.0","Lak","Lak","Lak","Lak","https://search.rsl.ru/ru/record/01010063940","False","False","False","True"
"Dzhavadova U.G.","Наречие в табасаранском языке","1999.0","Tabasaran","Tabasaran","Lezgic","Lezgic","https://search.rsl.ru/ru/record/01000262639","False","False","False","True"
"Dzhejrani F.I.","Samçi dəs","1934.0","Udi","Udi","Lezgic","Lezgic","https://search.rsl.ru/ru/record/01009621001","False","False","False","True"
"Dzhejranishvili E.F.","Основные вопросы фонетики и морфологии цахского и мухадского (рутульского) языков: в 2-х томах","1966.0","Tsakhur, Rutul","Rutul, Tsakhur","Lezgic","Lezgic","https://search.rsl.ru/ru/record/01010424196","False","True","False","True"
"Dzhejranishvili E.F.","Рутульский язык","1967.0","Rutul","Rutul","Lezgic","Lezgic","","False","True","False","False"
"Dzhejranishvili E.F.","Udiuri Ena: gramatika, k'restomat'ia, lek'sikoni","1971.0","Udi","Udi","Lezgic","Lezgic","","False","True","False","False"
"Dzhidalaev N.-I.S.","К характеристике тюркско-дагестанских языковых контактов: на материале азербайджанско-лакских языковых контактов","1971.0","Lak","Lak","Lak","Lak","https://search.rsl.ru/ru/record/01009511825","False","False","False","True"
"Dzhidalaev N.-I.S.","Русско-лакский словарь","1994.0","Lak","Lak","Lak","Lak","","True","True","False","False"
"Dzhidalaev N.-I.S. and Khalilov M.Sh. and Magomedova Z.D.","Словарь хваршинского языка","2022.0","Khwarshi","Khwarshi","Tsezic","Tsezic","https://search.rsl.ru/ru/record/01011270193","True","False","False","True"
"Dzholbordi I.Sh.","Антон Шифнер и основные вопросы фонетики и лексикографии цова-тушинского (бацбийского) языка","1978.0","Tsova-Tush","Tsova-Tush","Nakh","Nakh","https://search.rsl.ru/ru/record/01009453562","False","False","False","True"
"Dzhukaeva M.A.","Межъязыковые фоносемантические свойства спирантов: на материале чеченского, русского и немецкого языков","2010.0","Chechen","Chechen","Nakh","Nakh","https://search.rsl.ru/ru/record/01004903841","False","False","False","True"
"Dzhukaeva M.A.","Фоносемантические свойства спирантов","2016.0","Chechen","Chechen","Nakh","Nakh","https://search.rsl.ru/ru/record/01008465866","False","False","False","True"
"Ebeling C.L.","The grammar of literary Avar","1966.0","Avar","Avar","Avar-Andic","Avar-Andic","","False","True","False","False"
"Edilov S.E.","Нохчийн меттан практикум: юккъерчу юкъарадешаран школийн дешархошна а, юьхьанцарчу корматаллин а, лаккхарчу дешаран учрежденийн студенташна а лерина дешаран пособи","2011.0","Chechen","Chechen","Nakh","Nakh","https://search.rsl.ru/ru/record/01005472442","False","False","False","True"
"Edilov S.E.","Функционально-семантическая характеристика названий пищи в чеченском языке","2013.0","Chechen","Chechen","Nakh","Nakh","https://search.rsl.ru/ru/record/01006739865","False","False","False","True"
"Edilov S.E.","Названия пищи в чеченском языке","2015.0","Chechen","Chechen","Nakh","Nakh","https://search.rsl.ru/ru/record/01008088334","False","False","False","True"
"Efendiev I.I.","Иранские лексические элементы в лезгинском литературном языке","1996.0","Lezgian","Lezgian","Lezgic","Lezgic","https://search.rsl.ru/ru/record/01000169654","False","False","False","True"
"Efendiev I.I. and Zabitov S.M.","Словарь арабских и персидских лексических заимствований в лезгинском языке","2001.0","Lezgian","Lezgian","Lezgic","Lezgic","","False","True","False","False"
"Efendiev T.N.","Взаимоотношения азербайджанского и табасаранского языков","1973.0","Tabasaran","Tabasaran","Lezgic","Lezgic","https://search.rsl.ru/ru/record/01009781445","False","False","False","True"
"Efendieva S.S.","Развитие общественно-политической терминологии лезгинского языка","2006.0","Lezgian","Lezgian","Lezgic","Lezgic","https://search.rsl.ru/ru/record/01003011147","False","False","False","True"
"Efendieva Z.M.","Стилистически маркированная лексика лезгинского языка в сопоставлении с английским","2010.0","Lezgian","Lezgian","Lezgic","Lezgic","https://search.rsl.ru/ru/record/01004737714","False","False","False","True"
"Eldarova R.G.","Морфология лакского глагола","1995.0","Lak","Lak","Lak","Lak","https://search.rsl.ru/ru/record/01000166273","True","False","False","True"
"Eldarova R.G.","Лакский глагол (система глагольного словоизменения)","1999.0","Lak","Lak","Lak","Lak","","True","False","False","False"
"Eldarova U.Z.","Категория падежа в аварском литературном языке","1974.0","Avar","Avar","Avar-Andic","Avar-Andic","https://search.rsl.ru/ru/record/01009694495","False","False","False","True"
"Erkert R.F.","Die Sprachen des kaukasischen Stammes","1895.0","Aghul, Avar","Aghul, Avar","Avar-Andic, Lezgic","Avar-Andic, Lezgic","","False","True","False","False"
"Esedov A.A.","Отраслевая лексика лезгинского языка: названия животных и птиц","2003.0","Lezgian","Lezgian","Lezgic","Lezgic","https://search.rsl.ru/ru/record/01002608140","False","False","False","True"
"Esedulaeva N.B.","Сравнительные и образные обороты, парные и удвоенные слова в лезгинском языке","2001.0","Lezgian","Lezgian","Lezgic","Lezgic","https://search.rsl.ru/ru/record/01000343489","False","False","False","True"
"Eskhadzhiev Ya.U.","Способы выражения сложноподчиненного предложения в чеченском литературном языке","1970.0","Chechen","Chechen","Nakh","Nakh","https://search.rsl.ru/ru/record/01009964831","False","False","False","True"
"Fähnrich H.","Batsisch (zowatuschisch)-deutsches Wörterbuch","2001.0","Tsova-Tush","Tsova-Tush","Nakh","Nakh","","False","True","False","False"
"Fedorova O.V.","Usage of nominal forms","1996.0","Godoberi","Godoberi","Avar-Andic","Avar-Andic","","True","False","False","False"
"Ferzilaeva M.M.","Фразеологические единицы качественной характеристики человека в лезгинском и английском языках","2010.0","Lezgian","Lezgian","Lezgic","Lezgic","https://search.rsl.ru/ru/record/01004737671","False","False","False","True"
"Fetalieva L.P.","Оценочный потенциал заголовка в лезгинском и русском газетно-публицистическом дискурсе: сопоставительный аспект","2012.0","Lezgian","Lezgian","Lezgic","Lezgic","https://search.rsl.ru/ru/record/01005458541","False","False","False","True"
"Forker D.","Reference-tracking in Hinuq","2007.0","Hinuq","Hinuq","Tsezic","Tsezic","","False","False","True","False"
"Forker D.","Information structure and reference-tracking in Hinuq","2009.0","Hinuq","Hinuq","Tsezic","Tsezic","","False","False","True","False"
"Forker D.","Complement clauses in Nakh-Daghestanian","2010.0","Chechen, Avar, Godoberi, Hinuq, Lezgian, Tsakhur","Avar, Chechen, Godoberi, Hinuq, Lezgian, Tsakhur","Avar-Andic, Lezgic, Nakh, Tsezic","Avar-Andic, Lezgic, Nakh, Tsezic","","False","False","True","False"
"Forker D.","Multi-verb structures in Hinuq","2010.0","Hinuq","Hinuq","Tsezic","Tsezic","","False","False","True","False"
"Forker D.","Nonlocal uses of local cases in the Tsezic languages.","2010.0","Bezhta, Hunzib, Hinuq, Khwarshi, Tsez","Bezhta, Hinuq, Hunzib, Khwarshi, Tsez","Tsezic","Tsezic","","False","False","True","False"
"Forker D.","Spatial and temporal location in the Tsezic languages","2010.0","Bezhta, Hunzib, Hinuq, Khwarshi, Tsez","Bezhta, Hinuq, Hunzib, Khwarshi, Tsez","Tsezic","Tsezic","","False","False","True","False"
"Forker D.","The biabsolutive construction in Nakh-Dagestanian: A new type of object incorporation","2010.0","Chechen, Ingush, Avar, Godoberi, Bagvalal, Tsez, Hinuq, Khwarshi, Bezhta, Archi, Tsakhur, Sanzhi-Itsari, Lak","Archi, Avar, Bagvalal, Bezhta, Chechen, Dargwa, Godoberi, Hinuq, Ingush, Khwarshi, Lak, Tsakhur, Tsez","Avar-Andic, Lak, Lezgic, Nakh, Tsezic, Dargwic","Avar-Andic, Dargwic, Lak, Lezgic, Nakh, Tsezic","","False","False","True","False"
"Forker D.","The biabsolutive construction in Tsez","2010.0","Tsez","Tsez","Tsezic","Tsezic","","False","False","True","False"
"Forker D.","Variation in stem formation in Tsezic languages","2010.0","Bezhta, Hunzib, Hinuq, Khwarshi, Tsez","Bezhta, Hinuq, Hunzib, Khwarshi, Tsez","Tsezic","Tsezic","","False","False","True","False"
"Forker D.","Evidentiality and new media in the Caucasus-The case of Hinuq","2011.0","Hinuq","Hinuq","Tsezic","Tsezic","","False","False","True","False"
"Forker D.","Finiteness in Hinuq","2011.0","Hinuq","Hinuq","Tsezic","Tsezic","","False","False","True","False"
"Forker D.","Grammatical Relations in Hinuq","2012.0","Hinuq","Hinuq","Tsezic","Tsezic","","False","True","True","False"
"Forker D.","Spatial relations in Hinuq and Bezhta","2012.0","Bezhta, Hinuq","Bezhta, Hinuq","Tsezic","Tsezic","","False","False","True","False"
"Forker D.","A grammar of Hinuq","2013.0","Hinuq","Hinuq","Tsezic","Tsezic","","True","True","True","False"
"Forker D.","Conjunction particles in Nakh-Daghestanian: topic, focus or something else?","2013.0","Southwestern Dargwa, Hinuq","Dargwa, Hinuq","Dargwic, Tsezic","Dargwic, Tsezic","","False","False","True","False"
"Forker D.","Differential agent marking in Hinuq","2013.0","Hinuq","Hinuq","Tsezic","Tsezic","","False","False","True","False"
"Forker D.","Hinuq verb forms and finiteness","2013.0","Hinuq","Hinuq","Tsezic","Tsezic","","False","False","True","False"
"Forker D.","Microtypology and the Tsezic languages: A case study of syntactic properties of converbal clauses","2013.0","Bezhta, Hunzib, Hinuq, Khwarshi, Tsez","Bezhta, Hinuq, Hunzib, Khwarshi, Tsez","Tsezic","Tsezic","","False","False","True","False"
"Forker D.","Person marking and information structure in Nakh-Daghestanian","2013.0","Northern Dargwa, Southwestern Dargwa, Lak","Dargwa, Lak","Dargwic, Lak","Dargwic, Lak","","False","False","True","False"
"Forker D.","Real and apparent topic-marking constructions in Hinuq","2013.0","Hinuq","Hinuq","Tsezic","Tsezic","","False","False","True","False"
"Forker D.","Evidentiality and related categories in Sanzhi Dargwa","2014.0","Sanzhi-Itsari","Dargwa","Dargwic","Dargwic","","False","False","True","False"
"Forker D.","Hinuq-Russian language contact","2014.0","Hinuq","Hinuq","Tsezic","Tsezic","","False","False","True","False"
"Forker D.","Insubordination in the Caucasus","2014.0","Avar, Bezhta, Southwestern Dargwa, Northern Dargwa, Hinuq","Avar, Bezhta, Dargwa, Hinuq","Avar-Andic, Dargwic, Tsezic","Avar-Andic, Dargwic, Tsezic","","False","False","True","False"
"Forker D.","The grammar of knowledge in Hinuq","2014.0","Hinuq","Hinuq","Tsezic","Tsezic","","True","False","True","False"
"Forker D.","Questions, focus and modality in Nakh-Daghestanian: The case of Sanzhi Dargwa","2015.0","Sanzhi-Itsari","Dargwa","Dargwic","Dargwic","","False","False","True","False"
"Forker D.","Towards a semantic map for intensifying particles: Evidence from Avar","2015.0","Avar","Avar","Avar-Andic","Avar-Andic","","False","False","True","False"
"Forker D.","Cases-Non-cases: At the margins of the Tsezic case system","2016.0","Bezhta, Hunzib, Hinuq, Khwarshi, Tsez","Bezhta, Hinuq, Hunzib, Khwarshi, Tsez","Tsezic","Tsezic","","False","False","True","False"
"Forker D.","Complementizers in Hinuq","2016.0","Hinuq","Hinuq","Tsezic","Tsezic","","False","False","True","False"
"Forker D.","Floating agreement and information structure in Sanzhi Dargwa and Lak","2016.0","Sanzhi-Itsari, Lak","Dargwa, Lak","Dargwic, Lak","Dargwic, Lak","","False","False","True","False"
"Forker D.","Floating agreement and information structure: The case of Sanzhi Dargwa","2016.0","Sanzhi-Itsari","Dargwa","Dargwic","Dargwic","","False","False","True","False"
"Forker D.","Gender in Hinuq and other Nakh-Daghestanian languages","2016.0","Hinuq","Hinuq","Tsezic","Tsezic","","False","False","True","False"
"Forker D.","Reflexive pronouns in Sanzhi Dargwa","2016.0","Sanzhi-Itsari","Dargwa","Dargwic","Dargwic","","False","False","True","False"
"Forker D.","The intricacies of the Sanzhi Dargwa aspectual system","2016.0","Sanzhi-Itsari","Dargwa","Dargwic","Dargwic","","False","False","True","False"
"Forker D.","Gender agreement is different","2018.0","Lak","Lak","Lak","Lak","","True","False","False","False"
"Forker D.","Sketch grammar of Sanzhi","2018.0","Sanzhi-Itsari","Dargwa","Dargwic","Dargwic","","False","True","False","False"
"Forker D.","The semantics of evidentiality and epistemic modality in Avar","2018.0","Avar","Avar","Avar-Andic","Avar-Andic","","True","False","True","False"
"Forker D.","Elevation as a category of grammar: Sanzhi Dargwa and beyond","2019.0","Sanzhi-Itsari","Dargwa","Dargwic","Dargwic","","False","False","True","False"
"Forker D.","Grammatical relations in Sanzhi Dargwa","2019.0","Sanzhi-Itsari","Dargwa","Dargwic","Dargwic","","False","True","True","False"
"Forker D.","Reported speech constructions in Sanzhi Dargwa and their extension to other areas of grammar","2019.0","Sanzhi-Itsari","Dargwa","Dargwic","Dargwic","","True","False","True","False"
"Forker D.","Sanzhi Dargwa","2019.0","Sanzhi-Itsari","Dargwa","Dargwic","Dargwic","","False","False","True","False"
"Forker D.","Sanzhi–Russian code switching and the Matrix Language Frame model","2019.0","Sanzhi-Itsari","Dargwa","Dargwic","Dargwic","","False","False","True","False"
"Forker D.","The impact of language contact on Hinuq: Phonology, morphology, syntax, and lexicon","2019.0","Hinuq","Hinuq","Tsezic","Tsezic","","True","False","True","False"
"Forker D.","A grammar of Sanzhi Dargwa","2020.0","Sanzhi-Itsari","Dargwa","Dargwic","Dargwic","","True","True","True","False"
"Forker D.","Avar","2020.0","Avar","Avar","Avar-Andic","Avar-Andic","","True","True","True","False"
"Forker D.","More than just a modal particle: The enclitic =q’al in Sanzhi Dargwa","2020.0","Sanzhi-Itsari","Dargwa","Dargwic","Dargwic","","False","False","True","False"
"Forker D.","THE IMPERFECTIVE ASPECT IN SANZHI DARGWA","2021.0","Sanzhi-Itsari","Dargwa","Dargwic","Dargwic","","False","False","True","False"
"Forker D.","Sketch Grammar of Hinuq","2025.0","Hinuq","Hinuq","Tsezic","Tsezic","","False","True","False","False"
"Forker D.","EXPRESSION OF RELATIVE-TEMPORAL MEANING IN BEZHTA","","Bezhta","Bezhta","Tsezic","Tsezic","","False","False","True","False"
"Forker D. and Khalilova Z.M.","The distinction of arguments and adjuncts in Hinuq and Bezhta (with a special focus on non-canonical agents)","2011.0","Bezhta, Hinuq","Bezhta, Hinuq","Tsezic","Tsezic","","False","False","True","False"
"Forker D. and Polinsky Maria","Avar grammar sketch","2020.0","Avar","Avar","Avar-Andic","Avar-Andic","","False","False","True","False"
"Forker D. and Schiborr N.N.","Sanzhi Dargwa DoReCo data set","2020.0","Sanzhi-Itsari","Dargwa","Dargwic","Dargwic","","False","False","True","False"
"Forker D. and Sheshani A.A.","Far beyond the Caucasus: Chechen in contact with Jordanian Arabic","2023.0","Chechen","Chechen","Nakh","Nakh","","False","False","True","False"
"Forker D. and Syusov M.","Reconstruction of morphosyntactic function: Nonspatial usage of spatial case marking in Tsezic","2009.0","Bezhta, Hunzib, Hinuq, Khwarshi, Tsez","Bezhta, Hinuq, Hunzib, Khwarshi, Tsez","Tsezic","Tsezic","","False","False","True","False"
"Friedman V.A.","Status in the Lak verbal system and its typological significance","1984.0","Lak","Lak","Lak","Lak","","True","False","True","False"
"Friedman V.A.","Assertive verb forms in Lak","1994.0","Lak","Lak","Lak","Lak","","False","False","True","False"
"Friedman V.A.","Ga in Lak and the Three “There” s: Deixis and Markedness in Daghestan","1994.0","Lak","Lak","Lak","Lak","","False","False","True","False"
"Friedman V.A.","Gender, class, and age in the Daghestanian highlands: Towards a unified account of the morphology of agreement in Lak","1996.0","Lak","Lak","Lak","Lak","","False","False","True","False"
"Friedman V.A.","Proverbial evidentiality: on the gnomic uses of the category of status in languages of the Balkans and the Caucasus","1999.0","Lak","Lak","Lak","Lak","","False","False","True","False"
"Friedman V.A.","The expression of speaker subjectivity in Lak (Daghestan)","2007.0","Lak","Lak","Lak","Lak","","True","False","True","False"
"Friedman V.A.","The Many Moods of Lak","2007.0","Lak","Lak","Lak","Lak","","False","False","True","False"
"Friedman V.A.","Lak folktales: Materials for a bilingual reader: Part two","2011.0","Lak","Lak","Lak","Lak","","False","False","True","False"
"Friedman V.A.","The Five Deictics of Lak","2011.0","Lak","Lak","Lak","Lak","","False","False","True","False"
"Friedman V.A.","Очерки лакского языка","2011.0","Lak","Lak","Lak","Lak","","False","True","False","False"
"Friedman V.A.","The morphology of imperatives in Lak: Stem vowels in the second singular simplex transitive affirmative","2013.0","Lak","Lak","Lak","Lak","","False","False","True","False"
"Friedman V.A.","Lak","2020.0","Lak","Lak","Lak","Lak","","True","True","True","False"
"Gabasil M.","МагIарул болмацIалъул магIавияб словарь: 6-азаргоялдаса цIикIкIун рагIи","2021.0","Avar","Avar","Avar-Andic","Avar-Andic","https://search.rsl.ru/ru/record/01011715795","False","False","False","True"
"Gabibova E.M.","Фонетические и морфологические особенности дейбукского говора муиринского диалекта даргинского языка","2003.0","Muira","Dargwa","Dargwic","Dargwic","https://search.rsl.ru/ru/record/01002333638","False","False","False","True"
"Gabibullaeva P.M.","Фразеологические единицы в сирхинском диалекте даргинского языка","2011.0","Southwestern Dargwa","Dargwa","Dargwic","Dargwic","https://search.rsl.ru/ru/record/01004938452","False","False","False","True"
"Gadaborsheva M.Yu.","Системно-динамический анализ лингвистической терминологии: на материале русского, английского и ингушского языков","2008.0","Ingush","Ingush","Nakh","Nakh","https://search.rsl.ru/ru/record/01004264798","False","False","False","True"
"Gadaev R.V.","Формирование и развитие чеченской письменности","2010.0","Chechen","Chechen","Nakh","Nakh","https://search.rsl.ru/ru/record/01004800751","False","False","False","True"
"Gadxhalieva M.G. and Ramazanova A.Kh.","Прототипические ситуации в зложеланиях даргинского языка","2013.0","Northern Dargwa","Dargwa","Dargwic","Dargwic","","False","False","True","False"
"Gadzhialieva M.G.","Фрагмент ""человек"" в зоонимической картине мира в языках различных типологий: на материале даргинского, английского и арабского языков","2017.0","Northern Dargwa","Dargwa","Dargwic","Dargwic","https://search.rsl.ru/ru/record/01008583883","False","False","False","True"
"Gadzhibekova N.S.","Словоизменительные категории имени существительного в андийском и аварском языках","2005.0","Avar, Upper Andi, Lower Andi","Andi, Avar","Avar-Andic","Avar-Andic","https://search.rsl.ru/ru/record/01002853104","False","False","False","True"
"Gadzhiev A.","Русско-табасаранский школьный словарь","1957.0","Tabasaran","Tabasaran","Lezgic","Lezgic","","False","True","False","False"
"Gadzhiev K.G.","Морфологические категории и словообразование имени прилагательного в даргинском языке: по материалам акушского, урахского и мекегского диалектов","1981.0","Northern Dargwa","Dargwa","Dargwic","Dargwic","https://search.rsl.ru/ru/record/01008852215","False","False","False","True"
"Gadzhiev M.M.","Синтаксис лезгинского языка","1963.0","Lezgian","Lezgian","Lezgic","Lezgic","","False","True","False","False"
"Gadzhiev M.M. and Talibov B.B.","Лезгинско-русский словарь: около 28.000 слов","1966.0","Lezgian","Lezgian","Lezgic","Lezgic","","True","True","False","False"
"Gadzhiev N.G.","Фонетико-морфологические и лексические особенности керенского диалекта агульского языка","2005.0","Aghul","Aghul","Lezgic","Lezgic","https://search.rsl.ru/ru/record/01003300671","False","False","False","True"
"Gadzhieva A.Kh.","Морфологическая структура и синтаксические функции местных падежей в аварском языке","2012.0","Avar","Avar","Avar-Andic","Avar-Andic","https://search.rsl.ru/ru/record/01005411787","False","False","False","True"
"Gadzhieva A.M.","Фонетические и морфологические особенности кахибского говора аварского языка","2013.0","Avar","Avar","Avar-Andic","Avar-Andic","https://search.rsl.ru/ru/record/01006749757","True","False","False","True"
"Gadzhieva D.R.","Имя прилагательное в аварском языке","1979.0","Avar","Avar","Avar-Andic","Avar-Andic","https://search.rsl.ru/ru/record/01007641841","False","False","False","True"
"Gadzhieva L.G. and Magomedova M.A. and Mukhudadaeva R.A.","Длительность как средство выражения категории определенность-неопределенность в лакском языке","2014.0","Lak","Lak","Lak","Lak","","False","False","True","False"
"Gadzhieva L.Zh.","Репрезентация морфем с пространственной семантикой в восточнолезгинских языках","2011.0","Lezgian, Tabasaran, Aghul","Aghul, Lezgian, Tabasaran","Lezgic","Lezgic","https://search.rsl.ru/ru/record/01005031700","False","False","False","True"
"Gadzhieva M.B.","Инфинитные формы аварского языка в сопоставлении с английским","2005.0","Avar","Avar","Avar-Andic","Avar-Andic","https://search.rsl.ru/ru/record/01002750351","False","False","False","True"
"Gadzhieva M.M.","Категория отрицания в аварском и русском языках в сопоставительном аспекте","2015.0","Avar","Avar","Avar-Andic","Avar-Andic","https://search.rsl.ru/ru/record/01008064185","False","False","False","True"
"Gadzhieva M.Z.","Фонетические и морфологические особенности тукитинского диалекта каратинского языка","2007.0","Karata, Tukita","Karata","Avar-Andic","Avar-Andic","https://search.rsl.ru/ru/record/01003320998","True","True","False","True"
"Gadzhieva N.A.","Перформативные глаголы в английском, лезгинском и русском языках","2022.0","Lezgian","Lezgian","Lezgic","Lezgic","https://search.rsl.ru/ru/record/01011167863","False","False","False","True"
"Gadzhieva S.G.","Структурно-семантические особенности компаративных фразеологических единиц лакского языка","1995.0","Lak","Lak","Lak","Lak","https://search.rsl.ru/ru/record/01000149322","False","False","False","True"
"Gadzhieva S.G.","Kontrastivni opis tvorbe jednostavnih glagolskih priloga u darginskom i lakskom jeziku","2019.0","Northern Dargwa, Lak","Dargwa, Lak","Dargwic, Lak","Dargwic, Lak","","False","False","True","False"
"Gadzhieva S.G.","Отглагольные образования в даргинском и лакском языках","2019.0","Northern Dargwa, Lak","Dargwa, Lak","Dargwic, Lak","Dargwic, Lak","https://search.rsl.ru/ru/record/01010103476","False","False","False","True"
"Gadzhieva Z.A.","Слова категории nomina agentis аварского языка в словообразовательном гнезде","2012.0","Avar","Avar","Avar-Andic","Avar-Andic","https://search.rsl.ru/ru/record/01006693209","False","False","False","True"
"Gadzhieva Z.M.","Когнитивные основы именования фитонимов в аварском и английском языках","2009.0","Avar","Avar","Avar-Andic","Avar-Andic","https://search.rsl.ru/ru/record/01004372223","False","False","False","True"
"Gadzhimagomedov M.Z.","Анчихский язык (рукопись)","2019.0","Karata","Karata","Avar-Andic","Avar-Andic","","True","False","False","False"
"Gagliardi A. and Goncalves M. and Polinsky M. and Radkevich N.","The biabsolutive construction in Lak and Tsez","2014.0","Tsez, Lak","Lak, Tsez","Lak, Tsezic","Lak, Tsezic","","False","False","True","False"
"Gagliardi A. and Lidz J. and Polinsky M.","The acquisition of noun classes in Tsez","2015.0","Tsez","Tsez","Tsezic","Tsezic","","False","False","True","False"
"Gagua R. and Holisky D.A.","Tsova-Tush (Batsbi)","1994.0","Tsova-Tush","Tsova-Tush","Nakh","Nakh","","True","True","False","False"
"Gajdarov R.I.","Лексика лезгинского языка: (Основные пути развития и обогащения): Спецкурс","1966.0","Lezgian","Lezgian","Lezgic","Lezgic","","False","True","False","False"
"Gajdarov R.I.","Очерки по лексике и словообразованию в лезгинском языке","1968.0","Lezgian","Lezgian","Lezgic","Lezgic","https://search.rsl.ru/ru/record/01010184572","False","False","False","True"
"Gajdarov R.I.","Лексика лезгинского языка: (Особенности слова и словарного запаса)","1977.0","Lezgian","Lezgian","Lezgic","Lezgic","https://search.rsl.ru/ru/record/01007719431","False","False","False","True"
"Gajdarov R.I. and Gyulmagomedov A.G. and Mejlanova U.A. and Talibov B.B.","Современный лезгинский язык","2009.0","Lezgian","Lezgian","Lezgic","Lezgic","","True","True","False","False"
"Gajdarova F.A.","Падежи и их функции в лакском языке","1970.0","Lak","Lak","Lak","Lak","https://search.rsl.ru/ru/record/01010070080","False","False","False","True"
"Gajdarova Z.T.","Антропоцентризм в идиоматической картине мира лезгинского, русского, английского и немецкого языков","2010.0","Lezgian","Lezgian","Lezgic","Lezgic","https://search.rsl.ru/ru/record/01004660526","False","False","False","True"
"Galaeva L.Kh.","Фитонимическая лексика в ингушском языке","2006.0","Ingush","Ingush","Nakh","Nakh","https://search.rsl.ru/ru/record/01002935488","False","False","False","True"
"Gamarshah J. and Huseinov R.","The Udis: historico-ethnographic research","2002.0","Udi","Udi","Lezgic","Lezgic","","False","True","False","False"
"Gamidov A.I.","Азербайджанские заимствования в будугском и хиналугском языках","1982.0","Khinalug","Khinalug","Khinalug","Khinalug","https://search.rsl.ru/ru/record/01008856252","False","False","False","True"
"Gamzatov G.G.","Языки Дагестана","2000.0","Avar, Aghul, Northern Dargwa, Lak, Lezgian, Rutul, Tabasaran, Tsakhur, Chechen, Upper Andi, Archi, Northern Akhvakh, Bagvalal, Bezhta, Botlikh, Hinuq, Godoberi, Hunzib, Karata, Tindi, Khwarshi, Tsez, Chamalal, Budukh, Kryz, Udi, Khinalug","Aghul, Akhvakh, Andi, Archi, Avar, Bagvalal, Bezhta, Botlikh, Budukh, Chamalal, Chechen, Dargwa, Godoberi, Hinuq, Hunzib, Karata, Khinalug, Khwarshi, Kryz, Lak, Lezgian, Rutul, Tabasaran, Tindi, Tsakhur, Tsez, Udi","Avar-Andic, Dargwic, Khinalug, Lak, Lezgic, Nakh, Tsezic","Avar-Andic, Dargwic, Khinalug, Lak, Lezgic, Nakh, Tsezic","","False","True","False","False"
"Gamzatov G.G. and Khalidova M.R.","Устное народное творчество аварцев","2004.0","Avar","Avar","Avar-Andic","Avar-Andic","","False","True","False","False"
"Gamzatov M.-R.E.","Фонетика гунзибского языка","1974.0","Hunzib","Hunzib","Tsezic","Tsezic","https://search.rsl.ru/ru/record/01009697594","False","True","False","True"
"Gandaloeva A.Z.","ГIалгIай мотт Iомабара практикум: (педучилища дешархошта лаьрхIа дола пособи)","1988.0","Ingush","Ingush","Nakh","Nakh","https://search.rsl.ru/ru/record/01012260169","False","False","False","True"
"Ganenkov D.S.","Complementation in Agul: distribution and semantics of complement types","2006.0","Aghul","Aghul","Lezgic","Lezgic","","False","False","True","False"
"Ganenkov D.S.","Spatial preverbs in Lezgic languages","2007.0","Lezgian, Tabasaran, Aghul, Rutul, Tsakhur, Archi, Kryz, Budukh, Udi, Khinalug","Aghul, Archi, Budukh, Khinalug, Kryz, Lezgian, Rutul, Tabasaran, Tsakhur, Udi","Khinalug, Lezgic","Khinalug, Lezgic","","False","False","True","False"
"Ganenkov D.S.","Морфологическая и семантическая характеристика падежей удинского языка","2008.0","Udi","Udi","Lezgic","Lezgic","","True","False","True","False"
"Ganenkov D.S.","Инфинитив в даргинском языке и типология контроля","2012.0","Northern Dargwa","Dargwa","Dargwic","Dargwic","","False","False","True","False"
"Ganenkov D.S.","Материалы к типологии эргативности: худуцкий диалект даргинского языка","2014.0","Southwestern Dargwa","Dargwa","Dargwic","Dargwic","","False","False","True","False"
"Ganenkov D.S.","Infinitival complementation from Caucasian Albanian to Modern Udi","2015.0","Udi","Udi","Lezgic","Lezgic","","False","False","True","False"
"Ganenkov D.S.","Эволюция падежного маркирования и синтаксический статус экспериенцера в даргинском языке","2015.0","Northern Dargwa","Dargwa","Dargwic","Dargwic","","False","False","True","False"
"Ganenkov D.S.","Cases in Chirag Dargwa","2016.0","Chirag","Dargwa","Dargwic","Dargwic","","False","True","False","False"
"Ganenkov D.S.","Lak biabsolutives are raising structures","2016.0","Lak","Lak","Lak","Lak","","False","False","True","False"
"Ganenkov D.S.","Корпусное исследование инфинитивных конструкций в лезгинском языке","2016.0","Lezgian","Lezgian","Lezgic","Lezgic","","False","False","True","False"
"Ganenkov D.S.","Реконструкция эволюции конъюнктива в даргинских языках","2016.0","Tsudaqar, Muira, Mehweb, Sanzhi-Itsari, Amuzgi-Shiri, Shari, Southwestern Dargwa, Northern Dargwa","Dargwa","Dargwic","Dargwic","","False","False","True","False"
"Ganenkov D.S.","Синтаксис личного согласования и морфологический падеж в мегебском языке","2017.0","Mehweb","Dargwa","Dargwic","Dargwic","","False","False","True","False"
"Ganenkov D.S.","Gender agreement alternation in Aqusha Dargwa: A case against information structure","2018.0","Northern Dargwa","Dargwa","Dargwic","Dargwic","","False","False","True","False"
"Ganenkov D.S.","Case and agreement in Mehweb","2019.0","Mehweb","Dargwa","Dargwic","Dargwic","","True","False","True","False"
"Ganenkov D.S.","Verb Stems in Aqusha Dargwa","2020.0","Northern Dargwa","Dargwa","Dargwic","Dargwic","","False","False","True","False"
"Ganenkov D.S.","Chirag Dargwa","2021.0","Chirag","Dargwa","Dargwic","Dargwic","","True","False","False","False"
"Ganenkov D.S.","Chirag Numerals","2021.0","Chirag","Dargwa","Dargwic","Dargwic","","True","False","False","False"
"Ganenkov D.S.","Person agreement with inherent case DPs in Chirag Dargwa","2022.0","Chirag","Dargwa","Dargwic","Dargwic","","False","False","True","False"
"Ganenkov D.S.","Tabasaran DoReCo dataset","2022.0","Tabasaran","Tabasaran","Lezgic","Lezgic","","False","False","True","False"
"Ganenkov D.S.","Partial control with overt embedded subjects in Chirag","2023.0","Chirag","Dargwa","Dargwic","Dargwic","","False","False","True","False"
"Ganenkov D.S.","Concord in the verbal domain: External agreement in Nakh-Daghestanian","2024.0","Northern Dargwa","Dargwa","Dargwic","Dargwic","","False","False","True","False"
"Ganenkov D.S. and Lander Yu.A. and Maisak T.A.","“Placeholders” in Agul and Udi spontaneous narratives","2007.0","Aghul, Udi","Aghul, Udi","Lezgic","Lezgic","","False","False","True","False"
"Ganenkov D.S. and Lander Yu.A. and Maisak T.A.","Удинский язык (ниджский диалект)","2008.0","Udi","Udi","Lezgic","Lezgic","","True","True","True","False"
"Ganenkov D.S. and Lander Yu.A. and Maisak T.A.","From interrogatives to placeholders in Udi and Agul spontaneous narratives","2010.0","Aghul, Udi","Aghul, Udi","Lezgic","Lezgic","","False","False","True","False"
"Ganenkov D.S. and Lander Yu.A. and Maisak T.A.","The ordering of ‘endoclitics’ and the structure of verbal roots in Niž Udi","2011.0","Udi","Udi","Lezgic","Lezgic","","False","False","True","False"
"Ganenkov D.S. and Lander Yu.A. and Maisak T.A.","Локативные формы как источник нелокативных падежей: даргинские данные","2011.0","Chirag, Southwestern Dargwa","Dargwa","Dargwic","Dargwic","","False","False","True","False"
"Ganenkov D.S. and Lander Yu.A. and Maisak T.A.","Удинский язык без эндоклитик","2012.0","Udi","Udi","Lezgic","Lezgic","","False","False","True","False"
"Ganenkov D.S. and Maisak T.A.","Contact-induced morphological change in Agul dialects","2008.0","Aghul","Aghul","Lezgic","Lezgic","","True","True","True","False"
"Ganenkov D.S. and Maisak T.A.","Aghul","2016.0","Aghul","Aghul","Lezgic","Lezgic","","True","False","True","False"
"Ganenkov D.S. and Maisak T.A. and Merdanova S.R.","Семантика пространственных форм существительных в агульском языке","2002.0","Aghul","Aghul","Lezgic","Lezgic","","False","False","True","False"
"Ganenkov D.S. and Maisak T.A. and Merdanova S.R.","Пространственные и непространственные значения локализации APUD «возле ориентира» в агульском языке","2006.0","Aghul","Aghul","Lezgic","Lezgic","","False","False","True","False"
"Ganenkov D.S. and Maisak T.A. and Merdanova S.R.","Involuntary agent as non-canonical subject in Agul","2008.0","Aghul","Aghul","Lezgic","Lezgic","","False","False","True","False"
"Ganenkov D.S. and Maisak T.A. and Merdanova S.R.","Non-canonical agent marking in Agul","2008.0","Aghul","Aghul","Lezgic","Lezgic","","False","False","True","False"
"Ganenkov D.S. and Maisak T.A. and Merdanova S.R.","The origin and use of quotative markers in Agul","2009.0","Aghul","Aghul","Lezgic","Lezgic","","False","False","True","False"
"Ganenkov D.S. and Maisak T.A. and Merdanova S.R.","Дискурсивная анафора в агульском языке","2009.0","Aghul","Aghul","Lezgic","Lezgic","","True","False","True","False"
"Ganenkov D.S. and Maisak T.A. and Merdanova S.R.","Periphrastic verbal forms and clause structure in Agul","2010.0","Aghul","Aghul","Lezgic","Lezgic","","False","False","True","False"
"Ganieva F.A.","Хиналугско-русский словарь","2002.0","Khinalug","Khinalug","Khinalug","Khinalug","","True","True","False","False"
"Ganieva F.A.","Проблемы отраслевой лексики лезгинского языка: семантика, структура и этимология","2005.0","Lezgian","Lezgian","Lezgic","Lezgic","https://search.rsl.ru/ru/record/01004071021","False","False","False","True"
"Ganieva F.A.","Диалекты и говоры самурского наречия лезгинского языка: (мазинский и гутумский диалекты, мичахский и смугульский говоры)","2011.0","Lezgian","Lezgian","Lezgic","Lezgic","https://search.rsl.ru/ru/record/01005396749","False","False","False","True"
"Ganieva F.A.","Джабинский диалект лезгинского языка","2012.0","Lezgian","Lezgian","Lezgic","Lezgic","https://search.rsl.ru/ru/record/01005443161","True","True","False","True"
"Ganieva F.A.","Курушский говор лезгинского языка","2012.0","Lezgian","Lezgian","Lezgic","Lezgic","https://search.rsl.ru/ru/record/01005465574","True","True","False","True"
"Ganieva F.A.","Отраслевая лексика лезгинского языка","2012.0","Lezgian","Lezgian","Lezgic","Lezgic","https://search.rsl.ru/ru/record/01005464861","False","False","False","True"
"Ganieva F.A.","Отраслевая лексика хиналугского языка","2015.0","Khinalug","Khinalug","Khinalug","Khinalug","https://search.rsl.ru/ru/record/01008760293","False","False","False","True"
"Ganieva F.A. and Shikhalieva S.Kh. and Otsomieva-Tagirova Z.M. and Temirbulatova S.M.","Лингвокультурная специфика имени собственного в фольклорных текстах (на материале анализа языков Дагестана)","2019.0","Avar, Northern Dargwa, Lezgian, Tabasaran","Avar, Dargwa, Lezgian, Tabasaran","Avar-Andic, Dargwic, Lezgic","Avar-Andic, Dargwic, Lezgic","","False","False","True","False"
"Gaprindashvili Sh.G.","Фонетика даргинского языка","1966.0","Northern Dargwa","Dargwa","Dargwic","Dargwic","","False","True","False","False"
"Gasanova G.Sh.","Именная синонимия лезгинского и арабского языков","2004.0","Lezgian","Lezgian","Lezgic","Lezgic","https://search.rsl.ru/ru/record/01002737814","False","False","False","True"
"Gasanova M.A.","Табасаранские пословицы и поговорки: лингвистический и лингвокультурологический аспекты","2015.0","Tabasaran","Tabasaran","Lezgic","Lezgic","https://search.rsl.ru/ru/record/01008255241","False","False","False","True"
"Gasanova M.A. and Shikhalieva S.Kh.","Метафора как человеческий фактор в пространстве языка и культуры: смысл и интерпретация (на материале табасаранских пословиц и поговорок)","2014.0","Tabasaran","Tabasaran","Lezgic","Lezgic","","False","False","True","False"
"Gasanova M.A. and Shikhalieva S.Kh.","Табасаранская разговорная речь в современном городском пространстве: этническое и лингвистическое","2018.0","Tabasaran","Tabasaran","Lezgic","Lezgic","","False","False","True","False"
"Gasanova R.G.","Методика преодоления интерференции в условиях многоязычия: на примере аварского, русского и английского языков","2012.0","Avar","Avar","Avar-Andic","Avar-Andic","https://search.rsl.ru/ru/record/01005426111","False","False","False","True"
"Gasanova R.O.","Глаголы движения в русском и лезгинском языках: К проблеме соотношения граммат. и семант. структуры слова","1996.0","Lezgian","Lezgian","Lezgic","Lezgic","https://search.rsl.ru/ru/record/01000159529","False","False","False","True"
"Gasanova S.M.","Глагол в даргинском языке","1961.0","Northern Dargwa","Dargwa","Dargwic","Dargwic","","False","True","False","False"
"Gasanova S.M.","Очерки даргинской диалектологии","1971.0","Muira, Southwestern Dargwa, Northern Dargwa, Sanzhi-Itsari, Mehweb, Usisha-Butri","Dargwa","Dargwic","Dargwic","https://search.rsl.ru/ru/record/01007242848","True","True","False","True"
"Gasanova S.N.","Сравнительный анализ соматических фразеологических единиц восточно-лезгинских языков","1991.0","Lezgian, Tabasaran, Aghul","Aghul, Lezgian, Tabasaran","Lezgic","Lezgic","https://search.rsl.ru/ru/record/01007903431","False","False","False","True"
"Gasanova S.N.","Синтаксис словосочетания агульского языка","2012.0","Aghul","Aghul","Lezgic","Lezgic","https://search.rsl.ru/ru/record/01005520005","False","False","False","True"
"Gasanova S.N.","Говорим по-агульски","2016.0","Aghul","Aghul","Lezgic","Lezgic","https://search.rsl.ru/ru/record/01008809531","False","False","False","True"
"Gasanova S.N.","Словарь фразеологических и паремиологических единиц агульского языка. Тексты легенд с комментариями","2018.0","Aghul","Aghul","Lezgic","Lezgic","https://search.rsl.ru/ru/record/01009936127","False","False","False","True"
"Gasanova U.U.","Наречие в даргинском языке","1997.0","Northern Dargwa","Dargwa","Dargwic","Dargwic","https://search.rsl.ru/ru/record/01000161289","False","False","False","True"
"Gasanova U.U.","Наречие в даргинском языке: пособие по спецкурсу для студентов даргинского отделения факультета дагестанской филологии ДГУ","2001.0","Northern Dargwa","Dargwa","Dargwic","Dargwic","","False","True","False","False"
"Gasanova U.U.","Лексика и словообразование хайдакского диалекта даргинского языка","2012.0","Kajtak","Dargwa","Dargwic","Dargwic","https://search.rsl.ru/ru/record/01005089340","False","False","False","True"
"Gasanova U.U.","Фразеологический словарь даргинского языка","2018.0","Northern Dargwa","Dargwa","Dargwic","Dargwic","https://search.rsl.ru/ru/record/01009846326","False","False","False","True"
"Gatsajnieva A.K.","Словообразовательный потенциал названий частей тела человека в русском и даргинском языках","2021.0","Northern Dargwa","Dargwa","Dargwic","Dargwic","https://search.rsl.ru/ru/record/01011026501","False","False","False","True"
"Gatsajnieva G.K.","Сопоставительный анализ соматических фразеологических единиц даргинского и русского языков","2007.0","Northern Dargwa","Dargwa","Dargwic","Dargwic","https://search.rsl.ru/ru/record/01003360172","False","False","False","True"
"Gazilov M.G.","Осложненное предложение в аварском языке в сопоставлении с французским","2003.0","Avar","Avar","Avar-Andic","Avar-Andic","https://search.rsl.ru/ru/record/01002753338","False","False","False","True"
"Gebekova Z.G.","Глагольные словосочетания в аварском литературном языке","2018.0","Avar","Avar","Avar-Andic","Avar-Andic","https://search.rsl.ru/ru/record/01009871616","False","False","False","True"
"Gelyaeva A.I. and Nalgieva Kh.I.","Человек в идиоматическом пространстве языка","2018.0","Ingush","Ingush","Nakh","Nakh","https://search.rsl.ru/ru/record/01009971002","False","False","False","True"
"Genko A.N.","Табасаранско-русский словарь","2005.0","Tabasaran","Tabasaran","Lezgic","Lezgic","https://search.rsl.ru/ru/record/01002804026","False","True","False","True"
"Gérardin H. and Rochant N.","Alignment in the Andic languages: Towards a definition of transitivity in Zilo Andi","2018.0","Upper Andi","Andi","Avar-Andic","Avar-Andic","","False","False","True","False"
"Gerekhanova S.B.","Типология простого предложения аварского и русского языков","2018.0","Avar","Avar","Avar-Andic","Avar-Andic","https://search.rsl.ru/ru/record/01008587508","False","False","False","True"
"Gimbatov M.M.","Аварско-русский словарь (рукопись)","2006.0","Avar","Avar","Avar-Andic","Avar-Andic","","True","False","False","False"
"Gippert J.","Endangered Caucasian languages in Georgia: Linguistic parameters of language endangerment","2008.0","Tsova-Tush, Udi","Tsova-Tush, Udi","Lezgic, Nakh","Lezgic, Nakh","","False","False","True","False"
"Gireev V.Yu.","Особенности начального периода развития вайнахских литературных языков","1980.0","Chechen, Ingush","Chechen, Ingush","Nakh","Nakh","https://search.rsl.ru/ru/record/01008960198","False","False","False","True"
"Gireev V.Yu.","История и проблемы формирования чеченского литературного языка","2010.0","Chechen","Chechen","Nakh","Nakh","https://search.rsl.ru/ru/record/01004956078","False","False","False","True"
"Goltakova Z.A. and Zherebilo T.V.","Функционирование заимствований из русского языка в речи чеченцев-билингвов","2017.0","Chechen","Chechen","Nakh","Nakh","","False","False","True","False"
"Good Jeff","On the origin of a verb phrase template in Chechen and Ingush","2002.0","Chechen, Ingush","Chechen, Ingush","Nakh","Nakh","","False","False","True","False"
"Good Jeff","Clause combining in Chechen","2003.0","Chechen","Chechen","Nakh","Nakh","","False","True","True","False"
"Good Jeff","Strong linearity: Three case studies towards a theory of morphosyntactic templatic constructions","2003.0","Chechen","Chechen","Nakh","Nakh","","False","True","False","False"
"Good Jeff","A phrasal template and phrasal NDEB: The case of the Chechen core verb phrase","2005.0","Chechen","Chechen","Nakh","Nakh","","False","False","True","False"
"Good Jeff","Rarum begets rarum: A rare clitic and morphosyntactic reduplication in Chechen and Ingush","2006.0","Chechen, Ingush","Chechen, Ingush","Nakh","Nakh","","False","False","True","False"
"Graham C.","The Avar language","1881.0","Avar","Avar","Avar-Andic","Avar-Andic","","False","True","False","False"
"Grashhenkov P.V.","Статус показателей именного согласования в теории, типологии и хваршинском языке","2021.0","Khwarshi","Khwarshi","Tsezic","Tsezic","","True","False","False","False"
"Gudava T.E.","Botlixuri ena","1962.0","Botlikh","Botlikh","Avar-Andic","Avar-Andic","","True","False","False","False"
"Gudava T.E.","Консонантизм андийских языков: историко-сравнительный анализ","1964.0","Northern Akhvakh, Bagvalal, Chamalal, Godoberi, Karata, Tindi","Akhvakh, Bagvalal, Chamalal, Godoberi, Karata, Tindi","Avar-Andic","Avar-Andic","","False","True","False","False"
"Gudava T.E.","Ботлихский язык","1967.0","Botlikh","Botlikh","Avar-Andic","Avar-Andic","","True","True","False","False"
"Gudava T.E.","Багвалинский язык","1971.0","Bagvalal","Bagvalal","Avar-Andic","Avar-Andic","","True","True","False","False"
"Gudava T.E.","Историко-сравнительный анализ консонантизма дидойских языков","1979.0","Bezhta, Hunzib, Hinuq, Khwarshi, Tsez","Bezhta, Hinuq, Hunzib, Khwarshi, Tsez","Tsezic","Tsezic","https://search.rsl.ru/ru/record/01007621418","False","False","False","True"
"Guérin F.","Première approche du système verbal de l'ingouche","1998.0","Ingush","Ingush","Nakh","Nakh","","False","True","False","False"
"Guérin F.","Description de l'Ingouche: Parler du Centre Nord du Caucase","2001.0","Ingush","Ingush","Nakh","Nakh","","False","True","False","False"
"Guérin F. and Partchieva P.","Parlons tchétchène-ingouche: langue et culture","1997.0","Ingush, Chechen","Chechen, Ingush","Nakh","Nakh","","False","True","False","False"
"Gukasyan V.L.","Фонетические и морфологические особенности ниджского диалекта удинского языка","1965.0","Udi","Udi","Lezgic","Lezgic","https://search.rsl.ru/ru/record/01010480520","False","False","False","True"
"Gukasyan V.L.","Взаимоотношения азербайджанского и удинского языков","1972.0","Udi","Udi","Lezgic","Lezgic","https://search.rsl.ru/ru/record/01009819753","False","False","False","True"
"Gukasyan V.L.","Удинско-азербайджанско-русский словарь","1974.0","Udi","Udi","Lezgic","Lezgic","https://search.rsl.ru/ru/record/01007260479","True","False","False","True"
"Gulmegamedov A.G.","Гафарикай гафар","2010.0","Lezgian","Lezgian","Lezgic","Lezgic","https://search.rsl.ru/ru/record/01004713599","False","False","False","True"
"Gulmegamedov A.G.","Лезги чIалан словарь: пуд томдикай ибарат","2012.0","Lezgian","Lezgian","Lezgic","Lezgic","https://search.rsl.ru/ru/record/01006568272","False","False","False","True"
"Gumashvili S.E.","Особенности распределения имен существительных по грамматическим классам в кистинском диалекте чеченского языка","1983.0","Chechen","Chechen","Nakh","Nakh","https://search.rsl.ru/ru/record/01008770409","False","False","False","True"
"Gusaeva R.R.","Гуладтынский говор даргинского языка","2017.0","Southwestern Dargwa","Dargwa","Dargwic","Dargwic","https://search.rsl.ru/ru/record/01008583340","False","False","False","True"
"Gusejnov G.-R.A.-K.","К истории чеченской лексики: на материале русско-чеченских языковых контактов","1978.0","Chechen","Chechen","Nakh","Nakh","https://search.rsl.ru/ru/record/01009413166","False","False","False","True"
"Gusejnova B.I.","Функциональная характеристика местоимений даргинского языка","1997.0","Northern Dargwa","Dargwa","Dargwic","Dargwic","https://search.rsl.ru/ru/record/01000186139","False","False","False","True"
"Gusejnova F.I.","Лексика рутульского языка","1988.0","Rutul","Rutul","Lezgic","Lezgic","https://search.rsl.ru/ru/record/01008521248","False","False","False","True"
"Gusejnova Kh.K.","Религиозная терминология в даргинском языке","2018.0","Northern Dargwa","Dargwa","Dargwic","Dargwic","https://search.rsl.ru/ru/record/01008587457","False","False","False","True"
"Gusejnova Kh.K.","Становление и развитие религиозной терминологии в даргинском языке","2020.0","Northern Dargwa","Dargwa","Dargwic","Dargwic","https://search.rsl.ru/ru/record/01010496107","False","False","False","True"
"Gusejnova M.M.","Категория атрибутивности и ее выражение в даргинском языке","2002.0","Northern Dargwa","Dargwa","Dargwic","Dargwic","https://search.rsl.ru/ru/record/01002338087","False","False","False","True"
"Gusejnova M.Sh.","Земледельческая лексика восточнолезгинских языков","2004.0","Lezgian, Tabasaran, Aghul","Aghul, Lezgian, Tabasaran","Lezgic","Lezgic","https://search.rsl.ru/ru/record/01002737699","False","False","False","True"
"Gusejnova P.M.","Русские заимствования в даргинском языке","2002.0","Northern Dargwa","Dargwa","Dargwic","Dargwic","https://search.rsl.ru/ru/record/01002315463","False","False","False","True"
"Gusejnova R.A.","Категория числа в аварском и английском языках","2006.0","Avar","Avar","Avar-Andic","Avar-Andic","https://search.rsl.ru/ru/record/01003011280","False","False","False","True"
"Gusenova N.M.","Кассагумахинский говор даргинского языка","2011.0","Southwestern Dargwa","Dargwa","Dargwic","Dargwic","https://search.rsl.ru/ru/record/01004947624","False","False","False","True"
"Gvindzhilia L.S.","Образование множественного числа имен существительных в даргинском и лакском языках","1979.0","Northern Dargwa, Lak","Dargwa, Lak","Dargwic, Lak","Dargwic, Lak","https://search.rsl.ru/ru/record/01009416549","False","False","False","True"
"Gyulmagomedov A.G.","Куткашенские говоры лезгинского языка: По данным селений Лаза и Дуруджа","1965.0","Lezgian","Lezgian","Lezgic","Lezgic","https://search.rsl.ru/ru/record/01010413979","False","False","False","True"
"Gyulmagomedov A.G.","Русско-лезгинский школьный фразеологический словарь","1971.0","Lezgian","Lezgian","Lezgic","Lezgic","https://search.rsl.ru/ru/record/01007262961","False","False","False","True"
"Gyulmagomedov A.G.","Библиография по лезгинскому языкознанию","1972.0","Lezgian","Lezgian","Lezgic","Lezgic","https://search.rsl.ru/ru/record/01007262960","False","False","False","True"
"Gyulmagomedov A.G.","Основы фразеологии лезгинского языка","1978.0","Lezgian","Lezgian","Lezgic","Lezgic","https://search.rsl.ru/ru/record/01007775147","False","False","False","True"
"Gyulmagomedov A.G.","Школьный русско-лезгинский словарь","1987.0","Lezgian","Lezgian","Lezgic","Lezgic","https://search.rsl.ru/ru/record/01011284532","False","False","False","True"
"Gyulmagomedov A.G.","Словарь лезгинского языка. Т. 1. А - Й","2012.0","Lezgian","Lezgian","Lezgic","Lezgic","https://search.rsl.ru/ru/record/01006575382","False","False","False","True"
"Hakim J. and Hauk B.","Acoustic properties of singleton and geminate ejective stops in Tsova‐Tush","2019.0","Tsova-Tush","Tsova-Tush","Nakh","Nakh","","False","False","True","False"
"Handel Z.","Ingush inflectional verb morphology: a synchronic classification and historical analysis with comparison to Chechen","2011.0","Chechen, Ingush","Chechen, Ingush","Nakh","Nakh","","False","False","True","False"
"Handel Z. and Nichols J.","Ingush Grammar","2000.0","Ingush","Ingush","Nakh","Nakh","","False","True","False","False"
"Harris A.C.","Where in the word is the Udi clitic?","2000.0","Udi","Udi","Lezgic","Lezgic","","False","True","False","False"
"Harris A.C.","Endoclitics and the origins of Udi morphosyntax","2002.0","Udi","Udi","Lezgic","Lezgic","","True","True","False","False"
"Harris A.C.","The Prehistory of Udi Locative Cases and Locative Preverbs","2003.0","Udi","Udi","Lezgic","Lezgic","","False","True","False","False"
"Harris A.C.","Batsbi Grammatical Sketch","2018.0","Tsova-Tush","Tsova-Tush","Nakh","Nakh","","True","False","False","False"
"Harris A.C. and Hauk B.","Batsbi","2022.0","Tsova-Tush","Tsova-Tush","Nakh","Nakh","","True","False","False","False"
"Harris A.C. and Samuel A.G.","Perception of Exuberant Exponence in Batsbi: Fuctional or Incidental?","2011.0","Tsova-Tush","Tsova-Tush","Nakh","Nakh","","False","True","True","False"
"Harris A.C. and Samuel A.G.","Processing and production of clitics in Udi and European Portuguese: Testing a processing account of an extension of the suffixing preference","2024.0","Udi","Udi","Lezgic","Lezgic","","False","False","True","False"
"Haspelmath M.","On the question of deep ergativity: the evidence from Lezgian","1991.0","Lezgian","Lezgian","Lezgic","Lezgic","","False","True","False","False"
"Haspelmath M.","The Tsakhur Language","1992.0","Tsakhur","Tsakhur","Lezgic","Lezgic","","False","False","True","False"
"Haspelmath M.","A Grammar of Lezgian","1993.0","Lezgian","Lezgian","Lezgic","Lezgic","","True","True","True","False"
"Haspelmath M.","The tense system of Lezgian","1994.0","Lezgian","Lezgian","Lezgic","Lezgic","","False","False","True","False"
"Haspelmath M.","Contextual and specialized converbs in Lezgian","1995.0","Lezgian","Lezgian","Lezgic","Lezgic","","False","True","True","False"
"Haspelmath M.","Complement clauses","1996.0","Godoberi","Godoberi","Avar-Andic","Avar-Andic","","True","False","False","False"
"Haspelmath M.","Long distance agreement in Godoberi (Daghestanian) complement clauses","1999.0","Godoberi","Godoberi","Avar-Andic","Avar-Andic","","False","False","True","False"
"Hauk B.","Tsova-Tush ""intensive"" consonants","2018.0","Tsova-Tush","Tsova-Tush","Nakh","Nakh","","False","False","True","False"
"Hauk B.","Shifty clusivity in Tsova-Tush","2019.0","Tsova-Tush","Tsova-Tush","Nakh","Nakh","","False","False","True","False"
"Hauk B.","Deixis and Reference Tracking in Tsova-Tush","2020.0","Tsova-Tush","Tsova-Tush","Nakh","Nakh","","False","True","True","False"
"Hauk B. and Rentz B.","Tsova-Tush language attitudes and use","2019.0","Tsova-Tush","Tsova-Tush","Nakh","Nakh","","False","True","True","False"
"Hauk B. and Stabile C.","Discourse-pragmatic elements under language contact: The case of Pidgin like and Tsova-Tush","2020.0","Tsova-Tush","Tsova-Tush","Nakh","Nakh","","False","False","True","False"
"Heinecke J.","Computer supported morphological database for Chechen","1999.0","Chechen","Chechen","Nakh","Nakh","","False","True","True","False"
"Helma van den Berg","A Grammar of Hunzib (with Texts and Lexicon)","1995.0","Hunzib","Hunzib","Tsezic","Tsezic","https://search.rsl.ru/ru/record/01000440367","True","True","False","True"
"Helma van den Berg","A Dargi text with some comments","1999.0","Northern Dargwa","Dargwa","Dargwic","Dargwic","","False","True","False","False"
"Helma van den Berg","Gender and person agreement in Akusha Dargi","1999.0","Northern Dargwa","Dargwa","Dargwic","Dargwic","","False","True","False","False"
"Helma van den Berg","Antipassive in Bezhta","2000.0","Bezhta","Bezhta","Tsezic","Tsezic","","False","True","False","False"
"Helma van den Berg","Dargi folktales: oral stories from the Caucasus and an introduction to Dargi grammar","2001.0","Northern Dargwa","Dargwa","Dargwic","Dargwic","","True","True","False","False"
"Helma van den Berg","Das darginische Lokalsystem: Ein synchronischer und diachronischer Überblick","2003.0","Northern Dargwa","Dargwa","Dargwic","Dargwic","","False","True","False","False"
"Helma van den Berg","Coordinating constructions in Daghestanian languages","2004.0","Northern Dargwa","Dargwa","Dargwic","Dargwic","","False","True","False","False"
"Helmbrecht J.","The syntax of personal agreement in East Caucasian languages","1996.0","Lak","Lak","Lak","Lak","","False","True","True","False"
"Holisky D.A.","Stative Verbs in Georgian, and Elsewhere","1976.0","Tsova-Tush","Tsova-Tush","Nakh","Nakh","","False","True","False","False"
"Holisky D.A.","Aspect Theory and Georgian Aspect","1981.0","Tsova-Tush","Tsova-Tush","Nakh","Nakh","","False","True","False","False"
"Holisky D.A.","The case of the intransitive subject in Tsova-Tush (Batsbi)","1987.0","Tsova-Tush","Tsova-Tush","Nakh","Nakh","","False","True","False","False"
"Hümmətov İ. and Rind-Pawlowski M.","Qrızca-azərbaycanca-ingiliscə lüğət","2020.0","Kryz","Kryz","Lezgic","Lezgic","","True","True","False","False"
"Ibragimov A.G.","Гельмецкий диалект цахурского языка","2011.0","Tsakhur","Tsakhur","Lezgic","Lezgic","https://search.rsl.ru/ru/record/01005388784","True","False","False","True"
"Ibragimov G.Kh.","Фонетика цахурского языка","1964.0","Tsakhur","Tsakhur","Lezgic","Lezgic","https://search.rsl.ru/ru/record/01010530839","False","False","False","True"
"Ibragimov G.Kh.","Рутульский язык","1978.0","Rutul","Rutul","Lezgic","Lezgic","https://search.rsl.ru/ru/record/01007778539","True","True","False","True"
"Ibragimov G.Kh.","Цахурский язык","1990.0","Tsakhur","Tsakhur","Lezgic","Lezgic","https://search.rsl.ru/ru/record/01001540057","True","True","False","True"
"Ibragimov G.Kh.","Рутульский язык. Синхрония и диахрония","2004.0","Rutul","Rutul","Lezgic","Lezgic","https://search.rsl.ru/ru/record/01002604147","True","True","False","True"
"Ibragimov G.Kh. and Nurmamedov Yu.M.","Цахурско-русский словарь","2010.0","Tsakhur","Tsakhur","Lezgic","Lezgic","","True","True","False","False"
"Ibragimov M.R.","Фонетико-морфологическое освоение кумыкских заимствований в современном даргинском языке","2009.0","Northern Dargwa","Dargwa","Dargwic","Dargwic","https://search.rsl.ru/ru/record/01004396263","False","False","False","True"
"Ibragimova E.R.","Арабизмы в табасаранском языке","2003.0","Tabasaran","Tabasaran","Lezgic","Lezgic","https://search.rsl.ru/ru/record/01002333627","False","False","False","True"
"Ibragimova G.Kh.","Национально-культурный компонент в лексике и фразеологии даргинского языка","2009.0","Northern Dargwa","Dargwa","Dargwic","Dargwic","https://search.rsl.ru/ru/record/01004381717","False","False","False","True"
"Ibragimova G.O.","Числительное даргинского языка","2004.0","Northern Dargwa","Dargwa","Dargwic","Dargwic","https://search.rsl.ru/ru/record/01002815716","False","False","False","True"
"Ibragimova G.O.","Салам: разговорный даргинский язык (начальный уровень): рабочая тетрадь","2022.0","Northern Dargwa","Dargwa","Dargwic","Dargwic","https://search.rsl.ru/ru/record/01011501603","False","False","False","True"
"Ibragimova L.I.","Вопросительные и отрицательные предложения в русском и аварском языках: структурная и функционально-семантическая характеристика","2016.0","Avar","Avar","Avar-Andic","Avar-Andic","https://search.rsl.ru/ru/record/01008676947","False","False","False","True"
"Ibragimova L.I. Mallaeva S.D. and Mallaeva Z.M. ","Семантическая роль субъекта и объекта в каузативной конструкции (на материале аварского языка)","2019.0","Avar","Avar","Avar-Andic","Avar-Andic","","False","False","True","False"
"Ibragimova L.M.","Мюхрекский диалект рутульского языка","2009.0","Rutul","Rutul","Lezgic","Lezgic","https://search.rsl.ru/ru/record/01004367465","True","True","False","True"
"Ibragimova M.O.","Сравнительная характеристика падежей в диалектах рутульского языка","2015.0","Rutul","Rutul","Lezgic","Lezgic","https://search.rsl.ru/ru/record/01005100424","False","False","False","True"
"Ibragimova M.O.","Категория падежа и морфология склонения в рутульском языке: диалектная стратификация","2019.0","Rutul","Rutul","Lezgic","Lezgic","https://search.rsl.ru/ru/record/01010273445","False","False","False","True"
"Ibragimova M.O.","Категории класса и числа в рутульском, цахурском и шахдагских языках: сравнительный анализ","2023.0","Rutul, Tsakhur","Rutul, Tsakhur","Lezgic","Lezgic","https://search.rsl.ru/ru/record/01012300700","False","False","False","True"
"Ibragimova M.O.","Библиография по рутульскому языку, литературе, этнографии и истории","2024.0","Rutul","Rutul","Lezgic","Lezgic","https://search.rsl.ru/ru/record/01013405502","False","False","False","True"
"Ibragimova S.S.","Фонетические и морфологические особенности худуцского говора сирхинского диалекта даргинского языка","2012.0","Southwestern Dargwa","Dargwa","Dargwic","Dargwic","https://search.rsl.ru/ru/record/01005400504","True","False","False","True"
"Ibramkhalilova Z.T.","Сопоставительный анализ моделей зависимого таксиса в лезгинском и английском языках: когнитивный аспект","2017.0","Lezgian","Lezgian","Lezgic","Lezgic","https://search.rsl.ru/ru/record/01008583419","False","False","False","True"
"Idrazova E.S.-A.","Язык чеченских народных сказок: на материале лексики","2016.0","Chechen","Chechen","Nakh","Nakh","https://search.rsl.ru/ru/record/01008583226","False","False","False","True"
"Idrisova N.P.","Фразеологические единицы со значением качественной характеристики человека в аварском и английском языках","2007.0","Avar","Avar","Avar-Andic","Avar-Andic","https://search.rsl.ru/ru/record/01003321008","False","False","False","True"
"Ilyasov Kh.I.","Краткая сопоставительная грамматика русского, турецкого и лакского языков (морфология): учебное пособие","2023.0","Lak","Lak","Lak","Lak","https://search.rsl.ru/ru/record/01012641607","False","False","False","True"
"Ilyasova R.S.","Антонимия в современном чеченском языке в сопоставлении с русским языком","2013.0","Chechen","Chechen","Nakh","Nakh","https://search.rsl.ru/ru/record/01006566346","False","False","False","True"
"Ilyasova R.S.","Антонимия в чеченском и русском языках: сопоставительный аспект","2013.0","Chechen","Chechen","Nakh","Nakh","https://search.rsl.ru/ru/record/01007849678","False","False","False","True"
"Imanmagomedova E.A.","Функционально-семантическая характеристика общественно-политической терминологии в аварском языке","2018.0","Avar","Avar","Avar-Andic","Avar-Andic","https://search.rsl.ru/ru/record/01008587454","False","False","False","True"
"Imanmagomedova E.A.","Общественно-политическая терминология в аварском языке","2019.0","Avar","Avar","Avar-Andic","Avar-Andic","https://search.rsl.ru/ru/record/01010339793","False","False","False","True"
"Imnajshvili D.S.","Дидойский язык в сравнении с гинухским и хваршинским языками","1963.0","Khwarshi, Hinuq, Tsez","Hinuq, Khwarshi, Tsez","Tsezic","Tsezic","","True","True","False","False"
"Imnajshvili D.S.","Историко-сравнительный анализ фонетики нахских языков","1977.0","Chechen, Ingush, Tsova-Tush","Chechen, Ingush, Tsova-Tush","Nakh","Nakh","https://search.rsl.ru/ru/record/01007673712","False","False","False","True"
"Ireziev S.-Kh.S.-E.","Фонетические процессы при образовании временных форм в чеченском и ингушском языках","2014.0","Chechen, Ingush","Chechen, Ingush","Nakh","Nakh","https://search.rsl.ru/ru/record/01007516654","False","False","False","True"
"Ireziev S.-Kh.S.-E.","Мукъачу аьзнийн система а, хандешнийн хIоттамехь фонетически хиламаш а","2024.0","Chechen","Chechen","Nakh","Nakh","https://search.rsl.ru/ru/record/01013187167","False","False","False","True"
"Ireziev S.-Kh.S.-E.","Фонетические процессы в структуре глаголов чеченского и ингушского языков","2025.0","Chechen, Ingush","Chechen, Ingush","Nakh","Nakh","https://search.rsl.ru/ru/record/01013734298","False","False","False","True"
"Isaev A.A.","Даргинские арабографические рукописи XVIII - начала XX вв.","2015.0","Northern Dargwa","Dargwa","Dargwic","Dargwic","https://search.rsl.ru/ru/record/01008897965","False","False","False","True"
"Isaev M.G.","Особенности тлянадинского говора анцухского диалекта аварского языка","1975.0","Avar","Avar","Avar-Andic","Avar-Andic","https://search.rsl.ru/ru/record/01004051999","False","False","False","True"
"Isaev M.G.","Сравнительный анализ глагольных категорий аварского языка","2004.0","Avar","Avar","Avar-Andic","Avar-Andic","https://search.rsl.ru/ru/record/01002741795","False","False","False","True"
"Isaev M.-Sh.A.","Структура глагольных словосочетаний в даргинском языке","1982.0","Northern Dargwa","Dargwa","Dargwic","Dargwic","https://search.rsl.ru/ru/record/01008874446","False","False","False","True"
"Isaev M.-Sh.A.","Русско-даргинский словарь","1988.0","Northern Dargwa","Dargwa","Dargwic","Dargwic","https://search.rsl.ru/ru/record/01001455639","True","True","False","True"
"Isaev M.-Sh.A.","Структурная организация и семантика фразеологических единиц даргинского языка","1996.0","Northern Dargwa","Dargwa","Dargwic","Dargwic","https://search.rsl.ru/ru/record/01000158388","False","True","False","True"
"Isaev M.-Sh.A.","Dargwa","2004.0","Northern Dargwa","Dargwa","Dargwic","Dargwic","","False","True","False","False"
"Isaev M.-Sh.A. and Mallaeva Z.M.","Об особом случае редупликации глаголов в аварском языке","1999.0","Avar","Avar","Avar-Andic","Avar-Andic","","False","False","True","False"
"Isaev N.G.","Фонетика рутульского языка","1973.0","Rutul","Rutul","Lezgic","Lezgic","https://search.rsl.ru/ru/record/01009783445","False","False","False","True"
"Isaev N.G.","Русско-цахурский разговорник","2004.0","Tsakhur","Tsakhur","Lezgic","Lezgic","","False","True","False","False"
"Isaeva E.M.","Вербализация концепта «Любовь к противоположному полу» в паремиологических единицах: на материале аварского, русского и английского языков","2019.0","Avar","Avar","Avar-Andic","Avar-Andic","https://search.rsl.ru/ru/record/01008585537","False","False","False","True"
"Isaeva Z.N.","Функционирование и развитие цахурско-русского двуязычия","2005.0","Tsakhur","Tsakhur","Lezgic","Lezgic","https://search.rsl.ru/ru/record/01002747580","False","False","False","True"
"Isakov I.A.","Русско-аварский словарь: более 10000 слов","1992.0","Avar","Avar","Avar-Andic","Avar-Andic","","False","True","False","False"
"Isakov I.A.","Кусурский диалект аварского языка","2020.0","Avar","Avar","Avar-Andic","Avar-Andic","https://search.rsl.ru/ru/record/01010497288","True","False","False","True"
"Isakov I.A.","МагIарул мацIалъул битIунхъваялъул словарь: 102000 рагIи ва рагIул форма","2021.0","Avar","Avar","Avar-Andic","Avar-Andic","https://search.rsl.ru/ru/record/01011051832","False","False","False","True"
"Isakov I.A. and Khalilov M.Sh.","Гунзибско-русский словарь","2001.0","Hunzib","Hunzib","Tsezic","Tsezic","https://search.rsl.ru/ru/record/01000720335","True","True","False","True"
"Isakov I.A. and Khalilov M.Sh.","Гинухский язык","2004.0","Hinuq","Hinuq","Tsezic","Tsezic","","False","True","False","False"
"Isakov I.A. and Khalilov M.Sh.","Гинухско-русский словарь","2005.0","Hinuq","Hinuq","Tsezic","Tsezic","","True","True","False","False"
"Isakov I.A. and Khalilov M.Sh.","Гунзибский язык (Фонетика. Морфология. Словообразование. Лексика. Тексты)","2012.0","Hunzib","Hunzib","Tsezic","Tsezic","https://search.rsl.ru/ru/record/01006579654","True","True","False","True"
"Islamov R.A.","Хновский говор борчинско-хновского диалекта рутульского языка: фонетика, морфология, лексика","2014.0","Rutul","Rutul","Lezgic","Lezgic","https://search.rsl.ru/ru/record/01007533016","True","True","False","True"
"Islamova E.M.","Лексико-грамматические средства выражения эпистемической модальности в английском и даргинском языках","2004.0","Northern Dargwa","Dargwa","Dargwic","Dargwic","https://search.rsl.ru/ru/record/01002770207","False","False","False","True"
"Islamova U.A.","Простое предложение в аварском языке в сопоставлении с английским","1999.0","Avar","Avar","Avar-Andic","Avar-Andic","https://search.rsl.ru/ru/record/01000218407","False","False","False","True"
"Ismailov A.T.","Дош: нохчийн маттах йолу ойланаш","2005.0","Chechen","Chechen","Nakh","Nakh","https://search.rsl.ru/ru/record/01002686150","False","False","False","True"
"Ismailova A.M.","Способы выражения второстепенных членов предложения в рутульском языке","2005.0","Rutul","Rutul","Lezgic","Lezgic","https://search.rsl.ru/ru/record/01002771474","False","False","False","True"
"Ismailova A.M.","Особенности оформления объектных, определительных и обстоятельственных отношений в рутульском языке","2010.0","Rutul","Rutul","Lezgic","Lezgic","https://search.rsl.ru/ru/record/01004976248","False","False","False","True"
"Ismailova A.S.","Русско-даргинский разговорник","2007.0","Northern Dargwa","Dargwa","Dargwic","Dargwic","","False","True","False","False"
"Ismailova A.S.","Мугринский говор даргинского языка: фонетические и морфологические особенности","2012.0","Northern Dargwa","Dargwa","Dargwic","Dargwic","https://search.rsl.ru/ru/record/01005409661","True","False","False","True"
"Ismailova E.I.","Русско-рутульский словарь: 14000 слов","2011.0","Rutul","Rutul","Lezgic","Lezgic","https://search.rsl.ru/ru/record/01005400716","True","True","False","True"
"Ismailova E.I.","Рутульская топонимия: структурно-семантический аспект","2015.0","Rutul","Rutul","Lezgic","Lezgic","https://search.rsl.ru/ru/record/01007972213","False","False","False","True"
"Ismailova E.I.","Русско-рутульский терминологический словарь","2020.0","Rutul","Rutul","Lezgic","Lezgic","https://search.rsl.ru/ru/record/01010498882","False","False","False","True"
"Ismailova Ya.R.","Нитрикский диалект табасаранского языка: Фонетика и морфология","2005.0","Tabasaran","Tabasaran","Lezgic","Lezgic","https://search.rsl.ru/ru/record/01002851944","False","False","False","True"
"Ismailova Z.I.","Структурно-семантическая характеристика фразеологии современного арабского литературного языка в сопоставлении с аварским и русским языками: на материале фразеологизмов с компонентами, обозначающими части тела","2011.0","Avar","Avar","Avar-Andic","Avar-Andic","https://search.rsl.ru/ru/record/01005395539","False","False","False","True"
"Ismailova Z.S.","Лексико-семантическое взаимодействие русского и лакского языков в организации художественного текста","2011.0","Lak","Lak","Lak","Lak","https://search.rsl.ru/ru/record/01004936783","False","False","False","True"
"Israfilov N.R.","Фитинский говор агульского языка","2007.0","Aghul","Aghul","Lezgic","Lezgic","https://search.rsl.ru/ru/record/01003360896","False","True","False","True"
"Israfilov R.S.","Фразеологический словарь агульского языка","2014.0","Aghul","Aghul","Lezgic","Lezgic","https://search.rsl.ru/ru/record/01007549719","False","False","False","True"
"Israilova L.Yu.","Англицизмы в чеченском языке","2010.0","Chechen","Chechen","Nakh","Nakh","https://search.rsl.ru/ru/record/01004722464","False","False","False","True"
"Israilova L.Yu.","Английская лексика в чеченском языке (заимствование и освоение)","2013.0","Chechen","Chechen","Nakh","Nakh","https://search.rsl.ru/ru/record/01006609830","False","False","False","True"
"Israilova L.Yu.","Словарь англицизмов, заимствованных чеченским языком","2015.0","Chechen","Chechen","Nakh","Nakh","https://search.rsl.ru/ru/record/01008780806","False","False","False","True"
"Israpova A.I.","Сопоставительный анализ синтаксических структур даргинского и английского языков","2004.0","Northern Dargwa","Dargwa","Dargwic","Dargwic","https://search.rsl.ru/ru/record/01002737913","False","False","False","True"
"Isubuttaeva A.K. and Mallaeva Z.M.","Лингвоцветовая картина мира в аспекте цветообозначений английских (black и white) и лакских (лух1и «черный» и к1яла «белый»).","2021.0","Lak","Lak","Lak","Lak","","False","False","True","False"
"Izmajlova D.S.","Лексико-грамматические особенности имен прилагательных в лакском языке","1995.0","Lak","Lak","Lak","Lak","https://search.rsl.ru/ru/record/01000164195","False","False","False","True"
"Jabagi M.","Textes populaires Ingus","1935.0","Ingush","Ingush","Nakh","Nakh","","False","True","False","False"
"Jannigje H. and Verhees S.","Evidentiality in the Avar-Andic languages","2015.0","Avar, Northern Akhvakh, Southern Akhvakh, Lower Andi, Upper Andi, Bagvalal, Tindi, Botlikh, Godoberi, Chamalal, Karata","Akhvakh, Andi, Avar, Bagvalal, Botlikh, Chamalal, Godoberi, Karata, Tindi","Avar-Andic","Avar-Andic","","False","False","True","False"
"Javadov G.","Living antiquity of the Caucasus","2002.0","Khinalug","Khinalug","Khinalug","Khinalug","","False","True","False","False"
"Jeschull L.","Coordination in Chechen","2004.0","Chechen","Chechen","Nakh","Nakh","","False","True","False","False"
"Jost G.","Altindisch","1993.0","Tindi","Tindi","Avar-Andic","Avar-Andic","","False","False","True","False"
"Jost G.","Relative Clauses in Vartashen Udi Preliminary Remarks","2011.0","Udi","Udi","Lezgic","Lezgic","","False","False","True","False"
"Jost G.","Sound systems in diachrony: Sibilants and affricates in Udi","2018.0","Udi","Udi","Lezgic","Lezgic","","False","False","True","False"
"Jost G. and Schulze W.","Caucasian Albanian and Modern Udi","2023.0","Udi","Udi","Lezgic","Lezgic","","False","False","True","False"
"Jost G. and Schulze W. and Tandashvili M.","""Svan/Udi/Tsova-Tush"" DoBES Project","2006.0","Tsova-Tush, Udi","Tsova-Tush, Udi","Lezgic, Nakh","Lezgic, Nakh","","False","True","False","False"
"Kadagidze D. and Kadagidze N.","Цова-тушинско-грузинско-русский словарь","1984.0","Tsova-Tush","Tsova-Tush","Nakh","Nakh","","False","True","False","False"
"Kadibagamaev A.A.","Фонетические особенности сирхинского диалекта даргинского языка","1985.0","Southwestern Dargwa","Dargwa","Dargwic","Dargwic","https://search.rsl.ru/ru/record/01008749614","False","False","False","True"
"Kadibagomaeva Z.A.","Словообразование в сирхинском диалекте даргинского языка: на материале нахкинского, нацинского и цугнинского говоров","2009.0","Southwestern Dargwa","Dargwa","Dargwic","Dargwic","https://search.rsl.ru/ru/record/01004599354","True","False","False","True"
"Kagirov S.-E.T.","Этимологические изыскания чеченского языка: Чеченцы - хранители ""праязыка"" на современном этапе","2003.0","Chechen","Chechen","Nakh","Nakh","https://search.rsl.ru/ru/record/01002435075","False","False","False","True"
"Kaidov Z.G.","Словообразование в агульском языке","2007.0","Aghul","Aghul","Lezgic","Lezgic","https://search.rsl.ru/ru/record/01003312077","False","False","False","True"
"Kakhadze O.I.","Арчибский язык и его место среди родственных дагестанских языков","1972.0","Archi","Archi","Lezgic","Lezgic","https://search.rsl.ru/ru/record/01009807529","False","False","False","True"
"Kakvaeva S.B.","Субстантивные словосочетания в лакском и русском языках","2010.0","Lak","Lak","Lak","Lak","https://search.rsl.ru/ru/record/01004716177","False","False","False","True"
"Kakvaeva S.B.","Глагольные словосочетания и смежные конструкции в лакском языке","2020.0","Lak","Lak","Lak","Lak","https://search.rsl.ru/ru/record/01010422901","False","False","False","True"
"Kakvaeva S.B.","Семантико-синтаксическая парадигма глагола и глагольных конструкций в лакском языке","2021.0","Lak","Lak","Lak","Lak","https://search.rsl.ru/ru/record/01011133794","False","False","False","True"
"Kalinina E.Yu.","Sentences with non-verbal predicates in the Sogratl dialect of Avar","1993.0","Avar","Avar","Avar-Andic","Avar-Andic","","False","True","False","False"
"Kalinina E.Yu.","Предложения с именным сказуемым","1999.0","Tsakhur","Tsakhur","Lezgic","Lezgic","","True","False","False","False"
"Kaliyaeva R.G.","Категориальная система имени существительного лакского языка в сопоставлении с русским","2005.0","Lak","Lak","Lak","Lak","https://search.rsl.ru/ru/record/01002750360","False","False","False","True"
"Kallaeva D.A.","Лингвокультурологический анализ лакских и английских паремий","2011.0","Lak","Lak","Lak","Lak","https://search.rsl.ru/ru/record/01005104343","False","False","False","True"
"Kallaeva L.T.","Инфинитив в лакском языке","2018.0","Lak","Lak","Lak","Lak","https://search.rsl.ru/ru/record/01008587280","False","False","False","True"
"Kamilova R.M. and Otsomieva-Tagirova Z.M.","МЕТОДИКА ИСПОЛЬЗОВАНИЯ ТОПОНИМИЧЕСКОГО МАТЕРИАЛА НА УРОКАХ АВАРСКОГО ЯЗЫКА","2017.0","Avar","Avar","Avar-Andic","Avar-Andic","","False","False","True","False"
"Kamilova R.M. and Otsomieva-Tagirova Z.M.","Словообразовательная модель аварской топонимии: словосложение","2017.0","Avar","Avar","Avar-Andic","Avar-Andic","","False","False","True","False"
"Karabekov R.M.","Захитский говор лезгинского языка","2013.0","Lezgian","Lezgian","Lezgic","Lezgic","https://search.rsl.ru/ru/record/01006765281","True","False","False","True"
"Karaev A.G.","Идиоматические выражения в цахурском языке: по данным говора с. Калял","1969.0","Tsakhur","Tsakhur","Lezgic","Lezgic","https://search.rsl.ru/ru/record/01010159194","False","False","False","True"
"Karasaev A.T.","О фразеологизмах чеченского языка","1977.0","Chechen","Chechen","Nakh","Nakh","https://search.rsl.ru/ru/record/01009516612","False","False","False","True"
"Karasaev A.T. and Matsiev A.G.","Русско-чеченский словарь: 40 тыс. слов","1978.0","Chechen","Chechen","Nakh","Nakh","https://search.rsl.ru/ru/record/01007643574","True","True","False","True"
"Karimova R.Sh.","Аварские и андийские лексические заимствования в хваршинском языке","2012.0","Avar, Upper Andi, Lower Andi, Botlikh, Bagvalal, Godoberi, Karata, Khwarshi, Northern Akhvakh, Southern Akhvakh, Tindi, Chamalal","Akhvakh, Andi, Avar, Bagvalal, Botlikh, Chamalal, Godoberi, Karata, Khwarshi, Tindi","Avar-Andic, Tsezic","Avar-Andic, Tsezic","https://search.rsl.ru/ru/record/01006501243","False","False","False","True"
"Karimova R.Sh. and Khalilov M.Sh.","Заимствованная лексика в хваршинском языке","2013.0","Khwarshi","Khwarshi","Tsezic","Tsezic","https://search.rsl.ru/ru/record/01006615578","True","False","False","True"
"Karimova R.Sh. and Məlikməmmədov M.N.","Ləzgicə-Azərbaycanca Lüğət","2015.0","Lezgian","Lezgian","Lezgic","Lezgic","","False","True","False","False"
"Karucheva Sh.U.","Сопоставительное исследование именных словосочетаний в русском и табасаранском языках","2006.0","Tabasaran","Tabasaran","Lezgic","Lezgic","https://search.rsl.ru/ru/record/01003010846","False","False","False","True"
"Kasimov M.A. and Shikhalieva S.Kh.","Корпус табасаранских письменных памятников","2018.0","Tabasaran","Tabasaran","Lezgic","Lezgic","","False","False","True","False"
"Kasimova S.M.","Семантика служебных слов табасаранского языка","2014.0","Tabasaran","Tabasaran","Lezgic","Lezgic","https://search.rsl.ru/ru/record/01009890713","False","False","False","True"
"Kasimova S.M.","Служебные части речи табасаранского литературного языка","2014.0","Tabasaran","Tabasaran","Lezgic","Lezgic","https://search.rsl.ru/ru/record/01007571457","False","False","False","True"
"Kayaev A.","Лакку маз ва тарих","2006.0","Lak","Lak","Lak","Lak","https://search.rsl.ru/ru/record/01003017329","False","False","False","True"
"Kaye S. and Maisak T.A.","The two verbal stems in Andi","2023.0","Lower Andi, Upper Andi","Andi","Avar-Andic","Avar-Andic","","False","False","True","False"
"Kaye S. and Martynova A. and Moroz G.A. and Rochant N. and Verhees S. and Zakirova A.N.","A sketch of Andi (Zilo dialect)","2020.0","Upper Andi","Andi","Avar-Andic","Avar-Andic","","True","False","True","False"
"Kazbekov A.K.","Словообразовательное моделирование в современном лезгинском языке: На материале имён существительных","2004.0","Lezgian","Lezgian","Lezgic","Lezgic","https://search.rsl.ru/ru/record/01002738048","False","False","False","True"
"Kazenin K.I.","Action nominal constructions in the Sogratl sialect of Avar","1993.0","Avar","Avar","Avar-Andic","Avar-Andic","","False","True","False","False"
"Kazenin K.I.","Action nominal constructions in Godoberi","1994.0","Godoberi","Godoberi","Avar-Andic","Avar-Andic","","False","True","False","False"
"Kazenin K.I.","Синтаксические ограничения и пути их объяснения (на материале дагестанских языков)","1997.0","Avar, Lak, Tsakhur","Avar, Lak, Tsakhur","Avar-Andic, Lak, Lezgic","Avar-Andic, Lak, Lezgic","","False","False","True","False"
"Kazenin K.I.","On Patient Demotion in Lak","1998.0","Lak","Lak","Lak","Lak","","False","True","True","False"
"Kazenin K.I.","Определения в цахурском языке и синтаксические ограничения на глубину","1998.0","Tsakhur","Tsakhur","Lezgic","Lezgic","","False","False","True","False"
"Kazenin K.I.","Личное согласование в лакском языке: маркированность и нейтрализация","1999.0","Lak","Lak","Lak","Lak","","False","False","True","False"
"Kazenin K.I.","Focus in Tsakhur","2001.0","Tsakhur","Tsakhur","Lezgic","Lezgic","","False","False","True","False"
"Kazenin K.I.","Where coordination meets subordination: Converb constructions in Tsakhur (Daghestanian)","2004.0","Tsakhur","Tsakhur","Lezgic","Lezgic","","False","True","True","False"
"Kazenin K.I.","Discontinuous nominals, linear order, and morphological complexity in languages of the North Caucasus.","2009.0","Lak","Lak","Lak","Lak","","False","False","True","False"
"Kazenin K.I.","Синтаксис современного лакского языка","2013.0","Lak","Lak","Lak","Lak","https://search.rsl.ru/ru/record/01006691327","True","True","True","True"
"Kazenin K.I. and Kibrik A.E. and Lyutikova E.A. and Tatevosov S.G.","Багвалинский язык: грамматика, тексты, словари","2001.0","Bagvalal","Bagvalal","Avar-Andic","Avar-Andic","","False","True","True","False"
"Kazenin K.I. and Kodzasov S.V. and Strokin G.S. and Testelets Ya.G.","Цахурско-русский словарь","1999.0","Tsakhur","Tsakhur","Lezgic","Lezgic","","False","False","True","False"
"Kazenin K.I. and Strokin G.S. and Testelets Ya.G.","Русско-цахурский словарь","1999.0","Tsakhur","Tsakhur","Lezgic","Lezgic","","False","False","True","False"
"Kazenin K.I. and Testelets Ya.G.","Where coordination meets subordination: Converb Constructions in Tsakhur","2004.0","Tsakhur","Tsakhur","Lezgic","Lezgic","","False","True","False","False"
"Kazieva N.A.","Фитонимическая лексика табасаранского языка","2009.0","Tabasaran","Tabasaran","Lezgic","Lezgic","https://search.rsl.ru/ru/record/01004392409","False","False","False","True"
"Kazieva Z.M.","Функционирование и структура общественно-политической терминологии в даргинском и аварском языках","2018.0","Avar, Northern Dargwa","Avar, Dargwa","Avar-Andic, Dargwic","Avar-Andic, Dargwic","https://search.rsl.ru/ru/record/01009889644","False","False","False","True"
"Kazimagomedova F.I.","Русско-лезгинский словарь в картинках","2024.0","Lezgian","Lezgian","Lezgic","Lezgic","https://search.rsl.ru/ru/record/01013809476","False","False","False","True"
"Kazimagomedova Zh.D.","Семантические особенности фразеологических единиц с компонентом соматизмом ""рука"" в табасаранском, английском и французском языках","2014.0","Tabasaran","Tabasaran","Lezgic","Lezgic","https://search.rsl.ru/ru/record/01007852722","False","False","False","True"
"Kazimova P.A.","Способы и средства выражения запрета в даргинском языке в сопоставлении с русским","2016.0","Northern Dargwa","Dargwa","Dargwic","Dargwic","https://search.rsl.ru/ru/record/01008275299","False","False","False","True"
"Kerimov K.A.","Арабизмы в хайдакском диалекте даргинского языка","2012.0","Kajtak","Dargwa","Dargwic","Dargwic","https://search.rsl.ru/ru/record/01005492745","False","False","False","True"
"Kerimov K.R.","Глагол хиналугского языка","1986.0","Khinalug","Khinalug","Khinalug","Khinalug","https://search.rsl.ru/ru/record/01008643640","True","False","False","True"
"Kerimov K.R.","Контрастивная аспектология лезгинского и русского языков","2002.0","Lezgian","Lezgian","Lezgic","Lezgic","https://search.rsl.ru/ru/record/01002346250","False","False","False","True"
"Khajbulaeva M.M.","Относительное время в аварском языке","2005.0","Avar","Avar","Avar-Andic","Avar-Andic","https://search.rsl.ru/ru/record/01002751360","False","False","False","True"
"Khajbullaev S.","Духовная литература аварцев","1998.0","Avar","Avar","Avar-Andic","Avar-Andic","","False","True","False","False"
"Khajbullaeva M.M. and Mallaeva Z.M.","КОНВЕРБЫ БОТЛИХСКОГО ЯЗЫКА, РЕПРЕЗЕНТИРУЮЩИЕ НЕФИНИТНУЮ МОДЕЛЬ ТАКСИСА","2015.0","Botlikh","Botlikh","Avar-Andic","Avar-Andic","","False","False","True","False"
"Khajdakov S.M.","Лакско-русский словарь","1962.0","Lak","Lak","Lak","Lak","","True","True","False","False"
"Khajdakov S.M.","Принципы распределения имен существительных по грамматическим классам в лакском языке","1963.0","Lak","Lak","Lak","Lak","","False","True","False","False"
"Khajdakov S.M.","Очерки по лакской диалектологии","1966.0","Lak","Lak","Lak","Lak","","True","True","False","False"
"Khajdakov S.M.","Основные вопросы лексики и грамматического строя лакского языка","1970.0","Lak","Lak","Lak","Lak","https://search.rsl.ru/ru/record/01010082817","False","False","False","True"
"Khajdakov S.M.","Сравнительно-сопоставительный словарь дагестанских языков","1973.0","Kryz, Tabasaran, Upper Andi, Tsakhur, Bezhta, Lak, Archi, Aghul, Lezgian, Udi, Avar, Rutul","Aghul, Andi, Archi, Avar, Bezhta, Kryz, Lak, Lezgian, Rutul, Tabasaran, Tsakhur, Udi","Avar-Andic, Lak, Lezgic, Tsezic","Avar-Andic, Lak, Lezgic, Tsezic","","False","True","False","False"
"Khajdakov S.M.","Дуративное действие и эргативная конструкция (на материале дагестанских языков)","1980.0","Lak","Lak","Lak","Lak","","False","True","False","False"
"Khajdakov S.M.","Принципы именной классификации в дагестанских языках","1980.0","Lak","Lak","Lak","Lak","","False","True","False","False"
"Khajdakov S.M.","Даргинский и мегебский языки: принципы словоизменения","1985.0","Chirag, Kajtak, Tsudaqar, Northern Dargwa, Mehweb","Dargwa","Dargwic","Dargwic","","False","True","False","False"
"Khajdakov S.M.","Лакский язык","2001.0","Lak","Lak","Lak","Lak","","False","True","False","False"
"Khajrov B.A.","Шумеро-ингушские лексические связи: (к постановке проблемы)","2020.0","Ingush","Ingush","Nakh","Nakh","https://search.rsl.ru/ru/record/01010508148","False","False","False","True"
"Khajrova Kh.R.","Проблема сложноподчиненного предложения в ингушском языке","2006.0","Ingush","Ingush","Nakh","Nakh","https://search.rsl.ru/ru/record/01002935012","False","False","False","True"
"Khajrova R.R.","Местоимение в ингушском языке","2018.0","Ingush","Ingush","Nakh","Nakh","https://search.rsl.ru/ru/record/01008587127","False","False","False","True"
"Khalidov A.I.","Общее и типическое в структуре и семантике чеченского простого предложения","1999.0","Chechen","Chechen","Nakh","Nakh","https://search.rsl.ru/ru/record/01000329287","False","False","False","True"
"Khalidov A.I.","Очерки по типологии залога","2006.0","Chechen","Chechen","Nakh","Nakh","https://search.rsl.ru/ru/record/01004085402","False","False","False","True"
"Khalidov A.I.","Очерки истории и типологии нахских языков","2008.0","Chechen, Ingush, Tsova-Tush","Chechen, Ingush, Tsova-Tush","Nakh","Nakh","https://search.rsl.ru/ru/record/01004250599","False","False","False","True"
"Khalidov A.I.","Чеченский язык: Морфемика. Словообразование","2010.0","Chechen","Chechen","Nakh","Nakh","https://search.rsl.ru/ru/record/01005528708","False","False","False","True"
"Khalidova P.Sh. And Mallaeva Z.M.","Система глагола в аварском и каратинском языках","2016.0","Avar, Karata","Avar, Karata","Avar-Andic","Avar-Andic","","False","False","True","False"
"Khalidova R. and Pasquereau J.","A preliminary investigation of the formation of constituent questions in Karata (Nakh-Daghestanian)","2017.0","Karata","Karata","Avar-Andic","Avar-Andic","","False","False","True","False"
"Khalidova R.Sh.","Аварско-андийские языковые контакты","2006.0","Avar, Upper Andi, Lower Andi, Botlikh, Godoberi, Karata, Northern Akhvakh, Southern Akhvakh, Bagvalal, Tindi, Chamalal","Akhvakh, Andi, Avar, Bagvalal, Botlikh, Chamalal, Godoberi, Karata, Tindi","Avar-Andic","Avar-Andic","https://search.rsl.ru/ru/record/01003306985","False","True","False","True"
"Khalidova R.Sh.","Лингвистический портрет ботлихского языка","2017.0","Botlikh","Botlikh","Avar-Andic","Avar-Andic","","True","False","False","False"
"Khalidova R.Sh.","Аварский речевой этикет в свете прагмалингвистики","2023.0","Avar","Avar","Avar-Andic","Avar-Andic","https://search.rsl.ru/ru/record/01012565311","False","False","False","True"
"Khalidova R.Sh. and Magomedova P.T.","Каратинско-русский словарь","2001.0","Karata, Tukita","Karata","Avar-Andic","Avar-Andic","","True","True","False","False"
"Khalikov K.G.","Арабизмы в багвалинском языке","2000.0","Bagvalal","Bagvalal","Avar-Andic","Avar-Andic","https://search.rsl.ru/ru/record/01002243987","False","False","False","True"
"Khalikov M.M.","Основы стилистики современного аварского языка","1997.0","Avar","Avar","Avar-Andic","Avar-Andic","https://search.rsl.ru/ru/record/01000190580","False","False","True","True"
"Khalikov M.M.","К вопросу о функционально-стилистической дифференциации аварского языка","1998.0","Avar","Avar","Avar-Andic","Avar-Andic","","False","False","True","False"
"Khalikov M.M.","Проблемы общей и аварской стилистики","2018.0","Avar","Avar","Avar-Andic","Avar-Andic","https://search.rsl.ru/ru/record/01009824291","False","False","False","True"
"Khalilov M.Sh.","Грузинско-дагестанские языковые контакты: (На материале авар.- цез. и некоторых лезгин. яз.)","1993.0","Avar, Bezhta, Hunzib, Hinuq, Khwarshi, Tsez, Udi, Tsakhur","Avar, Bezhta, Hinuq, Hunzib, Khwarshi, Tsakhur, Tsez, Udi","Avar-Andic, Lezgic, Tsezic","Avar-Andic, Lezgic, Tsezic","https://search.rsl.ru/ru/record/01000202076","False","False","False","True"
"Khalilov M.Sh.","Бежтинско-русский словарь","1995.0","Bezhta","Bezhta","Tsezic","Tsezic","https://search.rsl.ru/ru/record/01005424499","False","True","False","True"
"Khalilov M.Sh.","Цезский язык","1998.0","Tsez","Tsez","Tsezic","Tsezic","","True","False","False","False"
"Khalilov M.Sh.","Цезско-русский словарь","1999.0","Tsez","Tsez","Tsezic","Tsezic","https://search.rsl.ru/ru/record/01000622230","True","True","False","True"
"Khalilov M.Sh.","Бежтинско-русский фразеологический и фольклорно-этнографический словарь","2014.0","Bezhta","Bezhta","Tsezic","Tsezic","","False","True","False","False"
"Khalilov M.Sh.","Бежтинско-русский словарь","2015.0","Bezhta","Bezhta","Tsezic","Tsezic","https://search.rsl.ru/ru/record/01009462012","True","True","False","True"
"Khalilov M.Sh.","Язык, фольклор и этнография бежтинцев","2017.0","Bezhta","Bezhta","Tsezic","Tsezic","https://search.rsl.ru/ru/record/01009379223","False","False","False","True"
"Khalilov M.Sh.","Akhvakh (Northern dialect) dictionary","2023.0","Northern Akhvakh","Akhvakh","Avar-Andic","Avar-Andic","","True","False","False","False"
"Khalilov M.Sh.","Andi (Muni dialect)","2023.0","Lower Andi","Andi","Avar-Andic","Avar-Andic","","True","False","False","False"
"Khalilov M.Sh.","Kryz dictionary","2023.0","Kryz","Kryz","Lezgic","Lezgic","","True","False","False","False"
"Khalilov M.Sh.","Lezgian (Quba dialect)","2023.0","Lezgian","Lezgian","Lezgic","Lezgic","","True","False","False","False"
"Khalilov M.Sh.","Библиографический указатель литературы по цезским (дидойским) языкам","2023.0","Bezhta, Hunzib, Hinuq, Khwarshi, Tsez","Bezhta, Hinuq, Hunzib, Khwarshi, Tsez","Tsezic","Tsezic","https://search.rsl.ru/ru/record/01012642776","False","False","False","True"
"Khalilov M.Sh.","Лексика бежтинского языка","2023.0","Bezhta","Bezhta","Tsezic","Tsezic","https://search.rsl.ru/ru/record/01011814215","False","False","False","True"
"Khalilov M.Sh.","Словарь цезского (дидойского) языка","2024.0","Tsez","Tsez","Tsezic","Tsezic","https://search.rsl.ru/ru/record/01013735180","False","False","False","True"
"Khalilov M.Sh.","Бежтинские тексты с поморфемной нотацией (со словообразовательно-морфемным словарем и грамматическим очерком)","2025.0","Bezhta","Bezhta","Tsezic","Tsezic","https://search.rsl.ru/ru/record/01013619226","False","False","False","True"
"Khalilov M.Sh. and Khalilova Z.M.","Bezhta","2016.0","Bezhta","Bezhta","Tsezic","Tsezic","","False","False","True","False"
"Khalilov M.Sh. and Khalilova Z.M. and Testelets Ya.G.","Degrees of Agentivity in Bezhta","2022.0","Bezhta","Bezhta","Tsezic","Tsezic","","False","False","True","False"
"Khalilov M.Sh. and Khalilova Z.M. and Testelets Ya.G.","Avar","2025.0","Avar","Avar","Avar-Andic","Avar-Andic","","False","False","True","False"
"Khalilov M.Sh. and Klimov G.A.","Словарь кавказских языков: сопоставление основной лексики","2003.0","Tsova-Tush","Tsova-Tush","Nakh","Nakh","","False","True","False","False"
"Khalilov M.Sh. and Magomaeva Kh.M.","Аварские заимствования в некоторых андийских языках","2005.0","Avar, Upper Andi","Andi, Avar","Avar-Andic","Avar-Andic","","False","True","False","False"
"Khalilov M.Sh. and Testelets Ya.G.","Бежтинский язык","1998.0","Bezhta","Bezhta","Tsezic","Tsezic","","True","False","False","False"
"Khalilova G.G.","Фонетические и лексико-семантические особенности закатальского диалекта аварского языка","2007.0","Avar","Avar","Avar-Andic","Avar-Andic","https://search.rsl.ru/ru/record/01003318110","False","False","False","True"
"Khalilova M.Yu.","Фонетико-морфологическое и семантическое освоение русизмов в лезгинском литературном языке","1993.0","Lezgian","Lezgian","Lezgic","Lezgic","https://search.rsl.ru/ru/record/01000171290","False","False","False","True"
"Khalilova Z.M.","Reflexivization in Khwarshi","1966.0","Khwarshi","Khwarshi","Tsezic","Tsezic","","False","True","False","False"
"Khalilova Z.M.","Clause linkage: coordination, subordination and cosubordination in Khwarshi","2007.0","Khwarshi","Khwarshi","Tsezic","Tsezic","","False","False","True","False"
"Khalilova Z.M.","How to agree with a cow: long-distance agreement in Khwarshi","2007.0","Khwarshi","Khwarshi","Tsezic","Tsezic","","False","False","True","False"
"Khalilova Z.M.","Reflexives in Khwarshi","2007.0","Khwarshi","Khwarshi","Tsezic","Tsezic","","False","False","True","False"
"Khalilova Z.M.","Long-distance agreement in Khwarshi","2008.0","Khwarshi","Khwarshi","Tsezic","Tsezic","","False","False","True","False"
"Khalilova Z.M.","A grammar of Khwarshi","2009.0","Khwarshi","Khwarshi","Tsezic","Tsezic","","True","True","True","False"
"Khalilova Z.M.","Evidentiality in Tsezic languages","2011.0","Hunzib, Bezhta, Hinuq, Khwarshi, Tsez","Bezhta, Hinuq, Hunzib, Khwarshi, Tsez","Tsezic","Tsezic","","True","False","True","False"
"Khalilova Z.M.","Относительные конструкции в бежтинском языке","2013.0","Bezhta","Bezhta","Tsezic","Tsezic","","False","False","True","False"
"Khalilova Z.M.","Khwarshi","2016.0","Khwarshi","Khwarshi","Tsezic","Tsezic","","False","False","True","False"
"Khalilova Z.M.","CAUSATIVES IN THE TSEZIC LANGUAGES","2017.0","Bezhta, Hunzib, Hinuq, Khwarshi, Tsez","Bezhta, Hinuq, Hunzib, Khwarshi, Tsez","Tsezic","Tsezic","","False","False","True","False"
"Khalilova Z.M.","BIABSOLUTIVE CONSTRUCTION IN BEZHTA","2018.0","Bezhta","Bezhta","Tsezic","Tsezic","","False","False","True","False"
"Khalilova Z.M.","Complex verbs in Bezhta","2021.0","Bezhta","Bezhta","Tsezic","Tsezic","","False","False","True","False"
"Khalilova Z.M.","Evidentials in Tsezic and beyond","2021.0","Bezhta, Hunzib, Hinuq, Khwarshi, Tsez","Bezhta, Hinuq, Hunzib, Khwarshi, Tsez","Tsezic","Tsezic","","False","False","True","False"
"Khalilova Z.M.","Grammaticalized vs. non-grammaticalized evidentials in Tsezic","2021.0","Bezhta, Hunzib, Hinuq, Khwarshi, Tsez","Bezhta, Hinuq, Hunzib, Khwarshi, Tsez","Tsezic","Tsezic","","False","False","True","False"
"Khalilova Z.M.","Proper names in Daghestanian languages","2021.0","Chamalal, Avar, Bezhta","Avar, Bezhta, Chamalal","Avar-Andic, Tsezic","Avar-Andic, Tsezic","","False","False","True","False"
"Khalilova Z.M.","Causative constructions in Bezhta","2023.0","Bezhta","Bezhta","Tsezic","Tsezic","","False","False","True","False"
"Khalilova Z.M.","Modal expressions in Bezhta","2024.0","Bezhta","Bezhta","Tsezic","Tsezic","","False","False","True","False"
"Khalilova Z.M.","Reported speech in Bezhta","2025.0","Bezhta","Bezhta","Tsezic","Tsezic","","False","False","True","False"
"Khalilova Z.M.","The Desiderative in Bezhta","2025.0","Bezhta","Bezhta","Tsezic","Tsezic","","False","False","True","False"
"Khalimbekova M.K.","Этикетная лексика в языках различных культур: лезгинском и английском","2012.0","Lezgian","Lezgian","Lezgic","Lezgic","https://search.rsl.ru/ru/record/01005400500","False","False","False","True"
"Khalipaeva P.A.","Фонетические и морфологические особенности харбукского говора даргинского языка","2012.0","Northern Dargwa","Dargwa","Dargwic","Dargwic","https://search.rsl.ru/ru/record/01005578330","False","False","False","True"
"Khalunov A.N.","Ориентализмы в аварском языке","1998.0","Avar","Avar","Avar-Andic","Avar-Andic","https://search.rsl.ru/ru/record/01000200889","False","False","False","True"
"Khamchiev S.A.","Ингушские личные имена","2003.0","Ingush","Ingush","Nakh","Nakh","https://search.rsl.ru/ru/record/01002446010","False","False","False","True"
"Khamidova Z.Kh.","Категория наречия в чеченском литературном языке","1971.0","Chechen","Chechen","Nakh","Nakh","https://search.rsl.ru/ru/record/01009967000","False","False","False","True"
"Khamidova Z.Kh.","Лексическая стилистика чеченского языка","2000.0","Chechen","Chechen","Nakh","Nakh","https://search.rsl.ru/ru/record/01002499343","False","False","False","True"
"Khamidova Z.Kh.","Грамматическая стилистика чеченского языка","2007.0","Chechen","Chechen","Nakh","Nakh","https://search.rsl.ru/ru/record/01009470988","False","False","False","True"
"Khamidova Z.Kh.","Основы стилистики чеченского языка","2007.0","Chechen","Chechen","Nakh","Nakh","https://search.rsl.ru/ru/record/01009470977","False","False","False","True"
"Khamuradova K.D.","К вопросу о лингвистических основах обучения немецкому произношению в чеченской школе: (На материале консонантизма)","1971.0","Chechen","Chechen","Nakh","Nakh","https://search.rsl.ru/ru/record/01007051766","False","False","False","True"
"Khanbalaeva S.N.","Категория таксиса в русском и лезгинском языках в сопоставлении","2005.0","Lezgian","Lezgian","Lezgic","Lezgic","https://search.rsl.ru/ru/record/01002749494","False","False","True","True"
"Khanbalaeva S.N.","ТАКСИСНЫЕ ОТНОШЕНИЯ ОБУСЛОВЛЕННОСТИ В ЛЕЗГИНСКОМ ЯЗЫКЕ","2009.0","Lezgian","Lezgian","Lezgic","Lezgic","","False","False","True","False"
"Khanbalaeva S.N.","Алломорфизм выражения таксисных отношений: на материале русского и лезгинского, а также даргинского, аварского и английского языков","2010.0","Avar, Northern Dargwa, Lezgian","Avar, Dargwa, Lezgian","Avar-Andic, Dargwic, Lezgic","Avar-Andic, Dargwic, Lezgic","https://search.rsl.ru/ru/record/01005087712","False","False","True","True"
"Khanbalaeva S.N.","ДИФФЕРЕНЦИАЦИЯ ЗАВИСИМОГО И НЕЗАВИСИМОГО ТАКСИСА В ЛЕЗГИНСКОМ И РУССКОМ ЯЗЫКАХ","2010.0","Lezgian","Lezgian","Lezgic","Lezgic","","False","False","True","False"
"Khanbalaeva S.N.","Единицы адвербиальной семантики дагестанских языков в свете теории таксиса","2010.0","Lezgian, Northern Dargwa, Avar","Avar, Dargwa, Lezgian","Avar-Andic, Dargwic, Lezgic","Avar-Andic, Dargwic, Lezgic","","False","False","True","False"
"Khanbalaeva S.N.","Основное и второстепенное действия, связанные отношениями характеризации в русском и лезгинском языках","2010.0","Lezgian","Lezgian","Lezgic","Lezgic","","False","False","True","False"
"Khanbalaeva S.N.","ОТНОШЕНИЯ ОДНОВРЕМЕННОСТИ В РУССКИХ КОНСТРУКЦИЯХ С НЕЗАВИСИМЫМ ТАКСИСОМ И ИХ СООТВЕТСТВИЯ В ЛЕЗГИНСКОМ ЯЗЫКЕ","2010.0","Lezgian","Lezgian","Lezgic","Lezgic","","False","False","True","False"
"Khanbalaeva S.N.","Отношения разновременности в аспектуально-таксисных ситуациях, нелокализованных во времени (на материале русского и лезгинского языков)","2010.0","Lezgian","Lezgian","Lezgic","Lezgic","","False","False","True","False"
"Khanbalaeva S.N.","СРАВНЕНИЕ КАК СЕМАНТИЧЕСКАЯ СФЕРА ОБУСЛОВЛЕННОСТИ (на материале русского, лезгинского и аварского языков)","2010.0","Avar, Lezgian","Avar, Lezgian","Avar-Andic, Lezgic","Avar-Andic, Lezgic","","False","False","True","False"
"Khanbalaeva S.N.","МОРФОЛОГИЧЕСКИЕ ОСОБЕННОСТИ ‘СЛОЖНЫХ КАУЗАТИВОВ’ В ДАГЕСТАНСКИХ ЯЗЫКАХ","2023.0","Lezgian, Tabasaran, Archi, Avar, Aghul, Northern Dargwa, Lak","Aghul, Archi, Avar, Dargwa, Lak, Lezgian, Tabasaran","Avar-Andic, Dargwic, Lak, Lezgic","Avar-Andic, Dargwic, Lak, Lezgic","","False","False","True","False"
"Khanbalaeva S.N.","ФОРМЫ ОТНОСИТЕЛЬНОГО ВРЕМЕНИ АНГЛИЙСКОГО И ЛЕЗГИНСКОГО ЯЗЫКОВ","2023.0","Lezgian","Lezgian","Lezgic","Lezgic","","False","False","True","False"
"Khanbalaeva S.N. and Sulejmanova F.N.","ОСОБЕННОСТИ ОФИЦИАЛЬНО-ДЕЛОВОГО СТИЛЯ ЛЕЗГИНСКОГО ЯЗЫКА","2024.0","Lezgian","Lezgian","Lezgic","Lezgic","","False","False","True","False"
"Khangereev M.D.","Сравнительный анализ соматических фразеологических единиц аваро-андийских языков","1992.0","Avar, Upper Andi, Lower Andi, Botlikh, Karata, Chamalal","Andi, Avar, Botlikh, Chamalal, Karata","Avar-Andic","Avar-Andic","https://search.rsl.ru/ru/record/01007880252","False","False","False","True"
"Khangereev M.D.","Словоизменительная и словообразовательная система в аварском литературном языке","2001.0","Avar","Avar","Avar-Andic","Avar-Andic","https://search.rsl.ru/ru/record/01000337045","False","False","False","True"
"Khanmagomedov B.G.-K.","Очерки по синтаксису табасаранского языка","1970.0","Tabasaran","Tabasaran","Lezgic","Lezgic","https://search.rsl.ru/ru/record/01007052916","False","True","False","True"
"Khanmagomedov B.G.-K.","Синтаксис табасаранского языка","1970.0","Tabasaran","Tabasaran","Lezgic","Lezgic","https://search.rsl.ru/ru/record/01009985525","False","False","False","True"
"Khanmagomedov B.G.-K. and Shalbuzov K.T.","Табасаранско-русский словарь: Ок. 25 000 слов","2001.0","Tabasaran","Tabasaran","Lezgic","Lezgic","https://search.rsl.ru/ru/record/01000732524","True","True","False","True"
"Kharchieva M. and Mallaeva Z.M.","Временные форманты глагола андийского языка","1996.0","Upper Andi","Andi","Avar-Andic","Avar-Andic","","False","False","True","False"
"Kharchieva M.R.","Сопоставительный анализ компаративных фразеологических единиц андийского и немецкого языков","2012.0","Lower Andi, Upper Andi","Andi","Avar-Andic","Avar-Andic","https://search.rsl.ru/ru/record/01005509155","False","False","False","True"
"Khashaev Kh.-M.O. and Kosven M.O. and Lavrov L.I. and Nersesov G.A.","Народы Кавказа I","1960.0","Chechen, Ingush, Avar, Northern Dargwa, Lak, Lezgian, Tabasaran, Aghul, Rutul, Tsakhur","Aghul, Avar, Chechen, Dargwa, Ingush, Lak, Lezgian, Rutul, Tabasaran, Tsakhur","Avar-Andic, Dargwic, Lak, Lezgic, Nakh","Avar-Andic, Dargwic, Lak, Lezgic, Nakh","","False","True","False","False"
"Khashegulgova Zh.A.","Обучение иноязычной коммуникативной компетенции как лингвистической специальности в условиях ингушско-русского двуязычия","2012.0","Ingush","Ingush","Nakh","Nakh","https://search.rsl.ru/ru/record/01005489195","False","False","False","True"
"Khazbulatov B.A.","Фитонимы в чеченском языке: Синхронно-диахронный анализ","2004.0","Chechen","Chechen","Nakh","Nakh","https://search.rsl.ru/ru/record/01002748798","False","False","False","True"
"KhIamzatov A.G.","Дир алиф","2008.0","Avar","Avar","Avar-Andic","Avar-Andic","https://search.rsl.ru/ru/record/01004139641","False","False","False","True"
"Khidirov V.S.","Глагол в крызском языке (типологическое исследование в сравнении с глагольными категориями в лезгинских языках)","2007.0","Kryz","Kryz","Lezgic","Lezgic","","False","True","False","False"
"KhIyasanova U.U.","Дарган мезла гъайла культура ва стилистика: (белчIудила пособие)","2022.0","Northern Dargwa","Dargwa","Dargwic","Dargwic","https://search.rsl.ru/ru/record/01011550735","False","False","False","True"
"KhIyasanova U.U.","Дарган мез. Морфология: (белчIудила пособие)","2023.0","Northern Dargwa","Dargwa","Dargwic","Dargwic","https://search.rsl.ru/ru/record/01012559051","False","False","False","True"
"Khizribekova A.K.","Структура именной основы в аварском литературном языке","1998.0","Avar","Avar","Avar-Andic","Avar-Andic","https://search.rsl.ru/ru/record/01000218023","False","False","False","True"
"Khvtisiashvili T.","Dissertation proposal: Reference Grammar of Khinalug","2011.0","Khinalug","Khinalug","Khinalug","Khinalug","","False","True","False","False"
"Khvtisiashvili T.","Principal aspects of Xinaliq phonology and morphosyntax","2013.0","Khinalug","Khinalug","Khinalug","Khinalug","","False","True","False","False"
"Kibrik A.E.","Номинативная/эргативная конструкция и логическое ударение в арчинском языке","1975.0","Archi","Archi","Lezgic","Lezgic","","False","True","False","False"
"Kibrik A.E.","Структурное описание арчинского языка методами полевой лингвистики","1976.0","Archi","Archi","Lezgic","Lezgic","https://search.rsl.ru/ru/record/01009511221","False","False","False","True"
"Kibrik A.E.","Арчинский язык. Тексты и словари","1977.0","Archi","Archi","Lezgic","Lezgic","","True","True","False","False"
"Kibrik A.E.","Материалы к типологии эргативности: Бежтинский язык","1981.0","Bezhta","Bezhta","Tsezic","Tsezic","","False","True","False","False"
"Kibrik A.E.","Absentiv-aorist und resultativ in der andischen Sprache","1985.0","Upper Andi","Andi","Avar-Andic","Avar-Andic","","True","False","False","False"
"Kibrik A.E.","The noun phrase in the Andalal dialect of Avar as spoken at Sogratl","1993.0","Avar","Avar","Avar-Andic","Avar-Andic","","False","True","False","False"
"Kibrik A.E.","Archi","1994.0","Archi","Archi","Lezgic","Lezgic","","True","True","False","False"
"Kibrik A.E.","Khinalug","1994.0","Khinalug","Khinalug","Khinalug","Khinalug","","True","True","False","False"
"Kibrik A.E.","Transitivity in lexicon and grammar","1996.0","Godoberi","Godoberi","Avar-Andic","Avar-Andic","","True","False","False","False"
"Kibrik A.E.","Семантическая эргативность","1999.0","Tsakhur","Tsakhur","Lezgic","Lezgic","","True","False","False","False"
"Kibrik A.E.","К проблеме ядерных актантов и их «неканонического кодирования»: свидетельства арчинского языка","2000.0","Archi","Archi","Lezgic","Lezgic","","False","True","False","False"
"Kibrik A.E. and Kodzasov S.V.","Сопоставительное изучение дагестанских языков. Глагол","1988.0","Aghul, Upper Andi, Archi, Avar, Bezhta, Budukh, Gigatli, Chamalal, Chirag, Khinalug, Kryz, Lak, Rutul, Tabasaran, Tindi, Tsakhur","Aghul, Andi, Archi, Avar, Bezhta, Budukh, Chamalal, Dargwa, Khinalug, Kryz, Lak, Rutul, Tabasaran, Tindi, Tsakhur","Avar-Andic, Dargwic, Khinalug, Lak, Lezgic, Tsezic","Avar-Andic, Dargwic, Khinalug, Lak, Lezgic, Tsezic","","True","False","False","False"
"Kibrik A.E. and Kodzasov S.V.","Сопоставительное изучение дагестанских языков. Имя. Фонетика","1990.0","Aghul, Northern Akhvakh, Upper Andi, Archi, Avar, Bezhta, Budukh, Gigatli, Chirag, Hinuq, Hunzib, Khinalug, Khwarshi, Kryz, Lak, Lezgian, Rutul, Tabasaran, Tindi, Tsakhur, Tsez, Udi","Aghul, Akhvakh, Andi, Archi, Avar, Bezhta, Budukh, Chamalal, Dargwa, Hinuq, Hunzib, Khinalug, Khwarshi, Kryz, Lak, Lezgian, Rutul, Tabasaran, Tindi, Tsakhur, Tsez, Udi","Avar-Andic, Dargwic, Khinalug, Lak, Lezgic, Tsezic","Avar-Andic, Dargwic, Khinalug, Lak, Lezgic, Tsezic","","True","False","False","False"
"Kibrik A.E. and Kodzasov S.V. and Olovyannikova I.P.","Фрагменты грамматики хиналугского языка","1972.0","Khinalug","Khinalug","Khinalug","Khinalug","https://search.rsl.ru/ru/record/01007393534","True","True","False","True"
"Kibrik A.E. and Kodzasov S.V. and Olovyannikova I.P. and Samedov Dzh.S.","Опыт структурного описания арчинского языка","1977.0","Archi","Archi","Lezgic","Lezgic","","True","True","False","False"
"Kibrik A.E. and Plungian V.A. and Rakhilina E.V.","Каузативная конструкция в табасаранском языке","1982.0","Tabasaran","Tabasaran","Lezgic","Lezgic","","False","False","True","False"
"Kibrik A.E. and Testelets Ya.G.","Элементы цахурского языка в типологическом освещении","1999.0","Tsakhur","Tsakhur","Lezgic","Lezgic","","True","True","False","False"
"Kibrik A.E. and Testelets Ya.G.","Bezhta","2004.0","Bezhta","Bezhta","Tsezic","Tsezic","","True","True","False","False"
"Kieva Z.Kh.","Имя существительное в ингушском языке","2006.0","Ingush","Ingush","Nakh","Nakh","https://search.rsl.ru/ru/record/01003043049","False","False","False","True"
"Kieva Z.Kh.","Лингвистическая терминология ингушского языка","2015.0","Ingush","Ingush","Nakh","Nakh","https://search.rsl.ru/ru/record/01008151660","False","False","False","True"
"Kieva Z.Kh.","Современный ингушский язык: лексикология и фразеология","2017.0","Ingush","Ingush","Nakh","Nakh","https://search.rsl.ru/ru/record/01009409240","False","False","False","True"
"Kikilashvili V.I.","Местоимения в языках лезгинской группы: личные, указательные, вопросительные","1986.0","Lezgian, Tabasaran, Aghul, Rutul, Tsakhur, Archi, Kryz, Budukh, Udi","Aghul, Archi, Budukh, Kryz, Lezgian, Rutul, Tabasaran, Tsakhur, Udi","Lezgic","Lezgic","https://search.rsl.ru/ru/record/01008640136","False","False","False","True"
"Klaproth J.","Kaukasische Sprachen","1814.0","Lezgian, Avar","Avar, Lezgian","Avar-Andic, Lezgic","Avar-Andic, Lezgic","","False","True","False","False"
"Klaproth J.","Reise in den Kaukasus und nach Georgien: Unternommen in den Jahren 1807 und 1808, auf Veranstaltung der Kaiserlichen Akademie der Wissenschaften zu St. Petersburg. Enthaltend eine vollständige Beschreibung der kaukasischen Länder und ihrer Bewohner","1814.0","Chechen, Lezgian","Chechen, Lezgian","Lezgic, Nakh","Lezgic, Nakh","","False","True","False","False"
"Kobaidze M. and Vamling Karina","Language use among speakers of Tsova-Tush. A field study in the late 1990s","2025.0","Tsova-Tush","Tsova-Tush","Nakh","Nakh","","False","False","True","False"
"Kodzasov S.V.","Модель фонетической системы: (На материале арчинского языка)","1976.0","Archi","Archi","Lezgic","Lezgic","https://search.rsl.ru/ru/record/01006988877","False","False","False","True"
"Kodzasov S.V.","Фонетика арчинского языка: опыт структурного описания","1976.0","Archi","Archi","Lezgic","Lezgic","https://search.rsl.ru/ru/record/01009568478","False","True","False","True"
"Kodzasov S.V.","Rutulskij jazyk (dialect of Luchek village)","1990.0","Rutul","Rutul","Lezgic","Lezgic","","False","True","False","False"
"Kodzasov S.V.","Лезгинский язык","1990.0","Lezgian","Lezgian","Lezgic","Lezgic","","False","True","False","False"
"Kodzasov S.V.","Caucasian: Dagestanian Languages","1999.0","Archi, Avar, Bagvalal, Godoberi, Lezgian, Tsakhur","Archi, Avar, Bagvalal, Godoberi, Lezgian, Tsakhur","Avar-Andic, Lezgic","Avar-Andic, Lezgic","","False","True","False","False"
"Kodzoeva L.I.","Видо-временная система глагола ингушского языка в сопоставлении с английским","2005.0","Ingush","Ingush","Nakh","Nakh","https://search.rsl.ru/ru/record/01002851718","False","False","False","True"
"Kokorina E.A.","Структура простого предложения в лезгинских языках","2013.0","Lezgian, Tabasaran, Aghul, Rutul, Tsakhur, Archi, Kryz, Budukh, Udi","Aghul, Archi, Budukh, Kryz, Lezgian, Rutul, Tabasaran, Tsakhur, Udi","Lezgic","Lezgic","https://search.rsl.ru/ru/record/01006714182","False","False","False","True"
"Komen E.R.","Relative clauses in Chechen","1966.0","Chechen","Chechen","Nakh","Nakh","","False","True","False","False"
"Komen E.R.","Root vowel changes in Chechen","2006.0","Chechen","Chechen","Nakh","Nakh","","False","False","True","False"
"Komen E.R.","The relative clause in Chechen","2006.0","Chechen","Chechen","Nakh","Nakh","","False","False","True","False"
"Komen E.R.","Chechen orthography","2007.0","Chechen","Chechen","Nakh","Nakh","","False","False","True","False"
"Komen E.R.","Chechen stress and vowel deletion: an optimality theory approach","2007.0","Chechen","Chechen","Nakh","Nakh","","False","True","True","False"
"Komen E.R.","Chechen vowel inventory","2007.0","Chechen","Chechen","Nakh","Nakh","","False","True","True","False"
"Komen E.R.","Focus in Chechen","2007.0","Chechen","Chechen","Nakh","Nakh","","False","True","True","False"
"Komen E.R.","Agreement in Chechen","2008.0","Chechen","Chechen","Nakh","Nakh","","False","False","True","False"
"Komen E.R.","Case, causation and mood in Chechen","2008.0","Chechen","Chechen","Nakh","Nakh","","False","True","False","False"
"Komen E.R.","Discourse usage of demonstratives in Chechen","2008.0","Chechen","Chechen","Nakh","Nakh","","False","False","True","False"
"Komen E.R.","Locative position in Chechen","2008.0","Chechen","Chechen","Nakh","Nakh","","False","False","True","False"
"Komen E.R.","Chechen intonation","2011.0","Chechen","Chechen","Nakh","Nakh","","False","False","True","False"
"Komen E.R.","Chechen extraposition as an information ordering strategy","2014.0","Chechen","Chechen","Nakh","Nakh","","False","False","True","False"
"Komen E.R.","The Chechen it-cleft construction","2015.0","Chechen","Chechen","Nakh","Nakh","","False","False","True","False"
"Komen E.R. and Molochieva Z.","Chechen","2022.0","Chechen","Chechen","Nakh","Nakh","","True","False","False","False"
"Komen E.R. and Molochieva Z. and Nichols J.","Chechen and Ingush","2020.0","Ingush, Chechen","Chechen, Ingush","Nakh","Nakh","","False","True","True","False"
"Kostoeva F.M.","Строительная лексика ингушского языка","2014.0","Ingush","Ingush","Nakh","Nakh","https://search.rsl.ru/ru/record/01007936039","False","False","False","True"
"Kosven M.O.","Агулы","1960.0","Aghul","Aghul","Lezgic","Lezgic","","False","True","False","False"
"Kotieva F.R.","Фаьлгаш: берашта хетадаь фаьлгаш","2019.0","Ingush","Ingush","Nakh","Nakh","https://search.rsl.ru/ru/record/01010233985","False","False","False","True"
"Kozhukhar A.A.","The self-pronoun in Mehweb","2019.0","Mehweb","Dargwa","Dargwic","Dargwic","","True","False","False","False"
"Kozhukhar A.A. and Lander Yu.A.","Successfully looking for syntax in Mehweb Dargwa relative clause constructions","2018.0","Mehweb","Dargwa","Dargwic","Dargwic","","False","False","True","False"
"Kozhukhar A.A. and Lander Yu.A.","Relative clause and resumptive pronouns in Mehweb","2019.0","Mehweb","Dargwa","Dargwic","Dargwic","","False","False","True","False"
"Kubatov A.B.","Лексическое взаимоотношение азербайджанского и лезгинского языков: на материале кубинских говоров","1973.0","Lezgian","Lezgian","Lezgic","Lezgic","https://search.rsl.ru/ru/record/01009856762","False","False","False","True"
"Kubatov A.B.","Взаимоотношения азербайджанского языка и шахдагско-лезгинской группы языков: На материале лит. яз. и диалектов","1992.0","Khinalug, Kryz, Budukh, Lezgian","Budukh, Khinalug, Kryz, Lezgian","Khinalug, Lezgic","Khinalug, Lezgic","https://search.rsl.ru/ru/record/01002161704","False","False","False","True"
"Kukhmazova D.M.","Категория отрицания в табасаранском языке в сопоставлении с русским","2009.0","Tabasaran","Tabasaran","Lezgic","Lezgic","https://search.rsl.ru/ru/record/01004343883","False","False","False","True"
"Kukhmazova D.M.","Лексико-грамматические средства выражения отрицания табасаранского языка в сопоставлении с русским","2010.0","Tabasaran","Tabasaran","Lezgic","Lezgic","https://search.rsl.ru/ru/record/01004715912","False","False","False","True"
"Kukueva G.O.","Термины лакских народных ремесел","1989.0","Lak","Lak","Lak","Lak","https://search.rsl.ru/ru/record/01008149451","False","False","False","True"
"Kulieva R.B.","Животноводческая лексика хновского говора рутульского языка","2008.0","Rutul","Rutul","Lezgic","Lezgic","https://search.rsl.ru/ru/record/01004125893","False","False","False","True"
"Kunbuttaeva A.Sh.","Концепт ""Богатство"" во фразеологических и паремиологических единицах лакского, русского и английского языков","2014.0","Lak","Lak","Lak","Lak","https://search.rsl.ru/ru/record/01007918244","False","False","False","True"
"Kuraeva M.N.","Соматическая фразеология каратинского языка","1998.0","Karata","Karata","Avar-Andic","Avar-Andic","https://search.rsl.ru/ru/record/01000192490","False","False","False","True"
"Kuraeva M.N. and Mallaeva Z.M.","К ВОПРОСУ О СТРУКТУРНОЙ ОРГАНИЗАЦИИ ГЛАГОЛЬНОЙ ОСНОВЫ В АВАРСКОМ ЯЗЫКЕ","2017.0","Avar","Avar","Avar-Andic","Avar-Andic","","False","False","True","False"
"Kuraeva P.G.","Лексические и морфологические средства выражения категории локализации в аваро-андийских языках","2010.0","Northern Akhvakh, Southern Akhvakh, Upper Andi, Bagvalal, Tindi, Botlikh, Godoberi, Chamalal, Karata, Avar","Akhvakh, Andi, Avar, Bagvalal, Botlikh, Chamalal, Godoberi, Karata, Tindi","Avar-Andic","Avar-Andic","https://search.rsl.ru/ru/record/01004719443","False","False","False","True"
"Kuramagomedova Z.M.","Категориальная система имени существительного аварского языка в сопоставлении с русским","2001.0","Avar","Avar","Avar-Andic","Avar-Andic","https://search.rsl.ru/ru/record/01002295907","False","False","False","True"
"Kurbajtaeva N.B.","Арабские заимствования в лакском языке","1999.0","Lak","Lak","Lak","Lak","https://search.rsl.ru/ru/record/01000283897","False","False","False","True"
"Kurbanov A.I.","Система склонения в цахурском языке","1965.0","Tsakhur","Tsakhur","Lezgic","Lezgic","https://search.rsl.ru/ru/record/01010416644","False","False","False","True"
"Kurbanov B.R.","Структура лексических местоимений в лезгинском языке","1996.0","Lezgian","Lezgian","Lezgic","Lezgic","https://search.rsl.ru/ru/record/01000157903","False","False","False","True"
"Kurbanov B.R.","Морфология частей речи в лезгинском языке","1999.0","Lezgian","Lezgian","Lezgic","Lezgic","https://search.rsl.ru/ru/record/01000253395","False","False","False","True"
"Kurbanov B.R.","Проблема частей речи в лезгинском языке","1999.0","Lezgian","Lezgian","Lezgic","Lezgic","https://search.rsl.ru/ru/record/01008034256","False","False","False","True"
"Kurbanov K.K.","Структура глагольной основы в табасаранском литературном языке","1981.0","Tabasaran","Tabasaran","Lezgic","Lezgic","https://search.rsl.ru/ru/record/01008928380","False","False","False","True"
"Kurbanov K.K.","Морфологический строй табасаранского языка: Проблема лит. нормы","1998.0","Tabasaran","Tabasaran","Lezgic","Lezgic","https://search.rsl.ru/ru/record/01000200219","False","False","False","True"
"Kurbanov K.K.","Дарган мезла орфографияла словарь: [орфографияла кьяйдуртачил барх: словарлизир 76 азир дев лер]","2020.0","Northern Dargwa","Dargwa","Dargwic","Dargwic","https://search.rsl.ru/ru/record/01010655866","False","False","False","True"
"Kurbanov Kh.T.","Вайнахская религиозная терминология","2004.0","Chechen, Ingush","Chechen, Ingush","Nakh","Nakh","https://search.rsl.ru/ru/record/01002461740","False","False","False","True"
"Kurbanov Kh.T.","Религиозная лексика в чеченском языке","2006.0","Chechen","Chechen","Nakh","Nakh","https://search.rsl.ru/ru/record/01003311294","False","False","False","True"
"Kurbanova E.O.","Сопоставительно-типологический анализ композитов в даргинском и английском языках","2011.0","Northern Dargwa","Dargwa","Dargwic","Dargwic","https://search.rsl.ru/ru/record/01005373582","False","False","False","True"
"Kurbanova M.B.","Типы и виды омонимов в современном лезгинском языке","2002.0","Lezgian","Lezgian","Lezgic","Lezgic","https://search.rsl.ru/ru/record/01002306619","False","False","False","True"
"Kurbanova M.G.","Русская социальная фонетика лакско-русского билингва","1996.0","Lak","Lak","Lak","Lak","https://search.rsl.ru/ru/record/01000159266","False","False","False","True"
"Kurbanova M.M.","Лингвистическая терминология даргинского языка","2008.0","Northern Dargwa","Dargwa","Dargwic","Dargwic","https://search.rsl.ru/ru/record/01004050524","False","False","False","True"
"Kurbanova N.Sh.","Лексические и грамматические средства, репрезентирующие связь пространства и времени в аварском и немецком языках","2014.0","Avar","Avar","Avar-Andic","Avar-Andic","https://search.rsl.ru/ru/record/01007498851","False","False","False","True"
"Kurbanova N.Sh.","Репрезентация связи пространства и времени в языках различных типологий","2015.0","Avar","Avar","Avar-Andic","Avar-Andic","https://search.rsl.ru/ru/record/01010300351","False","False","False","True"
"Kurbanova R.G.","Служебные слова в табасаранском языке в сопоставлении с русским","2015.0","Tabasaran","Tabasaran","Lezgic","Lezgic","https://search.rsl.ru/ru/record/01008064094","False","False","False","True"
"Kurbanova S. and Mallaeva Z.M.","Культурно маркированные пословицы английского и табасаранского языков, репрезентирующие концепт «Человек»","2020.0","Tabasaran","Tabasaran","Lezgic","Lezgic","","False","False","True","False"
"Kurbanova Z.G.","Арабские заимствования в рутульском языке","1999.0","Rutul","Rutul","Lezgic","Lezgic","https://search.rsl.ru/ru/record/01000222735","False","False","False","True"
"Kurbanova Z.Z.","Лексические синонимы лакского языка в сопоставлении с русским и английским","2016.0","Lak","Lak","Lak","Lak","https://search.rsl.ru/ru/record/01008236586","False","False","False","True"
"Kurkiev A.S.","Местоимения в нахских языках","1965.0","Chechen, Ingush, Tsova-Tush","Chechen, Ingush, Tsova-Tush","Nakh","Nakh","https://search.rsl.ru/ru/record/01010475577","False","False","False","True"
"Kurkiev A.S.","Основные вопросы лексикологии ингушского литературного языка","1984.0","Ingush","Ingush","Nakh","Nakh","https://search.rsl.ru/ru/record/01008649229","False","False","False","True"
"Kurkiev A.S.","Ингушско-русский словарь","2005.0","Ingush","Ingush","Nakh","Nakh","","True","True","False","False"
"Kurtaev A.A.","Говорим по-кубачински","2021.0","Kubachi","Dargwa","Dargwic","Dargwic","https://search.rsl.ru/ru/record/01010934512","False","False","False","True"
"Labazanova P.M.","Категория числа в аварском языке","2003.0","Avar","Avar","Avar-Andic","Avar-Andic","https://search.rsl.ru/ru/record/01002346355","False","False","False","True"
"Lagmetova F.B.","Названия традиционной пищи в гутумском диалекте лезгинского языка","2011.0","Lezgian","Lezgian","Lezgic","Lezgic","https://search.rsl.ru/ru/record/01005404451","False","False","False","True"
"Lander Yu.A.","The adrelative genitive in Udi: Syntactic borrowing plus reanalysis","2011.0","Udi","Udi","Lezgic","Lezgic","","False","False","True","False"
"Lander Yu.A.","The Tanti Dargwa category of contrast","2011.0","Southwestern Dargwa","Dargwa","Dargwic","Dargwic","","False","False","True","False"
"Lander Yu.A.","Modifier incorporation in Dargwa nominals","2014.0","Southwestern Dargwa","Dargwa","Dargwic","Dargwic","","False","False","True","False"
"Lander Yu.A.","The Mehweb “assertive” copula gʷa: a sketch of a portrait","2019.0","Mehweb","Dargwa","Dargwic","Dargwic","","False","False","True","False"
"Lander Yu.A.","Description and determination in Tanti Dargwa NPs","2022.0","Southwestern Dargwa","Dargwa","Dargwic","Dargwic","","False","False","True","False"
"Lander Yu.A. and Maisak T.A.","“Other” Strategies in the Eastern Caucasus (Part I): Data from Udi","2021.0","Udi","Udi","Lezgic","Lezgic","","False","False","True","False"
"Lander Yu.A. and Sumbatova N.R.","Даргинский говор селения Танты: грамматический очерк. Вопросы синтаксиса","2014.0","Southwestern Dargwa","Dargwa","Dargwic","Dargwic","","True","False","True","False"
"Lekova P.A.","Способы передачи аварских антропонимов в русском тексте","2002.0","Avar","Avar","Avar-Andic","Avar-Andic","https://search.rsl.ru/ru/record/01002287082","False","False","False","True"
"Levina R. and Sharafutdinova R.","Хваршинский язык","1961.0","Khwarshi","Khwarshi","Tsezic","Tsezic","","False","True","False","False"
"Lolua R.","Udiuri ena (gramat’ik’uli analizi, tekst’ebi, leksik’oni)","2010.0","Udi","Udi","Lezgic","Lezgic","","False","True","False","False"
"Lolua R.","Особенности фонологической системы удинского языка. I. Вокализм. Фарингализация","2014.0","Udi","Udi","Lezgic","Lezgic","","False","False","True","False"
"Lomtadze E.A.","Анализ капучинско-гунзибского языка","1956.0","Hunzib","Hunzib","Tsezic","Tsezic","","False","True","False","False"
"Lomtadze E.A.","Гинухский диалект дидойского языка","1963.0","Hinuq","Hinuq","Tsezic","Tsezic","","False","True","False","False"
"Lomtadze E.A.","Xvarsiuli ena","1998.0","Khwarshi","Khwarshi","Tsezic","Tsezic","","False","True","False","False"
"Lomtadze E.A.","Verbs and verbal nouns in Bezhit (Bezhit-Hunzib): sravnitel'no-istoriceskij analiz","2000.0","Bezhta","Bezhta","Tsezic","Tsezic","","False","True","False","False"
"Lomtadze E.A.","Синтаксис бежтинского (бежтинско-гунзибского) языка (сравнительный анализ)","2003.0","Bezhta","Bezhta","Tsezic","Tsezic","","False","True","False","False"
"Lotz J.","The Caucasus. 2v","1956.0","Chechen","Chechen","Nakh","Nakh","","False","True","False","False"
"Lyanova F.S.","Характеристика влияния русского языка на развитие и обогащение словарного состава чеченского и ингушского языков","1971.0","Chechen, Ingush","Chechen, Ingush","Nakh","Nakh","https://search.rsl.ru/ru/record/01009998283","False","False","False","True"
"Lyutikova E.A.","Без подлежащих и дополнений: Рефлексивизация в багвалинском языке","1999.0","Bagvalal","Bagvalal","Avar-Andic","Avar-Andic","","False","False","True","False"
"Lyutikova E.A.","Reflexives and emphasis in Tsaxur (Nakh-Dagestanian)","2000.0","Tsakhur","Tsakhur","Lezgic","Lezgic","","False","True","True","False"
"Lyutikova E.A.","Tsakhur as a case-stacking language","2015.0","Tsakhur","Tsakhur","Lezgic","Lezgic","","False","False","True","False"
"Lyutikova E.A.","Грамматикализация каузативной конструкции в хваршинском языке","2020.0","Khwarshi","Khwarshi","Tsezic","Tsezic","","False","False","True","False"
"Lyutikova E.A.","Еще раз о падежной морфологии дагестанских языков: свидетельства хваршинского атрибутива","2020.0","Khwarshi","Khwarshi","Tsezic","Tsezic","","False","False","True","False"
"Lyutikova E.A.","THE CASE OF KHWARSHI","2021.0","Khwarshi","Khwarshi","Tsezic","Tsezic","","False","False","True","False"
"Lyutikova E.A.","Атрибутив как лицензор предикативной структуры в хваршинской именной группе","2021.0","Khwarshi","Khwarshi","Tsezic","Tsezic","","False","False","True","False"
"Lyutikova E.A.","СОГЛАСОВАНИЕ ПО КОСВЕННОСТИ В ДАГЕСТАНСКИХ ЯЗЫКАХ: ЭСКИЗ СИНТАКСИЧЕСКОЙ МОДЕЛИ1","2021.0","Khwarshi","Khwarshi","Tsezic","Tsezic","","False","False","True","False"
"Lyutikova E.A.","Типология эргативности и грамматические асимметрии в дагестанских языках","2021.0","Tsakhur, Khwarshi, Bagvalal","Bagvalal, Khwarshi, Tsakhur","Avar-Andic, Lezgic, Tsezic","Avar-Andic, Lezgic, Tsezic","","False","False","True","False"
"Lyutikova E.A.","The structural representation of ergativity in Northeast Caucasian","2022.0","Khwarshi","Khwarshi","Tsezic","Tsezic","","False","False","True","False"
"Lyutikova E.A.","Локализация и аппроксимация в хваршинском языке","2022.0","Khwarshi","Khwarshi","Tsezic","Tsezic","","False","False","True","False"
"Lyutikova E.A.","Пространственные формы хваршинского языка в контексте внутригенетической типологии","2022.0","Khwarshi","Khwarshi","Tsezic","Tsezic","","False","False","True","False"
"Lyutikova E.A.","Ролевая гипотеза и структура клаузы дагестанских языков","2025.0","Khwarshi","Khwarshi","Tsezic","Tsezic","","False","False","True","False"
"MacLeod C.","Reference in Udi narrative discourse","1982.0","Udi","Udi","Lezgic","Lezgic","","False","True","False","False"
"Madieva G.I.","Грамматический очерк бежтинского языка","1965.0","Bezhta","Bezhta","Tsezic","Tsezic","","True","True","False","False"
"Madieva G.I.","Аварский язык","1967.0","Avar","Avar","Avar-Andic","Avar-Andic","","False","True","False","False"
"Madieva G.I.","Морфология аварского литературного языка","1980.0","Avar","Avar","Avar-Andic","Avar-Andic","","False","True","False","False"
"Magadova S.Ts.","Концепт ""человек"" в зеркале лакских фразеологических единиц","2017.0","Lak","Lak","Lak","Lak","https://search.rsl.ru/ru/record/01008583916","False","False","False","True"
"Magamdarov R.Sh.","Лингво-культурологический анализ концепта ""Фемина"" в лезгинском языке","1999.0","Lezgian","Lezgian","Lezgic","Lezgic","https://search.rsl.ru/ru/record/01000243491","False","False","False","True"
"Magamedova L.K.","Роль иноязычных заимствований в развитии лексической семантики в лезгинском литературном языке","2005.0","Lezgian","Lezgian","Lezgic","Lezgic","https://search.rsl.ru/ru/record/01002800554","False","False","False","True"
"Magamedova M.M.","Сопоставительное исследование гендерной лексики и фразеологии лезгинского и русского языков","2006.0","Lezgian","Lezgian","Lezgic","Lezgic","https://search.rsl.ru/ru/record/01002935475","False","False","False","True"
"Magarramov M.D.","Арабские лексические единицы в цахурском языке","2005.0","Tsakhur","Tsakhur","Lezgic","Lezgic","https://search.rsl.ru/ru/record/01002750117","False","False","False","True"
"Magdilova R.A.","Учебное пособие по синтаксису аварского языка. Словосочетание и простое предложение","2022.0","Avar","Avar","Avar-Andic","Avar-Andic","https://search.rsl.ru/ru/record/01011328324","False","False","False","True"
"Magomadova A.I.","Словообразовательные гнезда в разноструктурных языках: на материале русского и чеченского языков","2016.0","Chechen","Chechen","Nakh","Nakh","https://search.rsl.ru/ru/record/01008577770","False","False","False","True"
"Magomadova A.I.","Сопоставительная характеристика деривационных гнезд в разносистемных языках (на примере русского и чеченского языков)","2021.0","Chechen","Chechen","Nakh","Nakh","https://search.rsl.ru/ru/record/01011072470","False","False","False","True"
"Magomadova A.I.","Сравнительный анализ соотношения лексической микросистемы и деривационного потенциала слов в разносистемных языках: (на примере русского и чеченского языков)","2021.0","Chechen","Chechen","Nakh","Nakh","https://search.rsl.ru/ru/record/01010813036","False","False","False","True"
"Magomaeva Kh.M.","Аварские заимствования в андийских языках: На материале ботлихского, годоберинского и чамалинского языков","2004.0","Botlikh, Godoberi, Chamalal","Botlikh, Chamalal, Godoberi","Avar-Andic","Avar-Andic","https://search.rsl.ru/ru/record/01002737748","False","False","False","True"
"Magomaeva P.N. and Mallaeva Z.M.","Функционально-семантическая характеристика дейктонимов аварского языка","2006.0","Avar","Avar","Avar-Andic","Avar-Andic","","False","False","True","False"
"Magomaeva Z.M.","Цегобский говор ахвахского языка: фонетика и морфология","1975.0","Southern Akhvakh","Akhvakh","Avar-Andic","Avar-Andic","https://search.rsl.ru/ru/record/01009699980","False","False","False","True"
"Magomedbekova Z.M.","Фонетические особенности южного диалекта ахвахского языка","1962.0","Southern Akhvakh","Akhvakh","Avar-Andic","Avar-Andic","","False","True","False","False"
"Magomedbekova Z.M.","Ахвахский язык","1967.0","Northern Akhvakh","Akhvakh","Avar-Andic","Avar-Andic","","True","True","False","False"
"Magomedbekova Z.M.","Об основных особенностях южного диалекта ахвахского языка","1967.0","Southern Akhvakh","Akhvakh","Avar-Andic","Avar-Andic","","False","True","False","False"
"Magomedbekova Z.M.","Каратинский язык: Грамматический анализ, тексты, словарь","1971.0","Karata","Karata","Avar-Andic","Avar-Andic","https://search.rsl.ru/ru/record/01009894820","True","True","False","True"
"Magomedbekova Z.M.","Тиндинский язык","1998.0","Tindi","Tindi","Avar-Andic","Avar-Andic","","True","True","False","False"
"Magomedbekova Z.M.","Ботлихский язык","2001.0","Botlikh","Botlikh","Avar-Andic","Avar-Andic","","True","False","False","False"
"Magomedkhanov M.M.","Очерки по фразеологии аварского языка","1972.0","Avar","Avar","Avar-Andic","Avar-Andic","https://search.rsl.ru/ru/record/01007348149","False","False","False","True"
"Magomedkhanov M.M.","Аварско-русский фразеологический словарь","1983.0","Avar","Avar","Avar-Andic","Avar-Andic","https://search.rsl.ru/ru/record/01001186775","False","False","False","True"
"Magomedkhanov M.M.","Основы лексикографической разработки устойчивых словосочетаний аварского языка","1988.0","Avar","Avar","Avar-Andic","Avar-Andic","https://search.rsl.ru/ru/record/01008238839","False","False","False","True"
"Magomedkhanov M.M.","Вопросы фразеологии и фразеографии аварского языка: учебное пособие","1989.0","Avar","Avar","Avar-Andic","Avar-Andic","https://search.rsl.ru/ru/record/01010821205","False","False","False","True"
"Magomedkhanov M.M.","Русско-аварский фразеологический словарь: 1500 фразеологических единиц","2007.0","Avar","Avar","Avar-Andic","Avar-Andic","https://search.rsl.ru/ru/record/01003377210","False","False","False","True"
"Magomedmansurov M.G.","Фонетические и морфологические особенности данухского говора аварского языка","2006.0","Avar","Avar","Avar-Andic","Avar-Andic","https://search.rsl.ru/ru/record/01003011646","True","False","False","True"
"Magomedmirzaeva N.M.","Идиоматические выражения в аварском и английском языках в сопоставительном аспекте","2018.0","Avar","Avar","Avar-Andic","Avar-Andic","https://search.rsl.ru/ru/record/01008587129","False","False","False","True"
"Magomedov A.D.","Материалы по кубачинскому языку: приложения к ""Кубачинско-русскому языку"": сборник","2021.0","Kubachi","Dargwa","Dargwic","Dargwic","https://search.rsl.ru/ru/record/01010934497","False","False","False","True"
"Magomedov A.D. and Saidov-Akkutta N.I.","Кубачинско-русский словарь","2017.0","Kubachi","Dargwa","Dargwic","Dargwic","https://search.rsl.ru/ru/record/01009501989","True","False","False","True"
"Magomedov A.G.","Категория грамматических классов и категория лица в глаголе нахских языков","1965.0","Chechen, Ingush, Tsova-Tush","Chechen, Ingush, Tsova-Tush","Nakh","Nakh","https://search.rsl.ru/ru/record/01010471214","False","False","False","True"
"Magomedov A.G.","Система гласных чечено-ингушского языка","1974.0","Chechen, Ingush","Chechen, Ingush","Nakh","Nakh","https://search.rsl.ru/ru/record/01007348082","False","False","False","True"
"Magomedov A.G.","Категория грамматического класса и категория лица в глаголе чеченского языка","1975.0","Chechen","Chechen","Nakh","Nakh","https://search.rsl.ru/ru/record/01007031658","False","False","False","True"
"Magomedov A.G.","Динамика становления систем организации имени по грамматическим классам в нахских языках","1990.0","Chechen, Ingush, Tsova-Tush","Chechen, Ingush, Tsova-Tush","Nakh","Nakh","https://search.rsl.ru/ru/record/01008035758","False","False","False","True"
"Magomedov A.O.","Стилистические средства даргинского языка","2004.0","Northern Dargwa","Dargwa","Dargwic","Dargwic","https://search.rsl.ru/ru/record/01002738035","False","False","False","True"
"Magomedov D.M.","Структурно-семантический анализ соматических фразеологических единиц аварского языка","2022.0","Avar","Avar","Avar-Andic","Avar-Andic","https://search.rsl.ru/ru/record/01011072683","False","False","False","True"
"Magomedov D.M.","Особенности образования сложных имён существительных и прилагательных в аварском и русском языках","2024.0","Avar","Avar","Avar-Andic","Avar-Andic","https://search.rsl.ru/ru/record/01013364520","False","False","False","True"
"Magomedov D.M.","Способы выражения залоговых отношений в разноструктурных языках","2024.0","Avar","Avar","Avar-Andic","Avar-Andic","https://search.rsl.ru/ru/record/01013363817","False","False","False","True"
"Magomedov D.M.","Сравнительная характеристика глагольных словосочетаний аварского и русского языков","2024.0","Avar","Avar","Avar-Andic","Avar-Andic","https://search.rsl.ru/ru/record/01013363824","False","False","False","True"
"Magomedov D.M. and Magomedova Kh.A. and Efendiev I.I.","Структура и состав именных словосочетаний в даргинском языке","2020.0","Northern Dargwa","Dargwa","Dargwic","Dargwic","https://search.rsl.ru/ru/record/01010496113","False","False","False","True"
"Magomedov D.M. and Mallaeva Z.M.","Способы повышения актантной деривации в аваро-андийских языках","2014.0","Avar, Upper Andi, Northern Akhvakh, Bagvalal, Tindi, Botlikh, Godoberi, Chamalal, Karata","Akhvakh, Andi, Avar, Bagvalal, Botlikh, Chamalal, Godoberi, Karata, Tindi","Avar-Andic","Avar-Andic","","False","False","True","False"
"Magomedov I.G.","Аварские географические названия внутригорного Дагестана","1975.0","Avar","Avar","Avar-Andic","Avar-Andic","https://search.rsl.ru/ru/record/01009773404","False","False","False","True"
"Magomedov I.M.","Canka","2006.0","Avar","Avar","Avar-Andic","Avar-Andic","","False","True","False","False"
"Magomedov M.A.","Арадерихские говоры аварского языка","1993.0","Avar","Avar","Avar-Andic","Avar-Andic","https://search.rsl.ru/ru/record/01002182229","False","False","False","True"
"Magomedov M.A.","Морфологические категории имени существительного в аварском и андийском языках","2011.0","Avar, Upper Andi","Andi, Avar","Avar-Andic","Avar-Andic","https://search.rsl.ru/ru/record/01005426675","False","False","False","True"
"Magomedov M.A. and Mallaeva Z.M.","К вопросу об алфавите аварского языка","2001.0","Avar","Avar","Avar-Andic","Avar-Andic","","False","False","True","False"
"Magomedov M.A. and Mallaeva Z.M.","СУФФИКСАЛЬНЫЕ МОРФЕМЫ, КОНСТИТУИРУЮЩИЕ В АВАРСКОМ ЯЗЫКЕ ДЕЕПРИЧАСТИЕ СОВЕРШЕННОГО ВИДА","2019.0","Avar","Avar","Avar-Andic","Avar-Andic","","False","False","True","False"
"Magomedov M.A. and Mallaeva Z.M.","Морфемная структура вопросительных местоимений аварского языка","2022.0","Avar","Avar","Avar-Andic","Avar-Andic","","False","False","True","False"
"Magomedov M.I.","Категориальная характеристика инфинитных словосочетаний в Аварском языке","1992.0","Avar","Avar","Avar-Andic","Avar-Andic","https://search.rsl.ru/ru/record/01008016804","False","False","False","True"
"Magomedov M.I.","Субъектно-объектные отношения и категория залога в аварском языке","2003.0","Avar","Avar","Avar-Andic","Avar-Andic","https://search.rsl.ru/ru/record/01002625334","False","False","False","True"
"Magomedov M.I.","Структурная характеристика предикативной основы аварского предложения","2023.0","Avar","Avar","Avar-Andic","Avar-Andic","https://search.rsl.ru/ru/record/01012558984","False","False","False","True"
"Magomedov M.M.","Фонетические и морфологические особенности хотодинского говора гидского диалекта аварского языка","2012.0","Avar","Avar","Avar-Andic","Avar-Andic","https://search.rsl.ru/ru/record/01006513693","True","False","False","True"
"Magomedov M.Yu.","Осложненное предложение в аварском языке в сопоставлении с русским","2013.0","Avar","Avar","Avar-Andic","Avar-Andic","https://search.rsl.ru/ru/record/01005096998","False","False","False","True"
"Magomedov M.Z. and Sulejmanov B.S.","Darginskij jazyk: peduciliscebas ucebnik","1967.0","Northern Dargwa","Dargwa","Dargwic","Dargwic","","False","True","False","False"
"Magomedov N.G.","Даргинско-русский фразеологический словарь. Опыт собирания и перевода образных выражений даргинского языка на русский","1997.0","Northern Dargwa","Dargwa","Dargwic","Dargwic","","False","True","False","False"
"Magomedov N.G.","Семантико-словообразовательные связи многозначных существительных со значением лица в русском и лезгинском языках: автореферат","2000.0","Lezgian","Lezgian","Lezgic","Lezgic","https://search.rsl.ru/ru/record/01000252251","False","False","False","True"
"Magomedova A.D.","Причастие в даргинском языке: Образование, структура, адъективация","2001.0","Northern Dargwa","Dargwa","Dargwic","Dargwic","https://search.rsl.ru/ru/record/01000330872","False","False","False","True"
"Magomedova A.K.","Лексические средства выражения пространственного и темпорального дейксиса даргинского и немецкого языков","2009.0","Northern Dargwa","Dargwa","Dargwic","Dargwic","https://search.rsl.ru/ru/record/01004634152","False","False","False","True"
"Magomedova B.G.","Пространственные и абстрактные значения превербов даргинского языка: в сопоставлении с аналогами германских языков","2011.0","Northern Dargwa","Dargwa","Dargwic","Dargwic","https://search.rsl.ru/ru/record/01004957528","False","False","False","True"
"Magomedova B.G. and Mallaeva Z.M.","Глагольная аффиксация в разноструктурных языках в функции выражения локализации и ориентации (на материале даргинского, английского и немецкого языков)","2011.0","Northern Dargwa","Dargwa","Dargwic","Dargwic","","False","False","True","False"
"Magomedova B.G. and Mallaeva Z.M.","К вопросу о глагольной аффиксации как средстве выражения пространственной семантики (на материале даргинского, английского и немецкого языков)","2011.0","Northern Dargwa","Dargwa","Dargwic","Dargwic","","False","False","True","False"
"Magomedova D.A.","Типология средств выражения функционально-семантической категории аспектуальности в аварском и английском языках","2010.0","Avar","Avar","Avar-Andic","Avar-Andic","https://search.rsl.ru/ru/record/01004724585","False","False","False","True"
"Magomedova D.Kh.","Деепричастие даргинского языка","2005.0","Northern Dargwa","Dargwa","Dargwic","Dargwic","https://search.rsl.ru/ru/record/01002832075","False","False","False","True"
"Magomedova D.M.","Соматическая лексика лакского языка в сопоставлении с английской","2007.0","Lak","Lak","Lak","Lak","https://search.rsl.ru/ru/record/01003309900","False","False","False","True"
"Magomedova D.R.","Ономатопея в лезгинском и русском языках: сопоставительный аспект","2024.0","Lezgian","Lezgian","Lezgic","Lezgic","https://search.rsl.ru/ru/record/01013226419","False","False","False","True"
"Magomedova E.D.","Фоно-морфологические и лексические особенности буркиханского диалекта агульского языка","2001.0","Aghul","Aghul","Lezgic","Lezgic","https://search.rsl.ru/ru/record/01000329696","False","False","False","True"
"Magomedova E.I.","Фразеосемантическое поле ""Поведение человека"" в даргинском и русском языках","2013.0","Northern Dargwa","Dargwa","Dargwic","Dargwic","https://search.rsl.ru/ru/record/01006603752","False","False","False","True"
"Magomedova E.K.","Отглагольные субстантивы в лакском языке","2009.0","Lak","Lak","Lak","Lak","https://search.rsl.ru/ru/record/01004357817","False","False","False","True"
"Magomedova G.A.","Определение и способы выражения определительных отношений в аварском языке: автореферат","2011.0","Avar","Avar","Avar-Andic","Avar-Andic","https://search.rsl.ru/ru/record/01005014988","False","False","False","True"
"Magomedova I.A.","Явления полисемии и омонимии в аварском языке в сопоставлении с языками разных систем","2008.0","Avar","Avar","Avar-Andic","Avar-Andic","https://search.rsl.ru/ru/record/01004249758","False","False","False","True"
"Magomedova I.S.","Синтаксическая характеристика глаголов восприятия в аварском и андийских языках","2006.0","Avar, Upper Andi, Lower Andi, Botlikh, Bagvalal, Godoberi, Karata, Northern Akhvakh, Southern Akhvakh, Tindi, Chamalal","Akhvakh, Andi, Avar, Bagvalal, Botlikh, Chamalal, Godoberi, Karata, Tindi","Avar-Andic","Avar-Andic","https://search.rsl.ru/ru/record/01002978087","False","False","False","True"
"Magomedova Kh.A.","Именные словосочетания даргинского языка","2007.0","Northern Dargwa","Dargwa","Dargwic","Dargwic","https://search.rsl.ru/ru/record/01003318066","False","False","False","True"
"Magomedova Kh.N.","Структурно-семантическая и антропоцентрическая организация паремий аварского языка","2016.0","Avar","Avar","Avar-Andic","Avar-Andic","https://search.rsl.ru/ru/record/01008238723","False","False","False","True"
"Magomedova M.A.","Функциональная характеристика местоимений в аварском языке","2004.0","Avar","Avar","Avar-Andic","Avar-Andic","https://search.rsl.ru/ru/record/01003298677","False","False","False","True"
"Magomedova M.A.","Лексико-семантическое освоение кумыкизмов в даргинском языке","2005.0","Northern Dargwa","Dargwa","Dargwic","Dargwic","https://search.rsl.ru/ru/record/01002877083","False","False","False","True"
"Magomedova M.A.","Лексико-семантическое освоение кумыкских заимствований в даргинском языке","2005.0","Northern Dargwa","Dargwa","Dargwic","Dargwic","https://search.rsl.ru/ru/record/01002851721","False","False","False","True"
"Magomedova M.A.","Категория определенности-неопределенности в лакском языке","2007.0","Lak","Lak","Lak","Lak","https://search.rsl.ru/ru/record/01003316747","False","False","True","True"
"Magomedova M.A.","Категория посессивности в аварском и английском языках","2011.0","Avar","Avar","Avar-Andic","Avar-Andic","https://search.rsl.ru/ru/record/01004972747","False","False","False","True"
"Magomedova M.A.","Категория определенности-неопределенности в дагестанских языках: (на материале лакского и других языков)","2014.0","Lak","Lak","Lak","Lak","https://search.rsl.ru/ru/record/01008734524","False","False","False","True"
"Magomedova N.A.","Семантическое пространство концептов ""свет"" и ""тьма"" в лезгинском и французском языках","2009.0","Lezgian","Lezgian","Lezgic","Lezgic","https://search.rsl.ru/ru/record/01004634406","False","False","False","True"
"Magomedova N.M.","Общественно-политическая терминология даргинского языка","2011.0","Northern Dargwa","Dargwa","Dargwic","Dargwic","https://search.rsl.ru/ru/record/01004999467","False","False","False","True"
"Magomedova N.R.","Словообразование в рутульском и английском языках","2009.0","Rutul","Rutul","Lezgic","Lezgic","https://search.rsl.ru/ru/record/01004634409","False","False","False","True"
"Magomedova P.A.","Функционально-семантический анализ глаголов перемещения в аварском и русском языках","1993.0","Avar","Avar","Avar-Andic","Avar-Andic","https://search.rsl.ru/ru/record/01000257264","False","False","False","True"
"Magomedova P.A.","Семантика и синтаксис аварского глагола: опыт семантической интерпретации синтаксиса","2006.0","Avar","Avar","Avar-Andic","Avar-Andic","https://search.rsl.ru/ru/record/01003306952","False","False","False","True"
"Magomedova P.A.","Опыт концептуального анализа паремиологической картины мира разноструктурных языков: концептосфера ""ПЛОХО""","2022.0","Avar","Avar","Avar-Andic","Avar-Andic","https://search.rsl.ru/ru/record/01011506807","False","False","False","True"
"Magomedova P.T.","Категория множественного числа имен существительных в чамалинском языке (семантический аспект)","1985.0","Chamalal","Chamalal","Avar-Andic","Avar-Andic","","False","True","False","False"
"Magomedova P.T.","Чамалинско-русский словарь","1999.0","Chamalal","Chamalal","Avar-Andic","Avar-Andic","","True","True","False","False"
"Magomedova P.T.","Тиндинско-русский словарь","2003.0","Tindi","Tindi","Avar-Andic","Avar-Andic","","True","True","False","False"
"Magomedova P.T.","Chamalal","2004.0","Chamalal","Chamalal","Avar-Andic","Avar-Andic","","False","True","False","False"
"Magomedova P.T.","Багвалинско-русский словарь","2004.0","Bagvalal","Bagvalal","Avar-Andic","Avar-Andic","","True","True","False","False"
"Magomedova P.T.","Ахвахско-русский словарь","2007.0","Northern Akhvakh, Southern Akhvakh","Akhvakh","Avar-Andic","Avar-Andic","https://search.rsl.ru/ru/record/01003416823","True","True","False","True"
"Magomedova P.T.","Тиндинский язык","2012.0","Tindi","Tindi","Avar-Andic","Avar-Andic","https://search.rsl.ru/ru/record/01005523313","True","False","False","True"
"Magomedova R.I.","Функционально-семантический аспект лексико-тематического представления внешнего облика человека в даргинском языке в сопоставлении с английским","2014.0","Northern Dargwa","Dargwa","Dargwic","Dargwic","https://search.rsl.ru/ru/record/01007498835","False","False","False","True"
"Magomedova S.D.","Склонение имен в агульском языке","1997.0","Aghul","Aghul","Lezgic","Lezgic","https://search.rsl.ru/ru/record/01000196213","False","False","False","True"
"Magomedova S.I.","Соматизмы ""глаз"", ""сердце"", ""голова"" в объективации картины мира: на материале аварского и арабского языков","2009.0","Avar","Avar","Avar-Andic","Avar-Andic","https://search.rsl.ru/ru/record/01004326128","False","False","False","True"
"Magomedova S.I.","Фонетические и морфологические особенности оротинского говора аварского языка","2013.0","Avar","Avar","Avar-Andic","Avar-Andic","https://search.rsl.ru/ru/record/01006714748","True","True","False","True"
"Magomedova S.M.","Эмотивные лакуны в разноструктурных языках: на материале английского и аварского языков","2013.0","Avar","Avar","Avar-Andic","Avar-Andic","https://search.rsl.ru/ru/record/01006761840","False","False","False","True"
"Magomedova S.O.","Средства выражения темпорального дейксиса в аварском и английском языках","2014.0","Avar","Avar","Avar-Andic","Avar-Andic","https://search.rsl.ru/ru/record/01009571749","False","False","False","True"
"Magomedova S.O. and Mallaeva Z.M.","Средства выражения зависимого таксиса в аварском языке","2008.0","Avar","Avar","Avar-Andic","Avar-Andic","","False","False","True","False"
"Magomedova T.I.","Фонетическая система даргинского языка в сопоставлении с русской","1998.0","Northern Dargwa","Dargwa","Dargwic","Dargwic","https://search.rsl.ru/ru/record/01000194930","False","False","False","True"
"Magomedova Z.A.","Некоторые названия огородных культур хунзахского диалекта аварского языка","2015.0","Avar","Avar","Avar-Andic","Avar-Andic","","False","False","True","False"
"Magomedova Z.A.","О названиях некоторых зерновых культур в хунзахском диалекте аварского языка","2016.0","Avar","Avar","Avar-Andic","Avar-Andic","","False","False","True","False"
"Magomedova Z.A.","О названиях наиболее распространенных садовых культур в хунзахском диалекте аварского языка","2017.0","Avar","Avar","Avar-Andic","Avar-Andic","","False","False","True","False"
"Magomedova Z.A.","Земледельческая лексика хунзахского диалекта северного наречия аварского языка","2019.0","Avar","Avar","Avar-Andic","Avar-Andic","https://search.rsl.ru/ru/record/01010053143","False","False","False","True"
"Magomedova Z.A. and Mukhudadaeva R.A.","Образование имен прилагательных посредством словосложения в английском и аварском языках","2014.0","Avar","Avar","Avar-Andic","Avar-Andic","","False","False","True","False"
"Magomedova Z.A. and Nurmagomedov M.M.","УПОТРЕБЛЕНИЕ НАЗВАНИЙ"" СТОГ"","" СКИРДА"" И"" КОПНА"" В ХУНЗАХСКОМ ДИАЛЕКТЕ АВАРСКОГО ЯЗЫКА","2017.0","Avar","Avar","Avar-Andic","Avar-Andic","","False","False","True","False"
"Magomedova Z.K.","Культурные концепты в даргинской языковой картине мира","2017.0","Northern Dargwa","Dargwa","Dargwic","Dargwic","https://search.rsl.ru/ru/record/01009559205","False","False","False","True"
"Magomedova Z.K.","Сопоставительно-типологический анализ этикетной лексики в языках различных культур: аварском и английском","2018.0","Avar","Avar","Avar-Andic","Avar-Andic","https://search.rsl.ru/ru/record/01009734026","False","False","False","True"
"Magometov A.A.","Кубачинский язык: исследование и тексты","1963.0","Kubachi","Dargwa","Dargwic","Dargwic","","True","True","False","False"
"Magometov A.A.","Табасаранский язык: исследование и тексты","1965.0","Tabasaran","Tabasaran","Lezgic","Lezgic","https://search.rsl.ru/ru/record/01010493214","True","True","False","True"
"Magometov A.A.","Агульский язык: исследование и тексты","1970.0","Aghul","Aghul","Lezgic","Lezgic","","True","True","False","False"
"Magometov A.A.","Мегебский диалект даргинского языка: исследование и тексты","1982.0","Mehweb","Dargwa","Dargwic","Dargwic","https://search.rsl.ru/ru/record/01002102457","True","True","False","True"
"Maisak T.A.","Агульский язык","2005.0","Aghul","Aghul","Lezgic","Lezgic","","False","False","True","False"
"Maisak T.A.","Андийские языки","2005.0","Upper Andi, Botlikh, Bagvalal, Godoberi, Tindi, Chamalal, Northern Akhvakh, Southern Akhvakh, Karata","Akhvakh, Andi, Bagvalal, Botlikh, Chamalal, Godoberi, Karata, Tindi","Avar-Andic","Avar-Andic","","False","False","True","False"
"Maisak T.A.","АХВАХСКИЙ ЯЗЫК","2005.0","Northern Akhvakh, Southern Akhvakh","Akhvakh","Avar-Andic","Avar-Andic","","False","False","True","False"
"Maisak T.A.","Багвалинский язык","2005.0","Bagvalal","Bagvalal","Avar-Andic","Avar-Andic","","False","False","True","False"
"Maisak T.A.","Пять удинских песен: тексты, морфологический разбор, комментарии","2005.0","Udi","Udi","Lezgic","Lezgic","","False","False","True","False"
"Maisak T.A.","Будухский язык","2006.0","Budukh","Budukh","Lezgic","Lezgic","","False","False","True","False"
"Maisak T.A.","Краткий русско-удинский разговорник (Ниджский диалект)","2006.0","Udi","Udi","Lezgic","Lezgic","","True","False","False","False"
"Maisak T.A.","“Opaque” tense and aspect forms in the light of intra-genetic and areal typology (the case of Udi)","2007.0","Udi","Udi","Lezgic","Lezgic","","False","False","True","False"
"Maisak T.A.","Видо-временные системы лезгинских языков. 1. Формы от инфинитива","2007.0","Lezgian, Tabasaran, Aghul, Rutul, Tsakhur, Archi, Kryz, Budukh, Udi","Aghul, Archi, Budukh, Kryz, Lezgian, Rutul, Tabasaran, Tsakhur, Udi","Lezgic","Lezgic","","False","False","True","False"
"Maisak T.A.","СЕМАНТИКА И ПРОИСХОЖДЕНИЕ ВРЕМЕННОЙ ФОРМЫ НА-ГУНА//-ГУНИ//-ГАНА В АГУЛЬСКОМ ЯЗЫКЕ","2007.0","Aghul","Aghul","Lezgic","Lezgic","","False","False","True","False"
"Maisak T.A.","Morphology, semantics and syntax of participles in Agul","2008.0","Aghul","Aghul","Lezgic","Lezgic","","False","False","True","False"
"Maisak T.A.","The Agul language in its Daghestanian context","2008.0","Aghul","Aghul","Lezgic","Lezgic","","False","False","True","False"
"Maisak T.A.","Варианты удинской орфографии и транскрипции (краткий обзор)","2008.0","Udi","Udi","Lezgic","Lezgic","","False","False","True","False"
"Maisak T.A.","Глагольная парадигма удинского языка (Ниджский диалект)","2008.0","Udi","Udi","Lezgic","Lezgic","","True","False","True","False"
"Maisak T.A.","Новый удинский перевод Четвероевангелия как лингвистический источник","2008.0","Udi","Udi","Lezgic","Lezgic","","False","False","True","False"
"Maisak T.A.","Семантика и происхождение глагольных форм настоящего и будущего времени в удинском языке","2008.0","Udi","Udi","Lezgic","Lezgic","","False","False","True","False"
"Maisak T.A.","Morphologization of matrix verbs: the case of “Verificative” in Agul","2009.0","Aghul","Aghul","Lezgic","Lezgic","","False","False","True","False"
"Maisak T.A.","Проблема выделения пространственных префиксов в глагольных основах и пути её решения (на материале агульского языка)","2009.0","Aghul","Aghul","Lezgic","Lezgic","","False","False","True","False"
"Maisak T.A.","Синтаксис и семантика в распределении показателей отрицания (на материале удинского языка)","2009.0","Udi","Udi","Lezgic","Lezgic","","True","False","True","False"
"Maisak T.A.","Видо-временные системы лезгинских языков. 2. Формы на основе локативной модели","2010.0","Lezgian","Lezgian","Lezgic","Lezgic","","False","False","True","False"
"Maisak T.A.","Новые библейские переводы на удинский язык и их языковые особенности","2010.0","Udi","Udi","Lezgic","Lezgic","","False","False","True","False"
"Maisak T.A.","The Present and the Future within the Lezgic tense and aspect systems","2011.0","Lezgian","Lezgian","Lezgic","Lezgic","","False","False","True","False"
"Maisak T.A.","Subject pronoun doubling in Agul: a corpus study of an unusual pattern","2012.0","Aghul","Aghul","Lezgic","Lezgic","","False","False","True","False"
"Maisak T.A.","The functions of a borrowed marker =sa in Nizh Udi","2012.0","Udi","Udi","Lezgic","Lezgic","","False","False","True","False"
"Maisak T.A.","Причастные формы в видо-временной системе агульского языка","2012.0","Aghul","Aghul","Lezgic","Lezgic","","False","False","True","False"
"Maisak T.A.","Простые и сложные глаголы в удинском языке: различия и сходства","2012.0","Udi","Udi","Lezgic","Lezgic","","False","False","True","False"
"Maisak T.A.","Удинский перфект: анализ употреблений в параллельном корпусе","2013.0","Udi","Udi","Lezgic","Lezgic","","False","False","True","False"
"Maisak T.A.","Person agreement, information structure and reduced finiteness in Udi","2014.0","Udi","Udi","Lezgic","Lezgic","","False","False","True","False"
"Maisak T.A.","Preverbs in Agul: an elaborate system of locative prefixation","2014.0","Aghul","Aghul","Lezgic","Lezgic","","False","False","True","False"
"Maisak T.A.","Агульские тексты 1900-1960-х годов.","2014.0","Aghul","Aghul","Lezgic","Lezgic","","True","False","False","False"
"Maisak T.A.","ГЛАГОЛЬНЫЕ СИСТЕМЫ ЛЕЗГИНСКИХ ЯЗЫКОВ: СТРУКТУРА, СЕМАНТИКА И ПУТИ РАЗВИТИЯ ПЕРФЕКТИВНЫХ ФОРМ","2014.0","Lezgian","Lezgian","Lezgic","Lezgic","","False","False","True","False"
"Maisak T.A.","Контактное изменение в поддержку внутригенетических тенденций: азербайджанская морфема =sa в удинском","2014.0","Udi","Udi","Lezgic","Lezgic","","False","False","True","False"
"Maisak T.A.","УДИНСКИЙ ПЕРФЕКТ В ПАРАЛЛЕЛЬНОМ КОРПУСЕ (НА МАТЕРИАЛЕ ПЕРЕВОДА ЕВАНГЕЛИЯ ОТ ЛУКИ)","2014.0","Udi","Udi","Lezgic","Lezgic","","False","False","True","False"
"Maisak T.A.","Глагольная система удинского языка на фоне азербайджанской","2015.0","Udi","Udi","Lezgic","Lezgic","","False","False","True","False"
"Maisak T.A.","Дублирование субъектных местоимений в агульском языке: корпусные данные и попытки интерпретации","2015.0","Aghul","Aghul","Lezgic","Lezgic","","False","False","True","False"
"Maisak T.A.","Позиция личных клитик в удинском языке по корпусным данным","2015.0","Udi","Udi","Lezgic","Lezgic","","False","False","True","False"
"Maisak T.A.","Morphological fusion without syntactic fusion: The case of the “verificative” in Agul","2016.0","Aghul","Aghul","Lezgic","Lezgic","","False","False","True","False"
"Maisak T.A.","Relativization targets in Agul: a corpus-based perspective","2016.0","Aghul","Aghul","Lezgic","Lezgic","","False","False","True","False"
"Maisak T.A.","Subject pronoun doubling in Agul: Spoken corpus data on a rare discourse pattern","2016.0","Aghul","Aghul","Lezgic","Lezgic","","False","False","True","False"
"Maisak T.A.","Глагольная система рикванинского говора андийского языка: формообразование","2016.0","Upper Andi","Andi","Avar-Andic","Avar-Andic","","True","False","False","False"
"Maisak T.A.","Перфект и аорист в ниджском диалекте удинского языка","2016.0","Udi","Udi","Lezgic","Lezgic","","True","False","True","False"
"Maisak T.A.","Типологическое, внутригенетическое и ареальное в грамматикализации: данные лезгинских языков","2016.0","Lezgian, Tabasaran, Aghul, Rutul, Tsakhur, Archi, Kryz, Budukh, Udi","Aghul, Archi, Budukh, Kryz, Lezgian, Rutul, Tabasaran, Tsakhur, Udi","Lezgic","Lezgic","","False","False","True","False"
"Maisak T.A.","Subject pronoun doubling in Agul","2017.0","Aghul","Aghul","Lezgic","Lezgic","","False","False","True","False"
"Maisak T.A.","Tense and aspect among the factors conditioning the distribution of quotatives: data from Andi","2017.0","Upper Andi","Andi","Avar-Andic","Avar-Andic","","True","False","False","False"
"Maisak T.A.","The future and the prospective within a tense-aspect system: The case of Andi","2017.0","Upper Andi","Andi","Avar-Andic","Avar-Andic","","False","False","True","False"
"Maisak T.A.","Согласование по множественному числу в удинском языке","2017.0","Udi","Udi","Lezgic","Lezgic","","False","False","True","False"
"Maisak T.A.","Чамалинский язык","2017.0","Chamalal","Chamalal","Avar-Andic","Avar-Andic","","False","False","True","False"
"Maisak T.A.","Эндоклитики внутри глагола: теперь и в андийском","2017.0","Upper Andi","Andi","Avar-Andic","Avar-Andic","","False","False","True","False"
"Maisak T.A.","«Презенс нарушенного ожидания» в андийском языке","2018.0","Upper Andi","Andi","Avar-Andic","Avar-Andic","","False","False","True","False"
"Maisak T.A.","Some remarkable features of negative verb forms in Andi (Nakh-Daghestanian)","2018.0","Upper Andi","Andi","Avar-Andic","Avar-Andic","","False","False","True","False"
"Maisak T.A.","The Aorist/Perfect Distinction in Nizh Udi","2018.0","Udi","Udi","Lezgic","Lezgic","","True","False","True","False"
"Maisak T.A.","The attributivizing marker in Andi (Nakh-Daghestanian): clitic, affix, or both?","2018.0","Upper Andi","Andi","Avar-Andic","Avar-Andic","","False","False","True","False"
"Maisak T.A.","Контрастивный показатель -гъиб (-кIоб) в андийском языке","2018.0","Upper Andi","Andi","Avar-Andic","Avar-Andic","","False","False","True","False"
"Maisak T.A.","Borrowing from an unrelated language in support of intragenetic tendencies: The case of the conditional clitic =sa in Udi","2019.0","Udi","Udi","Lezgic","Lezgic","","False","False","True","False"
"Maisak T.A.","Repetitive prefix in Agul: Morphological copy from a closely related language","2019.0","Aghul","Aghul","Lezgic","Lezgic","","False","False","True","False"
"Maisak T.A.","Атрибутивные показатели в андийском языке: клитики или аффиксы?","2019.0","Upper Andi","Andi","Avar-Andic","Avar-Andic","","False","False","True","False"
"Maisak T.A.","Категория контрастивности («рестриктивности») в дагестанских языках","2019.0","Upper Andi, Rutul","Andi, Rutul","Avar-Andic, Lezgic","Avar-Andic, Lezgic","","False","False","True","False"
"Maisak T.A.","Переводы «Отче наш» в истории удинского языка","2019.0","Udi","Udi","Lezgic","Lezgic","","False","False","True","False"
"Maisak T.A.","Adverb/postposition ‘after’to sequential connective ‘then’to discourse-pragmatic marker in Andi","2020.0","Upper Andi","Andi","Avar-Andic","Avar-Andic","","False","False","True","False"
"Maisak T.A.","Affixal, phrasal and clausal caritives in Nakh-Daghestanian","2020.0","Aghul, Upper Andi, Archi, Budukh, Kryz, Lezgian, Rutul, Tabasaran, Tsakhur","Aghul, Andi, Archi, Budukh, Kryz, Lezgian, Rutul, Tabasaran, Tsakhur","Avar-Andic, Lezgic","Avar-Andic, Lezgic","","True","False","True","False"
"Maisak T.A.","Grammaticalization in Lezgic (East Caucasian)","2020.0","Lezgian, Tabasaran, Aghul, Rutul, Tsakhur, Archi, Kryz, Budukh, Udi","Aghul, Archi, Budukh, Kryz, Lezgian, Rutul, Tabasaran, Tsakhur, Udi","Lezgic","Lezgic","","False","False","True","False"
"Maisak T.A.","Relative clauses in Agul from a corpus-based perspective","2020.0","Aghul","Aghul","Lezgic","Lezgic","","False","False","True","False"
"Maisak T.A.","The Verb Paradigm In Kina Rutul","2020.0","Rutul","Rutul","Lezgic","Lezgic","","False","False","True","False"
"Maisak T.A.","Выбор клитики в зависимости от видо-временной формы предиката: данные андийского языка","2020.0","Upper Andi","Andi","Avar-Andic","Avar-Andic","","False","False","True","False"
"Maisak T.A.","О возникновении локативного падежа без локативной семантики:«компаратив» в андийском языке","2020.0","Upper Andi","Andi","Avar-Andic","Avar-Andic","","False","False","True","False"
"Maisak T.A.","ПРИЧАСТНЫЕ ОТНОСИТЕЛЬНЫЕ ПРЕДЛОЖЕНИЯ В УДИНСКОМ ЯЗЫКЕ ПО КОРПУСНЫМ ДАННЫМ","2020.0","Udi","Udi","Lezgic","Lezgic","","False","False","True","False"
"Maisak T.A.","Endoclitics in Andi","2021.0","Upper Andi","Andi","Avar-Andic","Avar-Andic","","False","False","True","False"
"Maisak T.A.","Numeral classifiers in Udi: A unique contact-induced development among Nakh-Daghestanian?","2021.0","Udi","Udi","Lezgic","Lezgic","","False","False","True","False"
"Maisak T.A.","Structural and functional variations of the perfect in Lezgic languages","2021.0","Udi","Udi","Lezgic","Lezgic","","True","False","True","False"
"Maisak T.A.","Лексикализация рефлексива в нахско-дагестанских языках: от местоимения к союзу/частице","2021.0","Upper Andi, Rutul","Andi, Rutul","Avar-Andic, Lezgic","Avar-Andic, Lezgic","","False","False","True","False"
"Maisak T.A.","ПРОСТЫЕ И ПРОИЗВОДНЫЕ ПРИЧАСТИЯ В АНДИЙСКОМ ЯЗЫКЕ: СХОДСТВА И РАЗЛИЧИЯ В МОРФОЛОГИИ И СЕМАНТИКЕ","2021.0","Upper Andi","Andi","Avar-Andic","Avar-Andic","","False","False","True","False"
"Maisak T.A.","Адвербиализатор guža (гужа) в андийском языке","2022.0","Upper Andi","Andi","Avar-Andic","Avar-Andic","","False","False","True","False"
"Maisak T.A.","Медитативные вопросительные показатели в трех нахско-дагестанских языках","2022.0","Aghul, Rutul, Upper Andi","Aghul, Andi, Rutul","Avar-Andic, Lezgic","Avar-Andic, Lezgic","","False","False","True","False"
"Maisak T.A.","Показатели медитативных вопросов в рутульском языке: морфологическая структура и происхождение","2022.0","Rutul","Rutul","Lezgic","Lezgic","","False","False","True","False"
"Maisak T.A.","From an adverb/postposition ‘behind’to a discourse marker: The particle reχu in Andi","2023.0","Upper Andi","Andi","Avar-Andic","Avar-Andic","","False","False","True","False"
"Maisak T.A.","The Udi language: Its History and Modern Development","2023.0","Udi","Udi","Lezgic","Lezgic","","False","False","True","False"
"Maisak T.A.","Лексические «заместители» и «распространители» в рутульском языке: материалы к внутригенетической типологии","2023.0","Rutul","Rutul","Lezgic","Lezgic","","False","False","True","False"
"Maisak T.A.","Континуативные конструкции в лезгинских языках и их употребление в параллельных контекстах (на материале переводов Евангелия от Луки)","2024.0","Lezgian","Lezgian","Lezgic","Lezgic","","False","False","True","False"
"Maisak T.A.","Согласование вспомогательного глагола по роду и структура континуативных конструкций в лезгинских языках","2024.0","Lezgian","Lezgian","Lezgic","Lezgic","","False","False","True","False"
"Maisak T.A. and Merdanova S.R.","Агульский язык","2002.0","Aghul","Aghul","Lezgic","Lezgic","","False","False","True","False"
"Maisak T.A. and Merdanova S.R.","Будущее время в агульском языке: типологические особенности","2002.0","Aghul","Aghul","Lezgic","Lezgic","","False","False","True","False"
"Maisak T.A. and Merdanova S.R.","Глагольная система хпюкского говора агульского языка","2002.0","Aghul","Aghul","Lezgic","Lezgic","","True","False","True","False"
"Maisak T.A. and Merdanova S.R.","Категория эвиденциальности в агульском языке","2002.0","Aghul","Aghul","Lezgic","Lezgic","","True","False","True","False"
"Maisak T.A. and Merdanova S.R.","Система пространственных превербов в агульском языке","2002.0","Aghul","Aghul","Lezgic","Lezgic","","False","False","True","False"
"Maisak T.A. and Merdanova S.R.","Будущее время в агульском языке в типологической перспективе","2003.0","Aghul","Aghul","Lezgic","Lezgic","","False","False","True","False"
"Maisak T.A. and Merdanova S.R.","""Проверятельная форма"" в агульском языке: структура, семантика и гипотеза о происхождении","2004.0","Aghul","Aghul","Lezgic","Lezgic","","False","False","True","False"
"Maisak T.A. and Merdanova S.R.","Reported speech and “semi-directness” in Agul","2010.0","Aghul","Aghul","Lezgic","Lezgic","","False","False","True","False"
"Maisak T.A. and Merdanova S.R.","Repetitive prefix in Agul and its areal/genetic background","2011.0","Aghul","Aghul","Lezgic","Lezgic","","False","False","True","False"
"Maisak T.A. and Merdanova S.R.","КОНСТРУКЦИИ С ПОВТОРОМ ГЛАГОЛА В АГУЛЬСКОМ ЯЗЫКЕ","2014.0","Aghul","Aghul","Lezgic","Lezgic","","False","False","True","False"
"Maisak T.A. and Merdanova S.R.","Перфект и смежные значения в агульском языке","2016.0","Aghul","Aghul","Lezgic","Lezgic","","True","False","True","False"
"Maisak T.A. and Merdanova S.R.","Clausal and nominal constructions with causal meaning in Agul (Daghestan)","2020.0","Aghul","Aghul","Lezgic","Lezgic","","False","False","True","False"
"Maisak T.A. and Talibov B.B.","Удинский язык","2005.0","Udi","Udi","Lezgic","Lezgic","","False","False","True","False"
"Maisak T.A. and Tatevosov S.G.","Будущее время как частный случай выражения нереферентности ситуации (на материале цахурского языка)","1997.0","Tsakhur","Tsakhur","Lezgic","Lezgic","","False","False","True","False"
"Maisak T.A. and Tatevosov S.G.","Вид и модальность: Способы взаимодействия (на материале цахурского языка)","1998.0","Tsakhur","Tsakhur","Lezgic","Lezgic","","False","False","True","False"
"Maisak T.A. and Tatevosov S.G.","Кодирование эпистемического статуса средствами морфосинтаксиса (на материале цахурского языка)","1998.0","Tsakhur","Tsakhur","Lezgic","Lezgic","","True","False","True","False"
"Maisak T.A. and Tatevosov S.G.","Эвиденциальность","2001.0","Bagvalal","Bagvalal","Avar-Andic","Avar-Andic","","True","False","False","False"
"Maisak T.A. and Tatevosov S.G.","Beyond evidentiality and mirativity: Evidence from Tsakhur","2007.0","Tsakhur","Tsakhur","Lezgic","Lezgic","","True","False","True","False"
"Maisak T.A. and Verhees S.","Counterexpectation Present in Andi: discerning the grammaticalization source","2018.0","Upper Andi","Andi","Avar-Andic","Avar-Andic","","False","False","True","False"
"Maisak T.A. and Verhees S.","The ‘Still Not’Present in Andi: identifying the grammaticalization source","2024.0","Upper Andi","Andi","Avar-Andic","Avar-Andic","","False","False","True","False"
"Majtieva R.A.","Структурно-семантическая характеристика пословиц и поговорок даргинского языка в сопоставлении с английским","2011.0","Northern Dargwa","Dargwa","Dargwic","Dargwic","https://search.rsl.ru/ru/record/01005033045","False","False","False","True"
"Makhmudov M.O.","Сопоставительный анализ фразеологических единиц с компонентом-зоонимом в даргинском и английском языках","2016.0","Northern Dargwa","Dargwa","Dargwic","Dargwic","https://search.rsl.ru/ru/record/01008583576","False","False","False","True"
"Makhmudova P.M.","Лексико-грамматическое освоение кумыкских заимствований салатавским диалектом аварского языка","2007.0","Avar","Avar","Avar-Andic","Avar-Andic","https://search.rsl.ru/ru/record/01003318172","False","False","False","True"
"Makhmudova S.M.","Способы выражения субъектно-объектных отношений в рутульском языке","1995.0","Rutul","Rutul","Lezgic","Lezgic","https://search.rsl.ru/ru/record/01000151681","False","False","False","True"
"Makhmudova S.M.","Каузатив в рутульском языке","1999.0","Rutul","Rutul","Lezgic","Lezgic","","False","True","False","False"
"Makhmudova S.M.","Морфология рутульского языка","2001.0","Rutul","Rutul","Lezgic","Lezgic","https://search.rsl.ru/ru/record/01008034249","True","True","False","True"
"Makhmudova S.M.","Грамматические классы слов и грамматические категории рутульского языка","2002.0","Rutul","Rutul","Lezgic","Lezgic","https://search.rsl.ru/ru/record/01002329248","True","True","False","True"
"Makhmudova S.M.","Фразеологический словарь рутульского языка: С. М. Махмудова ; Министерство образования и науки РФ, Федеральное государственное бюджетное образовательное учреждение ""Дагестанский государственный университет""","2016.0","Rutul","Rutul","Lezgic","Lezgic","https://search.rsl.ru/ru/record/01009385511","False","False","False","True"
"Mallaeva Z.M.","Лексические средства выражения пространственных отношений в аварском языке","1985.0","Avar","Avar","Avar-Andic","Avar-Andic","","False","False","True","False"
"Mallaeva Z.M.","Роль пространственных наречий в образовании сложных глаголов аварского языка","1986.0","Avar","Avar","Avar-Andic","Avar-Andic","","False","False","True","False"
"Mallaeva Z.M.","Выражение датированного действия и часового времен в аварском языке","1988.0","Avar","Avar","Avar-Andic","Avar-Andic","","False","False","True","False"
"Mallaeva Z.M.","Морфемы с временной семантикой в аварском языке","1988.0","Avar","Avar","Avar-Andic","Avar-Andic","","False","False","True","False"
"Mallaeva Z.M.","О характере функционирования временных деепричастий в аварском языке","1988.0","Avar","Avar","Avar-Andic","Avar-Andic","","False","False","True","False"
"Mallaeva Z.M.","О функционировании временных деепричастий в аварском языке","1989.0","Avar","Avar","Avar-Andic","Avar-Andic","","False","False","True","False"
"Mallaeva Z.M.","Расширение семантического диапазона слов категории времени в аварском языке (в результате влияния русского языка и изменения социально-бытовых условий жизни народа)","1989.0","Avar","Avar","Avar-Andic","Avar-Andic","","False","False","True","False"
"Mallaeva Z.M.","Система временных и пространственных отношений в аварском языке","1989.0","Avar","Avar","Avar-Andic","Avar-Andic","https://search.rsl.ru/ru/record/01004023949","False","False","False","True"
"Mallaeva Z.M.","Система временных и пространственных отношений в аварском языке.","1989.0","Avar","Avar","Avar-Andic","Avar-Andic","","False","False","True","False"
"Mallaeva Z.M.","Выражение пространственных отношений послеложными конструкциями (на материале аварского языка)","1990.0","Avar","Avar","Avar-Andic","Avar-Andic","","False","False","True","False"
"Mallaeva Z.M.","Об образовании сложных (составных) глаголов в андаляльском диалекте аварского языка","1990.0","Avar","Avar","Avar-Andic","Avar-Andic","","False","False","True","False"
"Mallaeva Z.M.","Система пространственных и временных отношений в аварском языке","1990.0","Avar","Avar","Avar-Andic","Avar-Andic","","False","False","True","False"
"Mallaeva Z.M.","Темпоральная лексика аварского языка","1991.0","Avar","Avar","Avar-Andic","Avar-Andic","","False","False","True","False"
"Mallaeva Z.M.","Взаимосвязь терминов пространственной и временной ориентации по материалам аварских диалектов","1992.0","Avar","Avar","Avar-Andic","Avar-Andic","","False","False","True","False"
"Mallaeva Z.M.","Об одной особенности происхождения аварских глаголов на-лъизе и их изучение в школе","1993.0","Avar","Avar","Avar-Andic","Avar-Andic","","False","False","True","False"
"Mallaeva Z.M.","Редупликация как одно из морфологических средств в системе глагола аварского языка","1993.0","Avar","Avar","Avar-Andic","Avar-Andic","","False","False","True","False"
"Mallaeva Z.M.","К соотношению масдара и отглагольного имени в аварском языке","1994.0","Avar","Avar","Avar-Andic","Avar-Andic","","False","False","True","False"
"Mallaeva Z.M.","Глагол аварского языка: инфинитные формы","1995.0","Avar","Avar","Avar-Andic","Avar-Andic","","False","False","True","False"
"Mallaeva Z.M.","О формантах деепричастий аварского языка -хъе и-духъ","1995.0","Avar","Avar","Avar-Andic","Avar-Andic","","False","False","True","False"
"Mallaeva Z.M.","К вопросу о временных формантах глагола андийского языка","1996.0","Upper Andi","Andi","Avar-Andic","Avar-Andic","","False","False","True","False"
"Mallaeva Z.M.","К вопросу об образовании деепричастий аварского языка","1996.0","Avar","Avar","Avar-Andic","Avar-Andic","","False","False","True","False"
"Mallaeva Z.M.","Вопрос классификации деепричастий аварского языка","1997.0","Avar","Avar","Avar-Andic","Avar-Andic","","False","False","True","False"
"Mallaeva Z.M.","К образованию синтетических форм времени в аварском языке","1997.0","Avar","Avar","Avar-Andic","Avar-Andic","","False","False","True","False"
"Mallaeva Z.M.","Лексические заимствования в аварском языке (темпоральная семантика)","1997.0","Avar","Avar","Avar-Andic","Avar-Andic","","False","False","True","False"
"Mallaeva Z.M.","Семантические и структурно-морфологические особенности масдара в аварском языке","1997.0","Avar","Avar","Avar-Andic","Avar-Andic","","False","False","True","False"
"Mallaeva Z.M.","Функциональные особенности глаголов длительного вида аварского языка","1997.0","Avar","Avar","Avar-Andic","Avar-Andic","","False","False","True","False"
"Mallaeva Z.M.","Функциональные особенности форм прошедшего времени аварского языка","1997.0","Avar","Avar","Avar-Andic","Avar-Andic","","False","False","True","False"
"Mallaeva Z.M.","Видо-временная система аварского языка","1998.0","Avar","Avar","Avar-Andic","Avar-Andic","","False","True","True","False"
"Mallaeva Z.M.","Вопросительное наклонение в аварском языке","1998.0","Avar","Avar","Avar-Andic","Avar-Andic","","False","False","True","False"
"Mallaeva Z.M.","Императив в аварском языке","1998.0","Avar","Avar","Avar-Andic","Avar-Andic","","False","False","True","False"
"Mallaeva Z.M.","К вопросу о соотношении статичности и динамичности в глагольной системе аварского языка","1998.0","Avar","Avar","Avar-Andic","Avar-Andic","","False","False","True","False"
"Mallaeva Z.M.","Видо-временная система глагола аварского литературного языка","2000.0","Avar","Avar","Avar-Andic","Avar-Andic","https://search.rsl.ru/ru/record/01000269890","False","False","True","True"
"Mallaeva Z.M.","Каузативная диатеза аварского языка","2000.0","Avar","Avar","Avar-Andic","Avar-Andic","","False","False","True","False"
"Mallaeva Z.M.","Выражение пространственной семантики причастными и деепричастными словосочетаниями в аварском языке","2001.0","Avar","Avar","Avar-Andic","Avar-Andic","","False","False","True","False"
"Mallaeva Z.M.","К вопросу об отрицательных частицах аварского языка","2001.0","Avar","Avar","Avar-Andic","Avar-Andic","","False","False","True","False"
"Mallaeva Z.M.","Морфологические средства выражения таксиса в аварском языке","2001.0","Avar","Avar","Avar-Andic","Avar-Andic","","False","False","True","False"
"Mallaeva Z.M.","Грамматические категории аварского языка (модальность, залоговость)","2002.0","Avar","Avar","Avar-Andic","Avar-Andic","","False","False","True","False"
"Mallaeva Z.M.","Представлена ли эргативная конструкция предложения в аварском языке?","2002.0","Avar","Avar","Avar-Andic","Avar-Andic","","False","False","True","False"
"Mallaeva Z.M.","Лексико-семантическая характеристика глаголов состояния аварского языка","2003.0","Avar","Avar","Avar-Andic","Avar-Andic","","False","False","True","False"
"Mallaeva Z.M.","Сопоставительный анализ причастий немецкого и аварского языков","2003.0","Avar","Avar","Avar-Andic","Avar-Andic","","False","False","True","False"
"Mallaeva Z.M.","Средства выражения перфектива и прогрессива в аварском языке","2003.0","Avar","Avar","Avar-Andic","Avar-Andic","","False","False","True","False"
"Mallaeva Z.M.","Формы относительного времени (экспериенталис, плюсквамперфект и перфект) в аварском языке","2003.0","Avar","Avar","Avar-Andic","Avar-Andic","","False","False","True","False"
"Mallaeva Z.M.","Глаголы действия аварского языка","2004.0","Avar","Avar","Avar-Andic","Avar-Andic","","False","False","True","False"
"Mallaeva Z.M.","Отглагольные формы аварского языка, выражающие семантику таксиса","2004.0","Avar","Avar","Avar-Andic","Avar-Andic","","False","False","True","False"
"Mallaeva Z.M.","Глагол аварского языка: структура, семантика, функции","2007.0","Avar","Avar","Avar-Andic","Avar-Andic","","True","False","True","False"
"Mallaeva Z.M.","К вопросу о морфологической категории таксиса в аварском языке","2007.0","Avar","Avar","Avar-Andic","Avar-Andic","","False","False","True","False"
"Mallaeva Z.M.","Глаголы аварского языка, репрезентирующие эпистемическую модальность (в сопоставлении с английским и немецким языками)","2010.0","Avar","Avar","Avar-Andic","Avar-Andic","","False","False","True","False"
"Mallaeva Z.M.","Формы морфологического оптатива аварского языка","2010.0","Avar","Avar","Avar-Andic","Avar-Andic","","False","False","True","False"
"Mallaeva Z.M.","Функционирование интерэссива аварского языка в идиоматических выражениях","2011.0","Avar","Avar","Avar-Andic","Avar-Andic","","False","False","True","False"
"Mallaeva Z.M.","Глагол аварского языка: структура, семантика, функции :","2012.0","Avar","Avar","Avar-Andic","Avar-Andic","https://search.rsl.ru/ru/record/01005523468","False","False","False","True"
"Mallaeva Z.M.","Категория локализации и ее репрезентация в аваро-андийских языках","2012.0","Avar, Upper Andi, Lower Andi, Karata, Tukita, Tindi, Northern Akhvakh, Southern Akhvakh, Godoberi, Bagvalal, Tindi, Botlikh","Akhvakh, Andi, Avar, Bagvalal, Botlikh, Godoberi, Karata, Tindi","Avar-Andic","Avar-Andic","https://search.rsl.ru/ru/record/01005451580","False","False","True","True"
"Mallaeva Z.M.","ФУНКЦИОНАЛЬНО-СЕМАНТИЧЕСКИЕ ОСОБЕННОСТИ КАТЕГОРИИ ИМЕННОЙ ОРИЕНТАЦИИ В АВАРО-АНДИЙСКИХ ЯЗЫКАХ","2012.0","Avar, Upper Andi, Northern Akhvakh, Bagvalal, Tindi, Botlikh, Godoberi, Chamalal, Karata, Tukita","Akhvakh, Andi, Avar, Bagvalal, Botlikh, Chamalal, Godoberi, Karata, Tindi","Avar-Andic","Avar-Andic","","False","False","True","False"
"Mallaeva Z.M.","ВНУТРИГЕНЕТИЧЕСКАЯ ТИПОЛОГИЯ ГЛАГОЛА-СВЯЗКИ В АВАРО-АНДИЙСКИХ ЯЗЫКАХ","2014.0","Avar, Upper Andi, Northern Akhvakh, Bagvalal, Tindi, Botlikh, Godoberi, Chamalal, Karata","Akhvakh, Andi, Avar, Bagvalal, Botlikh, Chamalal, Godoberi, Karata, Tindi","Avar-Andic","Avar-Andic","","False","False","True","False"
"Mallaeva Z.M.","К ВОПРОСУ О СООТНОШЕНИИ ИМПЕРАТИВА И ПРОХИБИТИВА В АВАРО-АНДИЙСКИХ ЯЗЫКАХ","2014.0","Avar, Upper Andi, Northern Akhvakh, Bagvalal, Tindi, Botlikh, Godoberi, Chamalal, Karata","Akhvakh, Andi, Avar, Bagvalal, Botlikh, Chamalal, Godoberi, Karata, Tindi","Avar-Andic","Avar-Andic","","False","False","True","False"
"Mallaeva Z.M.","Глагольная морфология аваро-андийских языков","2015.0","Avar, Northern Akhvakh, Southern Akhvakh, Lower Andi, Upper Andi, Bagvalal, Tindi, Botlikh, Godoberi, Chamalal, Karata","Akhvakh, Andi, Avar, Bagvalal, Botlikh, Chamalal, Godoberi, Karata, Tindi","Avar-Andic","Avar-Andic","https://search.rsl.ru/ru/record/01008528262","False","False","True","True"
"Mallaeva Z.M.","ОБ ОДНОЙ МОРФЕМЕ МНОЖЕСТВЕННОСТИ ИМЕНИ СУЩЕСТВИТЕЛЬНОГО АВАРСКОГО ЯЗЫКА","2015.0","Avar","Avar","Avar-Andic","Avar-Andic","","False","False","True","False"
"Mallaeva Z.M.","Функции анлаутного спиранта [гь-] в структуре указательных местоимений дагестанских языков","2015.0","Avar, Upper Andi, Northern Akhvakh, Botlikh, Godoberi, Chamalal, Karata","Akhvakh, Andi, Avar, Botlikh, Chamalal, Godoberi, Karata","Avar-Andic","Avar-Andic","","False","False","True","False"
"Mallaeva Z.M.","ФОНО-СИЛЛАБИЧЕСКИЕ МОДЕЛИ НЕПРОИЗВОДНЫХ, ПРОИЗВОДНЫХ В ЭТИМОЛОГИЧЕСКОМ ПЛАНЕ И ЗАИМСТВОВАННЫХ ОСНОВ ИМЕНИСУЩЕСТВИТЕЛЬНОГО АВАРСКОГО ЯЗЫКА","2016.0","Avar","Avar","Avar-Andic","Avar-Andic","","False","False","True","False"
"Mallaeva Z.M.","Формальная маркировка номинатива в аварском языке","2016.0","Avar","Avar","Avar-Andic","Avar-Andic","","False","False","True","False"
"Mallaeva Z.M.","МОРФЕМИКА ЛИЧНЫХ МЕСТОИМЕНИЙ АВАРСКОГО ЯЗЫКА","2017.0","Avar","Avar","Avar-Andic","Avar-Andic","","False","False","True","False"
"Mallaeva Z.M.","Структурная организация и семантика вопросительных местоимений аварского языка","2017.0","Avar","Avar","Avar-Andic","Avar-Andic","","False","False","True","False"
"Mallaeva Z.M.","ФОНОСИЛЛАБИЧЕСКИЕ СТРУКТУРЫ НЕПРОИЗВОДНЫХ ГЛАГОЛОВ АВАРСКОГО ЯЗЫКА","2017.0","Avar","Avar","Avar-Andic","Avar-Andic","","False","False","True","False"
"Mallaeva Z.M.","К ВОПРОСУ О ГЛАГОЛАХ АВАРСКОГО ЯЗЫКА С МОНОКОНСОНАНТНОЙ КОРНЕВОЙ МОРФЕМОЙ","2018.0","Avar","Avar","Avar-Andic","Avar-Andic","","False","False","True","False"
"Mallaeva Z.M.","К ВОПРОСУ О СОВПАДЕНИИ ФОРМ НАСТОЯЩЕГО И БУДУЩЕГО ВРЕМЕН ГЛАГОЛА АВАРСКОГО ЯЗЫКА","2018.0","Avar","Avar","Avar-Andic","Avar-Andic","","False","False","True","False"
"Mallaeva Z.M.","МОРФЕМЫ, КОНСТИТУИРУЮЩИЕ ПРОШЕДШЕЕ ЗАКОНЧЕННОЕ ВРЕМЯ В АВАРСКОМ ЯЗЫКЕ","2018.0","Avar","Avar","Avar-Andic","Avar-Andic","","False","False","True","False"
"Mallaeva Z.M.","К ВОПРОСУ О «НЕПРАВИЛЬНЫХ» ГЛАГОЛАХ АВАРСКОГО ЯЗЫКА","2019.0","Avar","Avar","Avar-Andic","Avar-Andic","","False","False","True","False"
"Mallaeva Z.M.","К ВОПРОСУ О РАЗГРАНИЧЕНИИ СТАТУСА СЛУЖЕБНЫХ СЛОВ В АВАРСКОМ ЯЗЫКЕ","2019.0","Avar","Avar","Avar-Andic","Avar-Andic","","False","False","True","False"
"Mallaeva Z.M.","Морфемы, конституирующие причастные формы аварского языка","2019.0","Avar","Avar","Avar-Andic","Avar-Andic","","False","False","True","False"
"Mallaeva Z.M.","О НЕКОТОРЫХ ОСОБЕННОСТЯХ АФФИКСАЛЬНЫХ МОРФЕМ ГЛАГОЛА АВАРСКОГО ЯЗЫКА","2019.0","Avar","Avar","Avar-Andic","Avar-Andic","","False","False","True","False"
"Mallaeva Z.M.","О некоторых особенностях синтаксических конструкций в аварском языке","2019.0","Avar","Avar","Avar-Andic","Avar-Andic","","False","False","True","False"
"Mallaeva Z.M.","Особенности концептуализации пространства локативными падежами В аваро-андийских языках","2019.0","Avar, Upper Andi, Northern Akhvakh, Bagvalal, Tindi, Godoberi, Chamalal, Karata","Akhvakh, Andi, Avar, Bagvalal, Chamalal, Godoberi, Karata, Tindi","Avar-Andic","Avar-Andic","","False","False","True","False"
"Mallaeva Z.M.","Особенности формообразования глаголов аварского языка с корневой морфемой структуры [СГ]","2019.0","Avar","Avar","Avar-Andic","Avar-Andic","","False","False","True","False"
"Mallaeva Z.M.","СЕМАНТИЧЕСКИЙ ДИАПАЗОН ЧАСТИЦЫ -ХА В АВАРСКОМ ЯЗЫКЕ","2019.0","Avar","Avar","Avar-Andic","Avar-Andic","","False","False","True","False"
"Mallaeva Z.M.","К вопросу о морфемной структуре личных местоимений аварского языка","2020.0","Avar","Avar","Avar-Andic","Avar-Andic","","False","False","True","False"
"Mallaeva Z.M.","СПОСОБЫ КОДИРОВАНИЯ КАУЗИРУЕМОГО УЧАСТНИКА В КАУЗАТИВНЫХ КОНСТРУКЦИЯХ АВАРСКОГО ЯЗЫКА","2020.0","Avar","Avar","Avar-Andic","Avar-Andic","","False","False","True","False"
"Mallaeva Z.M.","К вопросу о соотношении лабильности и каузатива в аварском языке","2021.0","Avar","Avar","Avar-Andic","Avar-Andic","","False","False","True","False"
"Mallaeva Z.M.","Каузативные конструкции с пермиссивной семантикой в аварском языке","2021.0","Avar","Avar","Avar-Andic","Avar-Andic","","False","False","True","False"
"Mallaeva Z.M.","Способы образования косвенной основы имени существительного в аварском языке","2021.0","Avar","Avar","Avar-Andic","Avar-Andic","","False","False","True","False"
"Mallaeva Z.M.","Структурные и типологические особенности предложения аварского языка","2021.0","Avar","Avar","Avar-Andic","Avar-Andic","","False","False","True","False"
"Mallaeva Z.M.","Фактитивный и пермиссивный типы каузации в аварском языке","2021.0","Avar","Avar","Avar-Andic","Avar-Andic","","False","False","True","False"
"Mallaeva Z.M.","ДЕТЕРМИНАТИВНЫЕ СУФФИКСЫ КОСВЕННОЙ ОСНОВЫ ИМЕНИ СУЩЕСТВИТЕЛЬНОГО АВАРСКОГО ЯЗЫКА","2022.0","Avar","Avar","Avar-Andic","Avar-Andic","","False","False","True","False"
"Mallaeva Z.M.","Способы выражения категории степени качества в аварском языке","2022.0","Avar","Avar","Avar-Andic","Avar-Andic","","False","False","True","False"
"Mallaeva Z.M.","ВОКАЛИЗМ ШАНГОДИНСКОГО ГОВОРА АНДАЛАЛЬСКОГО ДИАЛЕКТА АВАРСКОГО ЯЗЫКА","2023.0","Avar","Avar","Avar-Andic","Avar-Andic","","False","False","True","False"
"Mallaeva Z.M.","МОРФЕМНАЯ ОРГАНИЗАЦИЯ МАСДАРА АВАРСКОГО ЯЗЫКА","2023.0","Avar","Avar","Avar-Andic","Avar-Andic","","False","False","True","False"
"Mallaeva Z.M.","Морфемный строй аварского языка","2023.0","Avar","Avar","Avar-Andic","Avar-Andic","https://search.rsl.ru/ru/record/01012641735","False","False","False","True"
"Mallaeva Z.M.","Морфологический портрет имени прилагательного аварского языка","2023.0","Avar","Avar","Avar-Andic","Avar-Andic","","False","False","True","False"
"Mallaeva Z.M.","НЕКОТОРЫЕ ОСОБЕННОСТИ КОНСОНАНТИЗМА ШАНГОДИНСКОГО ГОВОРА АНДАЛАЛЬСКОГО ДИАЛЕКТА АВАРСКОГО ЯЗЫКА","2023.0","Avar","Avar","Avar-Andic","Avar-Andic","","False","False","True","False"
"Mallaeva Z.M.","НЕКОТОРЫЕ ОСОБЕННОСТИ ЛЕКСИКИ ШАНГОДИНСКОГО ГОВОРА АНДАЛАЛЬСКОГО ДИАЛЕКТА АВАРСКОГО ЯЗЫКА","2024.0","Avar","Avar","Avar-Andic","Avar-Andic","","False","False","True","False"
"Mallaeva Z.M.","Речевые формулы, обслуживающие бытовой дискурс шангодинского говора аварского языка","2024.0","Avar","Avar","Avar-Andic","Avar-Andic","","False","False","True","False"
"Mallaeva Z.M. and Forker D.","Die struktur der Tempusformen im Avarischen","2018.0","Avar","Avar","Avar-Andic","Avar-Andic","","False","False","True","False"
"Mallaeva Z.M. and Nuriev N.A.","Контекст как средство выражения аспектуальной семантики в немецком и аварском языках","2001.0","Avar","Avar","Avar-Andic","Avar-Andic","","False","False","True","False"
"Mallaeva Z.M. and Nurmagomedova E.M.","СИНТАКСИЧЕСКИЕ СТРУКТУРЫ, СОЗДАВАЕМЫЕ ФАКТИТИВНЫМИ ГЛАГОЛАМИ В АВАРСКОМ ЯЗЫКЕ","2004.0","Avar","Avar","Avar-Andic","Avar-Andic","","False","False","True","False"
"Mallaeva Z.M. and Patakhova P.D.","Функция обращения в повелительных предложениях аварского и английского языков","2005.0","Avar","Avar","Avar-Andic","Avar-Andic","","False","False","True","False"
"Mallaeva Z.M. and Patakhova P.D.","К вопросу о модификации эпистемических значений под влиянием контекста (на материале английского, немецкого и аварского языков)","2010.0","Avar","Avar","Avar-Andic","Avar-Andic","","False","False","True","False"
"Mallaeva Z.M. and Patakhova P.D.","Некоторые особенности функции обращения в повелительных предложениях аварского и английского языков","2011.0","Avar","Avar","Avar-Andic","Avar-Andic","","False","False","True","False"
"Mallaeva Z.M. and Ramazanova Z.M.","Значение и употребление предлогов, послелогов и превербов в английском и аварском языках","2008.0","Avar","Avar","Avar-Andic","Avar-Andic","","False","False","True","False"
"Mallaeva Z.M. and Ramazanova Z.M.","ФУНКЦИОНАЛЬНЫЕ ЭКВИВАЛЕНТЫ ИМПЕРАТИВА (на материале немецкого, аварского и лакского языков)","2016.0","Avar, Lak","Avar, Lak","Avar-Andic, Lak","Avar-Andic, Lak","","False","False","True","False"
"Mallaeva Z.M. and Samedov D.S.","Способы каузации и типы каузативных ситуаций (на материале аваро-андийских языков)","2015.0","Avar, Upper Andi, Northern Akhvakh, Bagvalal, Tindi, Botlikh, Godoberi, Chamalal, Karata","Akhvakh, Andi, Avar, Bagvalal, Botlikh, Chamalal, Godoberi, Karata, Tindi","Avar-Andic","Avar-Andic","","False","False","True","False"
"Mallaeva Z.M. and Samedov D.S.","Функционально-семантическая характеристика глагольных форм аориста и итератива в аварском литературном языке","2020.0","Avar","Avar","Avar-Andic","Avar-Andic","","False","False","True","False"
"Mallaeva Z.M. and Samedov D.S.","Структура и семантика аналитических форм прошедшего времени глагола в аварском литературном языке","2021.0","Avar","Avar","Avar-Andic","Avar-Andic","","False","False","True","False"
"Mallaeva Z.M. and Samedov D.S.","СТАТУС И ФУНКЦИИ ДЕТЕРМИНАТИВАВ ГЛАГОЛЬНОЙ МОРФЕМИКЕ АВАРСКОГО ЯЗЫКА","2023.0","Avar","Avar","Avar-Andic","Avar-Andic","","False","False","True","False"
"Mallaeva Z.M. and Sungurova S.M.","К вопросу о частных интерпретациях речевых актов в немецком языке (в сопоставлении с лакским)","2005.0","Lak","Lak","Lak","Lak","","False","False","True","False"
"Mallaeva Z.M. and Surkhaeva S.A.","К вопросу о полисемантичности частиц в аварском языке","2003.0","Avar","Avar","Avar-Andic","Avar-Andic","","False","False","True","False"
"Mallaeva-Magomedova S.D.","Именная морфология агульского языка","2017.0","Aghul","Aghul","Lezgic","Lezgic","https://search.rsl.ru/ru/record/01009466893","False","False","False","True"
"Malsagov Z.K.","Грамматика ингушского языка","1963.0","Ingush","Ingush","Nakh","Nakh","","False","True","False","False"
"Malyshev V. and Malysheva V. and Gutz A. and Novaya I. and Panina A. and Yurkova A. and Tiessen C. and Clifton J.M.","The sociolinguistic situation of the Dargwa in Dagestan","2019.0","Northern Dargwa, Tsudaqar, Hapshima","Dargwa","Dargwic","Dargwic","","False","False","True","False"
"Mamaeva R.Kh.","Именные определительные словосочетания в чеченском литературном языке","1967.0","Chechen","Chechen","Nakh","Nakh","https://search.rsl.ru/ru/record/01010267284","False","False","False","True"
"Mamaeva S.G.","Животноводческая лексика кутишинской группы говоров аварского языка","2017.0","Avar","Avar","Avar-Andic","Avar-Andic","https://search.rsl.ru/ru/record/01008583881","False","False","False","True"
"Mamajkhan A.A.","Andis","1994.0","Upper Andi","Andi","Avar-Andic","Avar-Andic","","False","True","False","False"
"Mamajkhan A.A.","Avars","1994.0","Avar","Avar","Avar-Andic","Avar-Andic","","False","True","False","False"
"Mamedbekova A.K.","Сопоставительный анализ межсловных и внутрисловных связей лексических единиц лезгинского и английского языков","2010.0","Lezgian","Lezgian","Lezgic","Lezgic","https://search.rsl.ru/ru/record/01004643890","False","False","False","True"
"Mansurova R.S.","Русско-лакский разговорник","2007.0","Lak","Lak","Lak","Lak","","False","True","False","False"
"Mantsaeva A.N.","Формирование лингвистической терминологии в чеченском языке","2009.0","Chechen","Chechen","Nakh","Nakh","https://search.rsl.ru/ru/record/01004375713","False","False","False","True"
"Mantsaeva A.N.","Лингвистическая терминология чеченского языка. Истоки формирования и развития","2013.0","Chechen","Chechen","Nakh","Nakh","https://search.rsl.ru/ru/record/01006669066","False","False","False","True"
"Mantsaeva A.N.","Особенности формирования и основные этапы развития терминосистем английского и чеченского языков: учебное пособие","2016.0","Chechen","Chechen","Nakh","Nakh","https://search.rsl.ru/ru/record/01008792818","False","False","False","True"
"Matieva Z.S.","Именные словосочетания в русском и лезгинском языках","2004.0","Lezgian","Lezgian","Lezgic","Lezgic","https://search.rsl.ru/ru/record/01002800313","False","False","False","True"
"Matsiev A.G.","Чеченско-русский словарь: Около 20 000 слов","1961.0","Chechen","Chechen","Nakh","Nakh","","True","True","False","False"
"Matsiev A.G.","Очерки лексикологии современного чеченского языка","1973.0","Chechen","Chechen","Nakh","Nakh","https://search.rsl.ru/ru/record/01007360398","False","False","False","True"
"Matsiev A.G. and O'Sullivan P.A.","A short grammatical outline of the Chechen language","1995.0","Chechen","Chechen","Nakh","Nakh","","False","True","False","False"
"Mazanaev I.A.","Основные группы звукосимволических слов: фоносемантический анализ: на материале английского и лезгинского языков","1985.0","Lezgian","Lezgian","Lezgic","Lezgic","https://search.rsl.ru/ru/record/01008725153","False","False","False","True"
"Mazanaev Sh.A.","Агульско-русский словарь","2014.0","Aghul","Aghul","Lezgic","Lezgic","https://search.rsl.ru/ru/record/01007496517","False","False","False","True"
"Medzhidov M.G.","Категория множественности в аварском языке","2004.0","Avar","Avar","Avar-Andic","Avar-Andic","https://search.rsl.ru/ru/record/01002737999","False","False","False","True"
"Medzhidova M.K.","Категории локализации и ориентации в дагестанских языках","2007.0","Avar, Tabasaran, Aghul, Lezgian, Lak, Northern Dargwa","Aghul, Avar, Dargwa, Lak, Lezgian, Tabasaran","Avar-Andic, Dargwic, Lak, Lezgic","Avar-Andic, Dargwic, Lak, Lezgic","https://search.rsl.ru/ru/record/01003316749","False","False","False","True"
"Medzhidova Z.S.","Семантико-стилистические средства выражения индивидуально-авторской модальности в системе функционирования аварской публицистики","2009.0","Avar","Avar","Avar-Andic","Avar-Andic","https://search.rsl.ru/ru/record/01004372674","False","False","False","True"
"Mejlanova U.A.","Очерки лезгинской диалектологии","1964.0","Lezgian","Lezgian","Lezgic","Lezgic","","True","True","False","False"
"Mejlanova U.A.","Гюнейский диалект: основа лезгинского литературного языка","1970.0","Lezgian","Lezgian","Lezgic","Lezgic","","False","True","False","False"
"Mejlanova U.A.","Будухско-русский словарь","1984.0","Budukh","Budukh","Lezgic","Lezgic","https://search.rsl.ru/ru/record/01001192384","True","True","False","True"
"Mekhtikhanova R.Kh.","Система глагола в цудахарском диалекте даргинского языка","1974.0","Tsudaqar","Dargwa","Dargwic","Dargwic","https://search.rsl.ru/ru/record/01009698067","False","False","False","True"
"Melenchenko M.","Numeral systems in Lezgic languages","2024.0","Lezgian","Lezgian","Lezgic","Lezgic","","False","False","True","False"
"Merdanova S.R.","Фонетическая интерференция при взаимодействии языков с контрастными фонологическими системами: на материале русской речи агульцев","1986.0","Aghul","Aghul","Lezgic","Lezgic","https://search.rsl.ru/ru/record/01008645205","False","False","False","True"
"Merdanova S.R.","Морфология и грамматическая семантика агульского языка: На материале хпюкского говора","2004.0","Aghul","Aghul","Lezgic","Lezgic","https://search.rsl.ru/ru/record/01002739608","True","True","False","True"
"Mereshkova Kh.R.","Статус и функции английского предлога и его ингушских эквивалентов в тексте","2006.0","Ingush","Ingush","Nakh","Nakh","https://search.rsl.ru/ru/record/01003012597","False","False","False","True"
"Mereshkova Kh.R.","Текстовые функции средств выражения категории отношений в английском и ингушском языках","2009.0","Ingush","Ingush","Nakh","Nakh","https://search.rsl.ru/ru/record/01004326677","False","False","False","True"
"Merzhoeva Z.S.","Концепты родства в молодежном языковом сознании русских и ингушей","2009.0","Ingush","Ingush","Nakh","Nakh","https://search.rsl.ru/ru/record/01004261721","False","False","False","True"
"Mezhidova T.U.","Этнонимы и племенные названия нахов (нохчий/нахчий)","2019.0","Chechen, Ingush","Chechen, Ingush","Nakh","Nakh","https://search.rsl.ru/ru/record/01010025680","False","False","False","True"
"Mikailov E.Sh.","Кутишинская группа говоров аварского языка","1966.0","Avar","Avar","Avar-Andic","Avar-Andic","https://search.rsl.ru/ru/record/01010337097","False","False","False","True"
"Mikailov K.Sh.","Арчинский язык: грамматический очерк с текстами и словарем","1967.0","Archi","Archi","Lezgic","Lezgic","https://search.rsl.ru/ru/record/01006348324","True","True","False","True"
"Mikailov Sh.I.","Очерки аварской диалектологии","1959.0","Avar","Avar","Avar-Andic","Avar-Andic","","True","True","False","False"
"Mikailova A.A.","Языковая концептуализация негативной оценки (""плохо"") паремиологического фонда аварского и английского языков: диссетрация","2017.0","Avar","Avar","Avar-Andic","Avar-Andic","https://search.rsl.ru/ru/record/01008583910","False","False","False","True"
"Mikeladze M.G.","Интерферентные процессы в бацбийском языке","1978.0","Tsova-Tush","Tsova-Tush","Nakh","Nakh","https://search.rsl.ru/ru/record/01009453942","False","False","False","True"
"Millinova L.G.","Морфологическое разделение имен на грамматические классы и его соотношение с семасиологическим разделением на ""кто? "" и ""что? "" в лакском языке","2003.0","Lak","Lak","Lak","Lak","https://search.rsl.ru/ru/record/01002611375","False","False","False","True"
"Minkailova Zh.D.","Смысловые связи и отношения в лексике лакского и английского языков","2002.0","Lak","Lak","Lak","Lak","https://search.rsl.ru/ru/record/01002307715","False","False","False","True"
"Mirzakhanova B.M.","Лексико-семантическая структура лезгинского слова","2003.0","Lezgian","Lezgian","Lezgic","Lezgic","https://search.rsl.ru/ru/record/01002609244","False","False","False","True"
"Mirzakhanova M.M.","Синонимика сравнительных конструкций в лезгинском, русском и английском языках","2014.0","Lezgian","Lezgian","Lezgic","Lezgic","https://search.rsl.ru/ru/record/01007498833","False","False","False","True"
"Mirzakhanova S.D.","Фразеологизмы с качественной характеристикой человека в даргинском и английском языках","2009.0","Northern Dargwa","Dargwa","Dargwic","Dargwic","https://search.rsl.ru/ru/record/01004367468","False","False","False","True"
"Mirzamagomedova R.M.","Фонетические и морфологические (именные) особенности нижнемулебкинского говора даргинского языка","2007.0","Northern Dargwa","Dargwa","Dargwic","Dargwic","https://search.rsl.ru/ru/record/01003062972","True","False","False","True"
"Mishaeva M.V.","Типология зависимого таксиса в английском и даргинском языках","2007.0","Northern Dargwa","Dargwa","Dargwic","Dargwic","https://search.rsl.ru/ru/record/01003319691","False","False","False","True"
"Misieva L.A.","Гендерная фразеология аварского языка в сопоставлении с английской","2009.0","Avar","Avar","Avar-Andic","Avar-Andic","https://search.rsl.ru/ru/record/01004348504","False","False","False","True"
"Misieva L.A.","Паремиологические единицы аварского языка: этнолингвистические особенности функционирования","2022.0","Avar","Avar","Avar-Andic","Avar-Andic","https://search.rsl.ru/ru/record/01011758434","False","False","False","True"
"Mobili R.B.","Удинско-азербайджанско-русский словарь","2010.0","Udi","Udi","Lezgic","Lezgic","","True","True","False","False"
"Molochieva Z.","Category of evidentiality and mirativity in Chechen","2007.0","Chechen","Chechen","Nakh","Nakh","","True","True","False","False"
"Molochieva Z.","Tense, aspect and mood in Chechen","2010.0","Chechen","Chechen","Nakh","Nakh","","True","True","False","False"
"Molochieva Z.","Aspect in Chechen","2011.0","Chechen","Chechen","Nakh","Nakh","","False","True","False","False"
"Molochieva Z.","Deictic prefixes in Chechen","","Chechen","Chechen","Nakh","Nakh","","False","True","False","False"
"Molochieva Z. and Witzlack-Makarevich A.","Grammatical relations in Chechen","2008.0","Chechen","Chechen","Nakh","Nakh","","False","True","False","False"
"Moor M.","Studien zum lesgischen Verb","1985.0","Lezgian","Lezgian","Lezgic","Lezgic","","False","True","False","False"
"Moroz G.A.","Фонология и фонетика консонантной системы мегебского языка в сопоставлении с другими даргинскими идиомами","2013.0","Sanzhi-Itsari, Kajtak, Tsudaqar, Usisha-Butri, Hapshima, Muira, Mehweb, Kubachi, Chirag, Northern Dargwa, Southwestern Dargwa","Dargwa","Dargwic","Dargwic","","False","False","True","False"
"Moroz G.A.","Именное ударение в даргинских языках","2014.0","Chirag, Kubachi, Northern Dargwa, Kajtak, Southwestern Dargwa","Dargwa","Dargwic","Dargwic","","False","False","True","False"
"Moroz G.A.","Stress In Mehweb: A Lexically Filled Optimality Theory Approach","2015.0","Mehweb","Dargwa","Dargwic","Dargwic","","False","False","True","False"
"Moroz G.A.","COMPARING PHONOLOGICAL SYSTEMS AND SYLLABLE STRUCTURE OF BOTLIKH AND ZILO ANDI: A DATA-DRIVEN ANALYSIS","2019.0","Upper Andi, Botlikh","Andi, Botlikh","Avar-Andic","Avar-Andic","","False","False","True","False"
"Moroz G.A.","Phonology of Mehweb","2019.0","Mehweb","Dargwa","Dargwic","Dargwic","","True","False","True","False"
"Moroz G.A.","Online Dictionary of Zilo Andi (v1.0.2)","2024.0","Upper Andi","Andi","Avar-Andic","Avar-Andic","","True","False","False","False"
"Moroz G.A.","Лексикографическая база данных словарей андийских языков","2024.0","Upper Andi, Lower Andi, Northern Akhvakh, Bagvalal, Botlikh, Godoberi, Karata, Tindi, Tukita, Chamalal","Akhvakh, Andi, Bagvalal, Botlikh, Chamalal, Godoberi, Karata, Tindi","Avar-Andic","Avar-Andic","","False","False","True","False"
"Moroz G.A. and Naccarato Ch. and Verhees S.","Variation in two dictionaries of Botlikh","2019.0","Botlikh","Botlikh","Avar-Andic","Avar-Andic","","False","True","True","False"
"Moroz G.A. and Naccarato Ch. and Verhees S.","Godoberi","2021.0","Godoberi","Godoberi","Avar-Andic","Avar-Andic","","True","False","False","False"
"Movtaev S.M.","Категория глагольного вида в вайнахских языках","1974.0","Chechen, Ingush","Chechen, Ingush","Nakh","Nakh","https://search.rsl.ru/ru/record/01009645945","False","False","False","True"
"Movtaev S.M.","Особенности категории глагольного вида в вайнахских языках","1974.0","Chechen, Ingush","Chechen, Ingush","Nakh","Nakh","https://search.rsl.ru/ru/record/01007377440","False","False","False","True"
"Mudrak O.A.","Аварские основы: этимологический словарь аварского языка и его диалектов","2019.0","Avar","Avar","Avar-Andic","Avar-Andic","https://search.rsl.ru/ru/record/01010550925","False","False","False","True"
"Mudrak O.A.","Андийские основы: этимологический словарь","2020.0","Northern Akhvakh, Southern Akhvakh, Lower Andi, Upper Andi, Bagvalal, Tindi, Botlikh, Godoberi, Chamalal, Karata","Akhvakh, Andi, Bagvalal, Botlikh, Chamalal, Godoberi, Karata, Tindi","Avar-Andic","Avar-Andic","https://search.rsl.ru/ru/record/01010555794","False","False","False","True"
"Mukailova A.R.","Выражение пространственно-временных отношений в табасаранском языке в сопоставлении с английским","2015.0","Tabasaran","Tabasaran","Lezgic","Lezgic","https://search.rsl.ru/ru/record/01008010757","False","False","False","True"
"Mukhin T.","Numerals in Kina Rutul","2020.0","Rutul","Rutul","Lezgic","Lezgic","","True","False","False","False"
"Mukhtarova D.M.","Глагольные словосочетания в аварском языке в сопоставлении с русским","2012.0","Avar","Avar","Avar-Andic","Avar-Andic","https://search.rsl.ru/ru/record/01005495566","False","False","False","True"
"Mulatov R.O. and Vagizieva N.A.","Категория наклонения в кадарском языке","2019.0","Northern Dargwa","Dargwa","Dargwic","Dargwic","","False","False","True","False"
"Muradalieva A.V.","Фонетические и морфологические особенности мазинского говора лезгинского языка","2009.0","Lezgian","Lezgian","Lezgic","Lezgic","","True","False","False","False"
"Muradova D.M.","Фонетические и морфологические особенности верхнекарахского говора аварского языка","2003.0","Avar","Avar","Avar-Andic","Avar-Andic","https://search.rsl.ru/ru/record/01002619357","True","False","False","True"
"Muravyov N.","ПРАГМАТИЧЕСКАЯ РЕЛЕВАНТНОСТЬ ИЛИ ОБРАТНЫЙ КОНТРОЛЬ: к проблеме согласования простого конверба в южноахвахском языке","2015.0","Southern Akhvakh","Akhvakh","Avar-Andic","Avar-Andic","","False","False","True","False"
"Muravyov N.","Семантика локативных падежных форм в ратлубском говоре южноахвахского языка","2017.0","Southern Akhvakh","Akhvakh","Avar-Andic","Avar-Andic","","False","False","True","False"
"Muravyov N.","Southern Akhvakh, a grammar sketch","","Southern Akhvakh","Akhvakh","Avar-Andic","Avar-Andic","","True","False","False","False"
"Murdalov M.M.","""Нахский языкъ"" в словарях Екатерины II","2018.0","Chechen, Ingush","Chechen, Ingush","Nakh","Nakh","https://search.rsl.ru/ru/record/01009675976","False","False","False","True"
"Murkelinskij G.B.","Лакский язык","1967.0","Lak","Lak","Lak","Lak","","False","True","False","False"
"Murkelinskij G.B.","Грамматика лакского языка","1971.0","Lak","Lak","Lak","Lak","https://search.rsl.ru/ru/record/01006798197","False","True","False","True"
"Murkelinskij G.B.","О послелогах-наречиях, выражающих пространственные отношения в лакском языке","1983.0","Lak","Lak","Lak","Lak","","True","False","False","False"
"Mursalova L.A.","Структурно-семантическая характеристика цветообозначений в лезгинском и английском языках","2010.0","Lezgian","Lezgian","Lezgic","Lezgic","https://search.rsl.ru/ru/record/01004710874","False","False","False","True"
"Mursalova S.A.","Структурно-семантические и лингвокультурологические особенности глаголов бытия в лезгинском языке в сопоставлении с английским","2012.0","Lezgian","Lezgian","Lezgic","Lezgic","https://search.rsl.ru/ru/record/01005501676","False","False","False","True"
"Murtazaeva D.A.","Фонетические и морфологические особенности ашарского говора лезгинского языка","2005.0","Lezgian","Lezgian","Lezgic","Lezgic","https://search.rsl.ru/ru/record/01002750572","True","False","False","True"
"Musaev M.-S.M.","Лексика даргинских диалектов в сравнительно-историческом освещении","1965.0","Kubachi, Northern Dargwa, Tsudaqar, Usisha-Butri, Hapshima, Muira, Mehweb, Kajtak, Southwestern Dargwa","Dargwa","Dargwic","Dargwic","https://search.rsl.ru/ru/record/01010416673","False","False","False","True"
"Musaev M.-S.M.","Лексика даргинского языка: (Сравнит.-ист. анализ)","1978.0","Northern Dargwa","Dargwa","Dargwic","Dargwic","https://search.rsl.ru/ru/record/01007795145","False","True","False","True"
"Musaev M.-S.M.","Система глагольного словоизменения даргинского языка","1980.0","Northern Dargwa","Dargwa","Dargwic","Dargwic","","False","True","False","False"
"Musaev M.-S.M.","Словоизменительные категории даргинского языка (время и наклонение)","1983.0","Northern Dargwa","Dargwa","Dargwic","Dargwic","","False","True","False","False"
"Musaev M.-S.M.","Падежный состав даргинского языка (История местных падежей)","1984.0","Northern Dargwa","Dargwa","Dargwic","Dargwic","","False","True","False","False"
"Musaev M.-S.M.","Словоизменительные категории даргинского языка (категория грамматических классов, абстрактные падежи): учебное пособие","1987.0","Northern Dargwa","Dargwa","Dargwic","Dargwic","","False","True","False","False"
"Musaev M.-S.M.","История словоизменительных категорий даргинского языка","1988.0","Northern Dargwa","Dargwa","Dargwic","Dargwic","https://search.rsl.ru/ru/record/01008508954","False","False","False","True"
"Musaev M.-S.M.","Даргинский язык","2002.0","Northern Dargwa","Dargwa","Dargwic","Dargwic","https://search.rsl.ru/ru/record/01002401139","True","True","False","True"
"Musaev Z.","Фрагменты истории в фольклоре и лексике чеченцев","2011.0","Chechen","Chechen","Nakh","Nakh","https://search.rsl.ru/ru/record/01007494412","False","False","False","True"
"Musaeva D.M.","Именные словосочетания в рутульском языке","2006.0","Rutul","Rutul","Lezgic","Lezgic","https://search.rsl.ru/ru/record/01003011508","False","False","False","True"
"Musaeva Kh.M.","Структурно-семантическая и функциональная характеристика числительных в лакском языке: в сопоставлении с русским языком","2011.0","Lak","Lak","Lak","Lak","https://search.rsl.ru/ru/record/01005033263","False","False","False","True"
"Musaeva M.K. and Rizakhanova M.Sh.","Гинухцы","2016.0","Hinuq","Hinuq","Tsezic","Tsezic","","False","True","False","False"
"Musaeva M.K. and Rizakhanova M.Sh.","Гунзибцы","2016.0","Hunzib","Hunzib","Tsezic","Tsezic","","False","True","False","False"
"Musaeva P.G.","Фразеологические и паремиологические единицы с компонентом-зоонимом лакского и английского языков","2008.0","Lak","Lak","Lak","Lak","https://search.rsl.ru/ru/record/01004223272","False","False","False","True"
"Musaeva Sh.D.","Лингвокультурологический анализ концепта ""Совесть"" в аварской и немецкой языковых картинах мира","2020.0","Avar","Avar","Avar-Andic","Avar-Andic","https://search.rsl.ru/ru/record/01010420389","False","False","False","True"
"Musaeva Z.Kh.","Служебные части речи в даргинском и английском языках","2021.0","Northern Dargwa","Dargwa","Dargwic","Dargwic","https://search.rsl.ru/ru/record/01010652840","True","False","False","True"
"Musalaeva D.A.","Фонетические и морфологические особенности салатавского диалекта аварского языка","2016.0","Avar","Avar","Avar-Andic","Avar-Andic","https://search.rsl.ru/ru/record/01008671529","True","False","False","True"
"Musieva I.D.","Структурное описание фонологической системы лакского языка: В соответствии с концепцией Н. С. Трубецкого: автореферат","1998.0","Lak","Lak","Lak","Lak","https://search.rsl.ru/ru/record/01000113364","False","False","False","True"
"Mustafaeva R.A.","Отглагольные образования в аварском языке: Формообразование и употребление","1995.0","Avar","Avar","Avar-Andic","Avar-Andic","https://search.rsl.ru/ru/record/01000167572","False","False","False","True"
"Mustapaeva A.D.","Лингвокультурологическая специфика и семиотика интернет-сообщений в русской речи чеченцев-билингвов","2018.0","Chechen","Chechen","Nakh","Nakh","https://search.rsl.ru/ru/record/01009817481","False","False","False","True"
"Mutaeva S.I.","Местные падежи даргинского языка в сопоставлении с английскими предложными конструкциями: семантико-когнитивный аспект","2007.0","Northern Dargwa","Dargwa","Dargwic","Dargwic","https://search.rsl.ru/ru/record/01003318176","False","False","False","True"
"Mutaeva S.I.","Концептуализация пространственных отношений в даргинском и английском языках","2013.0","Northern Dargwa","Dargwa","Dargwic","Dargwic","https://search.rsl.ru/ru/record/01006701958","False","False","False","True"
"Mutaeva S.I.","Соматические фразеологические единицы даргинского и английского языков: (учебное пособие)","2018.0","Northern Dargwa","Dargwa","Dargwic","Dargwic","https://search.rsl.ru/ru/record/01009731806","False","False","False","True"
"Mutalov R.O.","Ицаринский диалект даргинского языка","1992.0","Sanzhi-Itsari","Dargwa","Dargwic","Dargwic","https://search.rsl.ru/ru/record/01007903160","False","True","False","True"
"Mutalov R.O.","Глагол даргинского языка","2002.0","Northern Dargwa","Dargwa","Dargwic","Dargwic","","True","True","False","False"
"Mutalov R.O.","Морфологический строй глагола даргинского языка","2003.0","Northern Dargwa","Dargwa","Dargwic","Dargwic","https://search.rsl.ru/ru/record/01002624957","False","True","False","True"
"Mutalov R.O.","The tense/aspect system of Standard Dargwa","2018.0","Northern Dargwa","Dargwa","Dargwic","Dargwic","","True","False","False","False"
"Mutalov R.O. and Sumbatova N.R.","A Grammar of Icari Dargwa","2003.0","Sanzhi-Itsari","Dargwa","Dargwic","Dargwic","","True","True","False","False"
"Naccarato Ch. and Verhees S.","Towards a tentative origin of animacy markers in Botlikh","2019.0","Botlikh","Botlikh","Avar-Andic","Avar-Andic","","True","False","False","False"
"Nalgieva Kh.I.","Оценочная концептуализация человека в идиоматике: на материале ингушского и русского языков","2016.0","Ingush","Ingush","Nakh","Nakh","https://search.rsl.ru/ru/record/01008726047","False","False","False","True"
"Nalgieva L.A.","Сопоставительная характеристика эмотивных и социально-оценочных прилагательных английского, немецкого и ингушского языков","2006.0","Ingush","Ingush","Nakh","Nakh","https://search.rsl.ru/ru/record/01002978491","False","False","False","True"
"Nasrullaeva A.K.","Деривационные связи соматизмов в словарном составе лезгинского языка","2015.0","Lezgian","Lezgian","Lezgic","Lezgic","https://search.rsl.ru/ru/record/01007985647","False","False","False","True"
"Nasrullaeva G.S.","Фонетико-морфологические и лексические особенности мискинджинского говора лезгинского языка","2005.0","Lezgian","Lezgian","Lezgic","Lezgic","https://search.rsl.ru/ru/record/01002853833","False","False","False","True"
"Nasrullaeva G.S.","Фонетика мискинджинского говора лезгинского языка","2008.0","Lezgian","Lezgian","Lezgic","Lezgic","https://search.rsl.ru/ru/record/01004100660","False","False","False","True"
"Navrazova Kh.B.","Синтаксис чеченского простого предложения","2004.0","Chechen","Chechen","Nakh","Nakh","https://search.rsl.ru/ru/record/01002802998","False","False","False","True"
"Navrazova Kh.B.","Чеченский язык: описательный и сравнительно-типологический анализ простого предложения","2005.0","Chechen","Chechen","Nakh","Nakh","https://search.rsl.ru/ru/record/01002908121","False","False","False","True"
"Navrazova Kh.B.","Конструктивное членение предложения в чеченском языке: учебное пособие для студентов по специальности 033000 - ""Чеченский язык и литература""","2008.0","Chechen","Chechen","Nakh","Nakh","https://search.rsl.ru/ru/record/01004251818","False","False","False","True"
"Navrazova Kh.B.","Эргативная стратегия чеченского языка: учебное пособие для студентов по специальности 033000 - ""Чеченский язык и литература""","2008.0","Chechen","Chechen","Nakh","Nakh","https://search.rsl.ru/ru/record/01004251279","False","False","False","True"
"Nazhaeva S.M.","Семантико-лингвокультурологический анализ фразеологических единиц лакского языка в сопоставлении с английским","2015.0","Lak","Lak","Lak","Lak","https://search.rsl.ru/ru/record/01008064053","False","False","False","True"
"Nazirova A.M.","Личные имена на стыке языков и культур: на примере аварских и азербайджанских имен","2014.0","Avar","Avar","Avar-Andic","Avar-Andic","https://search.rsl.ru/ru/record/01006804272","False","False","False","True"
"Nguyen B.D.","Le système verbal du wallisien","1998.0","Ingush","Ingush","Nakh","Nakh","","False","True","False","False"
"Nichols J.","Another V2, SOV language. Ingush","1966.0","Ingush","Ingush","Nakh","Nakh","","False","True","False","False"
"Nichols J.","Syntactic ergativity and alignment splits in Ingush","1966.0","Ingush","Ingush","Nakh","Nakh","","False","True","False","False"
"Nichols J.","Direct and Oblique Objects in Chechen-Ingush and Russian","1984.0","Ingush","Ingush","Nakh","Nakh","","False","True","False","False"
"Nichols J.","Chechen","1994.0","Chechen","Chechen","Nakh","Nakh","","True","True","False","False"
"Nichols J.","Chechen-Ingush","1994.0","Ingush, Chechen","Chechen, Ingush","Nakh","Nakh","","False","True","False","False"
"Nichols J.","Ingush","1994.0","Ingush","Ingush","Nakh","Nakh","","True","True","False","False"
"Nichols J.","Chechen Phonology","1997.0","Chechen","Chechen","Nakh","Nakh","","False","True","False","False"
"Nichols J.","Ingush-English and English-Ingush dictionary","2004.0","Ingush","Ingush","Nakh","Nakh","https://search.rsl.ru/ru/record/01002596993","False","True","False","True"
"Nichols J.","The Origin of the Chechen and Ingush: A Study in Alpine Linguistic and Ethnic Geography","2004.0","Ingush, Chechen","Chechen, Ingush","Nakh","Nakh","","False","True","False","False"
"Nichols J.","Ingush Grammar","2011.0","Ingush","Ingush","Nakh","Nakh","","True","True","False","False"
"Nichols J.","Useful phrases in Ingush","2021.0","Ingush","Ingush","Nakh","Nakh","","True","False","False","False"
"Nichols J. and Vagapov A.D.","Chechen-English and English-Chechen dictionary","2004.0","Chechen","Chechen","Nakh","Nakh","https://search.rsl.ru/ru/record/01002711566","False","True","False","True"
"Nikatueva Z.Sh.","Полисемия и омонимия в даргинском языке","2003.0","Northern Dargwa","Dargwa","Dargwic","Dargwic","https://search.rsl.ru/ru/record/01003295795","False","False","False","True"
"Nikatueva Z.Sh.","Даргинско-русский словарь омонимов","2014.0","Northern Dargwa","Dargwa","Dargwic","Dargwic","https://search.rsl.ru/ru/record/01007546631","False","False","False","True"
"Nurmagomedov M.M.","Структура глагола в аварском языке","2018.0","Avar","Avar","Avar-Andic","Avar-Andic","https://search.rsl.ru/ru/record/01010344523","False","False","False","True"
"Nurmagomedova E.M.","Синтаксическая характеристика глагола аварского языка","2007.0","Avar","Avar","Avar-Andic","Avar-Andic","https://search.rsl.ru/ru/record/01003318722","False","False","False","True"
"Nurmagomedova S.G.","Фонетические и морфологические особенности тлохского говора аварского языка","2009.0","Avar","Avar","Avar-Andic","Avar-Andic","https://search.rsl.ru/ru/record/01004633655","True","True","False","True"
"Nurmagomedova T.G. and Shikhalieva S.Kh.","Корпус кандикского говора табасаранского языка и Грамматическая разметка текстов","2019.0","Tabasaran","Tabasaran","Lezgic","Lezgic","","False","False","True","False"
"Nurmamedov Yu.M.","Лексика цахурского языка","2000.0","Tsakhur","Tsakhur","Lezgic","Lezgic","https://search.rsl.ru/ru/record/01000292175","False","False","False","True"
"Okhvadov M.R. and Shamileva R.D. and Yakhyaeva A.A.","Языковая ситуация в Чеченской Республике: языковая политика","2016.0","Chechen","Chechen","Nakh","Nakh","https://search.rsl.ru/ru/record/01010390692","False","False","False","True"
"Omarov A.A.","Морфологические и синтаксические особенности масдара даргинского и арабского языков","2008.0","Northern Dargwa","Dargwa","Dargwic","Dargwic","https://search.rsl.ru/ru/record/01004242343","False","False","False","True"
"Omarov A.A.","Масдар в даргинском и арабском языках: синтаксический аспект: учебное пособие","2019.0","Northern Dargwa","Dargwa","Dargwic","Dargwic","https://search.rsl.ru/ru/record/01009985855","False","False","False","True"
"Omarov A.A.","Соматический код культуры в фразеологических картинах мира: на материале даргинского и арабского языков: в 2-х т.","2022.0","Northern Dargwa","Dargwa","Dargwic","Dargwic","https://search.rsl.ru/ru/record/01011230453","False","False","False","True"
"Omarov A.A.","Функциональная парадигма соматизма в формировании фразеологического кода языка: (на материале разноструктурных языков)","2022.0","Northern Dargwa","Dargwa","Dargwic","Dargwic","https://search.rsl.ru/ru/record/01011541788","False","False","False","True"
"Omarova E.I.","Валентность глаголов перемещения в английском, русском и даргинском языках: в религиозном дискурсе","2016.0","Northern Dargwa","Dargwa","Dargwic","Dargwic","https://search.rsl.ru/ru/record/01008578439","False","False","False","True"
"Omarova L.M.","Морфонология аварского литературного языка","2010.0","Avar","Avar","Avar-Andic","Avar-Andic","https://search.rsl.ru/ru/record/01004704511","False","False","False","True"
"Omarova P.M.","Когнитивная структура базовых эмоциональных концептов гнева, страха и радости в английском и даргинском языках","2010.0","Northern Dargwa","Dargwa","Dargwic","Dargwic","https://search.rsl.ru/ru/record/01004644737","False","False","False","True"
"Omarova T.R.","Романские и германские заимствования в нахских литературных языках: На материале коммерческой терминологии","2000.0","Chechen, Ingush","Chechen, Ingush","Nakh","Nakh","https://search.rsl.ru/ru/record/01000296893","False","False","False","True"
"Omarova T.R.","Романизмы и германизмы в вайнахских литературных языках (на материале коммерческой терминологии)","2013.0","Chechen, Ingush","Chechen, Ingush","Nakh","Nakh","https://search.rsl.ru/ru/record/01006705556","False","False","False","True"
"Omarova Z.S.","Семантико-стилистические средства выражения индивидуально-авторской модальности в аварской публицистике","2018.0","Avar","Avar","Avar-Andic","Avar-Andic","https://search.rsl.ru/ru/record/01009839635","False","False","False","True"
"Osmanov U.Yu.","Сложные слова в аварском литературном языке","2000.0","Avar","Avar","Avar-Andic","Avar-Andic","https://search.rsl.ru/ru/record/01002243238","False","False","False","True"
"Otsomieva-Tagirova Z.M.","Коннотативные онимы в аварском языке","2004.0","Avar","Avar","Avar-Andic","Avar-Andic","","False","False","True","False"
"Otsomieva-Tagirova Z.M.","Проблема языковых реалий (на материале аварских топонимов)","2007.0","Avar","Avar","Avar-Andic","Avar-Andic","","False","False","True","False"
"Otsomieva-Tagirova Z.M.","К вопросу о методе синхронии и диахронии в аварской топонимике","2008.0","Avar","Avar","Avar-Andic","Avar-Andic","","False","False","True","False"
"Otsomieva-Tagirova Z.M.","Синонимия компаративно-метафорических значений в аварском языке (на материале хунзахского и восточного диалектов северного наречия)","2008.0","Avar","Avar","Avar-Andic","Avar-Andic","","False","False","True","False"
"Otsomieva-Tagirova Z.M.","Способы словообразования аварских топонимов","2009.0","Avar","Avar","Avar-Andic","Avar-Andic","","False","False","True","False"
"Otsomieva-Tagirova Z.M.","Топонимы в словообразовательной системе аварского языка","2010.0","Avar","Avar","Avar-Andic","Avar-Andic","","False","False","True","False"
"Otsomieva-Tagirova Z.M.","Отражение ботанических и зоологических терминов в аварской топонимии","2014.0","Avar","Avar","Avar-Andic","Avar-Andic","","False","False","True","False"
"Otsomieva-Tagirova Z.M.","Гергебильский говор аварского языка: языковые особенности и топонимия","2015.0","Avar","Avar","Avar-Andic","Avar-Andic","https://search.rsl.ru/ru/record/01008783917","False","False","True","True"
"Otsomieva-Tagirova Z.M.","Фонетические процессы в топонимах северного наречия аварского языка","2015.0","Avar","Avar","Avar-Andic","Avar-Andic","","False","False","True","False"
"Otsomieva-Tagirova Z.M.","К вопросу о структурно-словообразовательной характеристике аварских агроонимов","2016.0","Avar","Avar","Avar-Andic","Avar-Andic","","False","False","True","False"
"Otsomieva-Tagirova Z.M.","Место топонимов в ономастической лексике аварского языка","2016.0","Avar","Avar","Avar-Andic","Avar-Andic","","False","False","True","False"
"Otsomieva-Tagirova Z.M.","О некоторых аспектах современного исследования аварских гидронимов","2016.0","Avar","Avar","Avar-Andic","Avar-Andic","","False","False","True","False"
"Otsomieva-Tagirova Z.M.","Топонимическая система как отражение мировосприятия аварцев (на примере пословиц и поговорок)","2016.0","Avar","Avar","Avar-Andic","Avar-Andic","","False","False","True","False"
"Otsomieva-Tagirova Z.M.","ИСТОЧНИКИ ФОРМИРОВАНИЯ АВАРСКОЙ МИКРОТОПОНИМИИ: АНТРОПОНИМЫ","2017.0","Avar","Avar","Avar-Andic","Avar-Andic","","False","False","True","False"
"Otsomieva-Tagirova Z.M.","Способы образования топонимических конструкций в аварском языке","2017.0","Avar","Avar","Avar-Andic","Avar-Andic","","False","False","True","False"
"Otsomieva-Tagirova Z.M.","Топонимическая микросистема северного наречия аварского языка","2017.0","Avar","Avar","Avar-Andic","Avar-Andic","","False","False","True","False"
"Otsomieva-Tagirova Z.M.","Формы образования топонимических конструкций аварского языка","2017.0","Avar","Avar","Avar-Andic","Avar-Andic","","False","False","True","False"
"Otsomieva-Tagirova Z.M.","Количество компонентов в аварских топонимических конструкциях","2018.0","Avar","Avar","Avar-Andic","Avar-Andic","","False","False","True","False"
"Otsomieva-Tagirova Z.M.","Отражение гендера в аварских топонимических названиях","2018.0","Avar","Avar","Avar-Andic","Avar-Andic","","False","False","True","False"
"Otsomieva-Tagirova Z.M.","Спелеонимы в топонимической системе аварцев","2018.0","Avar","Avar","Avar-Andic","Avar-Andic","","False","False","True","False"
"Otsomieva-Tagirova Z.M.","СТРУКТУРНАЯ КЛАССИФИКАЦИЯ АВАРСКИХ ТОПОНИМОВ","2018.0","Avar","Avar","Avar-Andic","Avar-Andic","","False","False","True","False"
"Otsomieva-Tagirova Z.M.","Географическая терминология в аварской топонимии","2019.0","Avar","Avar","Avar-Andic","Avar-Andic","","False","False","True","False"
"Otsomieva-Tagirova Z.M.","Наименования тропы//Дромонимов в аварских говорах: лингвогеографический аспект","2019.0","Avar","Avar","Avar-Andic","Avar-Andic","","False","False","True","False"
"Otsomieva-Tagirova Z.M.","Наименования фауны в аварских топонимах-конверсивах","2019.0","Avar","Avar","Avar-Andic","Avar-Andic","","False","False","True","False"
"Otsomieva-Tagirova Z.M.","Лексическое воплощение образа мужчины в аварской топонимии.","2020.0","Avar","Avar","Avar-Andic","Avar-Andic","","False","False","True","False"
"Otsomieva-Tagirova Z.M.","Образ женщины в аварской топонимии","2021.0","Avar","Avar","Avar-Andic","Avar-Andic","","False","False","True","False"
"Otsomieva-Tagirova Z.M.","ОСНОВНЫЕ НАПРАВЛЕНИЯ ИССЛЕДОВАНИЙ АВАРСКИХ ТОПОНИМОВ","2021.0","Avar","Avar","Avar-Andic","Avar-Andic","","False","False","True","False"
"Otsomieva-Tagirova Z.M.","Структурирование оронимического пространства в топонимической системе аварского языка","2021.0","Avar","Avar","Avar-Andic","Avar-Andic","","False","False","True","False"
"Otsomieva-Tagirova Z.M.","ЛЕКСИКО-СЕМАНТИЧЕСКАЯ ВЕРБАЛИЗАЦИЯ ВИКОНИМИЧЕСКОЙ ЛЕКСИКИ В АВАРСКОЙ ТОПОНИМИИ","2022.0","Avar","Avar","Avar-Andic","Avar-Andic","","False","False","True","False"
"Otsomieva-Tagirova Z.M.","МЕНТАЛЬНЫЙ ОБРАЗ ПРИРОДЫ В АВАРСКОЙ ТОПОНИМИИ","2022.0","Avar","Avar","Avar-Andic","Avar-Andic","","False","False","True","False"
"Otsomieva-Tagirova Z.M.","МЕТОДИЧЕСКИЕ РЕКОМЕНДАЦИИ ПО СБОРУ И ОФОРМЛЕНИЮ АВАРСКИХ ТОПОНИМОВ","2022.0","Avar","Avar","Avar-Andic","Avar-Andic","","False","False","True","False"
"Otsomieva-Tagirova Z.M.","ОБЪЕКТЫ ОТРИЦАТЕЛЬНОГО РЕЛЬЕФА В АВАРСКОЙ ТОПОНИМИИ","2022.0","Avar","Avar","Avar-Andic","Avar-Andic","","False","False","True","False"
"Otsomieva-Tagirova Z.M.","СЕМАНТИЧЕСКОЕ ПОЛЕ ТЕРМИНА «МЕСТНАЯ ФЛОРА» В АВАРСКОЙ ТОПОНИМИИ","2022.0","Avar","Avar","Avar-Andic","Avar-Andic","","False","False","True","False"
"Otsomieva-Tagirova Z.M.","РЕПРЕЗЕНТАЦИЯ БЫТОВОЙ ТЕРМИНОЛОГИИ В АВАРСКОЙ ТОПОНИМИИ","2023.0","Avar","Avar","Avar-Andic","Avar-Andic","","False","False","True","False"
"Otsomieva-Tagirova Z.M.","ТОПОНИМИЗИРОВАННЫЕ ДЕНДРОФЛОРИЧЕСКИЕ АПЕЛЛЯТИВЫ В АВАРСКОМ ЯЗЫКЕ","2024.0","Avar","Avar","Avar-Andic","Avar-Andic","","False","False","True","False"
"Otsomieva-Tagirova Z.M.","ФОНЕТИЧЕСКИЕ ЯВЛЕНИЯ И ЗАКОНОМЕРНОСТИ В ТОПОНИМИЧЕСКИХ ЕДИНИЦАХ АВАРСКОГО ЯЗЫКА","2024.0","Avar","Avar","Avar-Andic","Avar-Andic","","False","False","True","False"
"Ovkhadov M.R.","Социально-лингвистический анализ развития чеченско-русского двуязычия","2001.0","Chechen","Chechen","Nakh","Nakh","https://search.rsl.ru/ru/record/01000336928","False","False","False","True"
"Ovkhadov M.R.","Социолингвистический анализ развития чеченско-русского двуязычия","2007.0","Chechen","Chechen","Nakh","Nakh","https://search.rsl.ru/ru/record/01003179472","False","False","False","True"
"Ovkhadov M.R.","Нохчийн мотт. Лексикологи","2023.0","Chechen","Chechen","Nakh","Nakh","https://search.rsl.ru/ru/record/01012960525","False","False","False","True"
"Ovrakhov M.R. and Zherebilo T.V.","Русский язык в динамике этнолингвистической ситуации в Республике Ингушетия","2008.0","Ingush","Ingush","Nakh","Nakh","","False","False","True","False"
"Ozdoev I.A.","Синтаксис ингушского литературного языка. Простое предложение","1964.0","Ingush","Ingush","Nakh","Nakh","https://search.rsl.ru/ru/record/01010536558","False","False","False","True"
"Ozdoev I.A.","Русско-ингушский словарь","1980.0","Ingush","Ingush","Nakh","Nakh","","True","True","False","False"
"Ozdoeva E.G.","Лексика родства в ингушском языке","2012.0","Ingush","Ingush","Nakh","Nakh","https://search.rsl.ru/ru/record/01006556999","False","False","False","True"
"Ozdoeva E.G.","ХIанзара гIалгIай мотт. Дошкхоллар: Дошкхоллар: университета студенташта лаьрхIа дешара пособи","2024.0","Ingush","Ingush","Nakh","Nakh","https://search.rsl.ru/ru/record/01013520485","False","False","False","True"
"Ozdoeva F.G.","Историческая характеристика служебных слов (частей речи) в нахских языках","1976.0","Chechen, Ingush, Tsova-Tush","Chechen, Ingush, Tsova-Tush","Nakh","Nakh","https://search.rsl.ru/ru/record/01006962582","False","False","False","True"
"Ozdoeva F.G.","Ингушско-русский фразеологический словарь","2003.0","Ingush","Ingush","Nakh","Nakh","https://search.rsl.ru/ru/record/01002364199","False","False","False","True"
"Pajzulaeva P.G.","Деепричастие в аварском языке","2009.0","Avar","Avar","Avar-Andic","Avar-Andic","https://search.rsl.ru/ru/record/01004372467","False","False","False","True"
"Pajzulaeva Z.Kh.","Компаративные фразеологические единицы аварского и английского языков","2010.0","Avar","Avar","Avar-Andic","Avar-Andic","https://search.rsl.ru/ru/record/01004868756","False","False","False","True"
"Pakhrudinova R.O.","Словообразование в каратинском языке","2004.0","Karata","Karata","Avar-Andic","Avar-Andic","https://search.rsl.ru/ru/record/01002737907","False","False","False","True"
"Panchvidze V.N.","Udiuri enis grammatikuli analizi","1974.0","Udi","Udi","Lezgic","Lezgic","","False","True","False","False"
"Pareulidze R.I.","Основные вопросы склонения имен существительных в чеченском языке: на материале кистинской речи","1986.0","Chechen","Chechen","Nakh","Nakh","https://search.rsl.ru/ru/record/01008638982","False","False","False","True"
"Paskushova E. and Shamilov S.","A handbook of Chechen verbal conjugation","2005.0","Chechen","Chechen","Nakh","Nakh","","False","True","False","False"
"Pasquereau J.","Formes spatiales des noms en karata: emplois spatiaux et non-spatiaux","2010.0","Karata","Karata","Avar-Andic","Avar-Andic","","True","False","False","False"
"Pasquereau J.","Loss of semantic specification and lexicalisation of configuration markers: the case of Karata","2011.0","Karata","Karata","Avar-Andic","Avar-Andic","","False","False","True","False"
"Pasquereau J.","Valency in Karata: A preliminary study","2011.0","Karata","Karata","Avar-Andic","Avar-Andic","","False","True","False","False"
"Pasquereau J.","Karata","2020.0","Karata","Karata","Avar-Andic","Avar-Andic","","True","False","False","False"
"Pasquereau J.","A sketch of Karata (Nakh-Daghestanian)","2021.0","Karata","Karata","Avar-Andic","Avar-Andic","","False","True","False","False"
"Pasquereau J.","Imperfective tenses in Karata (Karata village): morphology and meanings","2023.0","Karata","Karata","Avar-Andic","Avar-Andic","","False","False","True","False"
"Pasquereau J.","Reduplication across categories: a first look at numerals and verbs in Karata","2023.0","Karata","Karata","Avar-Andic","Avar-Andic","","False","False","True","False"
"Pasquereau J.","Twenty glossed and translated texts in Karata (Karata village variety, Nakh-Daghestanian)","2023.0","Karata","Karata","Avar-Andic","Avar-Andic","","False","False","True","False"
"Patakhova P.D.","Функционально-семантическая категория побудительной модальности в аварском языке","2005.0","Avar","Avar","Avar-Andic","Avar-Andic","https://search.rsl.ru/ru/record/01002854003","False","False","False","True"
"Patakhova P.D.","Побудительное предложение аварского языка","2009.0","Avar","Avar","Avar-Andic","Avar-Andic","https://search.rsl.ru/ru/record/01004345215","False","False","False","True"
"Pilvik M-L. and Rochant N.","Transitivization and detransitivization in Andi","2018.0","Upper Andi","Andi","Avar-Andic","Avar-Andic","","False","False","True","False"
"Pirmagomedova A.S.","Гелхенский говор лезгинского языка","2018.0","Lezgian","Lezgian","Lezgic","Lezgic","https://search.rsl.ru/ru/record/01009871626","True","False","False","True"
"Piruglanova D.D.","Консонантизм лезгинского и английского языков: сопоставительный анализ","2012.0","Lezgian","Lezgian","Lezgic","Lezgic","https://search.rsl.ru/ru/record/01005578143","False","False","False","True"
"Plaetschke B.","Die Tschetschenen","1929.0","Chechen","Chechen","Nakh","Nakh","","False","True","False","False"
"Platova L.P.","Сопоставительное исследование стилистических и семантических особенностей поэтической лексики лезгинского и английского языков","2013.0","Lezgian","Lezgian","Lezgic","Lezgic","https://search.rsl.ru/ru/record/01006712349","False","False","False","True"
"Pliev R.S.","Нахско-этрусские лексические встречи","2000.0","Chechen, Ingush","Chechen, Ingush","Nakh","Nakh","https://search.rsl.ru/ru/record/01000288534","False","False","False","True"
"Plieva Z.B.","Концептуализация действительности через цветообозначения в ингушском, русском и английском языках","2022.0","Ingush","Ingush","Nakh","Nakh","https://search.rsl.ru/ru/record/01013131012","False","False","False","True"
"Plungian V.A.","Выражение множественности ситуаций в чамалинском языке","1989.0","Chamalal","Chamalal","Avar-Andic","Avar-Andic","","False","False","True","False"
"Plungian V.A.","Plurality of situations in Chamalal","1997.0","Chamalal","Chamalal","Avar-Andic","Avar-Andic","","False","True","False","False"
"Polinsky M.","Tsez beginnings","1999.0","Tsez","Tsez","Tsezic","Tsezic","","False","True","True","False"
"Polinsky M.","Variation in complementation constructions: Long-distance agreement in Tsez","1999.0","Tsez","Tsez","Tsezic","Tsezic","","False","True","True","False"
"Polinsky M.","The marvels of Tsakhur","2002.0","Tsakhur","Tsakhur","Lezgic","Lezgic","","False","False","True","False"
"Polinsky M.","Clause combining in Tsez: At the meaning/structure interface","2007.0","Tsez","Tsez","Tsezic","Tsezic","","False","False","True","False"
"Polinsky M.","Embedded finite complements, indexical shift, and binding in Tsez","2015.0","Tsez","Tsez","Tsezic","Tsezic","","False","False","True","False"
"Polinsky M.","Indexical shift in Tsez","2015.0","Tsez","Tsez","Tsezic","Tsezic","","False","False","True","False"
"Polinsky M.","Tsez Syntax: A Description","2015.0","Tsez","Tsez","Tsezic","Tsezic","","True","True","True","False"
"Polinsky M.","Agreement in Archi from a minimalist perspective","2016.0","Archi","Archi","Lezgic","Lezgic","","False","False","True","False"
"Polinsky M.","AGREEMENT IN ARCHI: A MINIMALIST APPROACH","2016.0","Archi","Archi","Lezgic","Lezgic","","False","False","True","False"
"Polinsky M.","Some remarks on the Nakh-Dagestanian affective construction","2021.0","Tsez","Tsez","Tsezic","Tsezic","","False","False","True","False"
"Polinsky M.","Där c’ik’iw teqa retiχ ‘I want to understand everything’: Tsez verbs of perception and cognition","2025.0","Tsez","Tsez","Tsezic","Tsezic","","False","False","True","False"
"Polinsky M. and Potsdam E.","Backward control in Tsez","2000.0","Tsez","Tsez","Tsezic","Tsezic","","False","False","True","False"
"Polinsky M. and Potsdam E.","Long-Distance Agreement and Topic in Tsez","2001.0","Tsez","Tsez","Tsezic","Tsezic","","False","True","True","False"
"Polinsky M. and Radkevich N.B.","Biabsolutives in Archi","2014.0","Archi","Archi","Lezgic","Lezgic","","False","False","True","False"
"Rabadanova L.N.","Лингвокультурологический анализ урбанонимов в разносистемных языках (английском, русском и даргинском)","2019.0","Northern Dargwa","Dargwa","Dargwic","Dargwic","https://search.rsl.ru/ru/record/01010117266","False","False","False","True"
"Rabadanova S.M.","Даргинская антропонимическая система в сопоставлении с русской и английской","2000.0","Northern Dargwa","Dargwa","Dargwic","Dargwic","https://search.rsl.ru/ru/record/01000297041","False","False","False","True"
"Radzhabov R.N.","Глагольное словоизменение в цезском языке","1992.0","Tsez","Tsez","Tsezic","Tsezic","https://search.rsl.ru/ru/record/01000184365","False","False","False","True"
"Radzhabov R.N.","Синтаксис цезского языка","1999.0","Tsez","Tsez","Tsezic","Tsezic","","False","True","False","False"
"Radzhabova R.G.","Фонетические, морфологические и лексические особенности салтинского говора аварского языка: по данным речи села Аркас","2012.0","Avar","Avar","Avar-Andic","Avar-Andic","https://search.rsl.ru/ru/record/01005508412","True","False","False","True"
"Ragimova V.M.","Фазовые глаголы в лезгинском и немецком языках","2005.0","Lezgian","Lezgian","Lezgic","Lezgic","https://search.rsl.ru/ru/record/01002750585","False","False","False","True"
"Rakhmanova N.M.","Масдар в лезгинском языке и его корреляты в английском","2011.0","Lezgian","Lezgian","Lezgic","Lezgic","https://search.rsl.ru/ru/record/01004930565","False","False","False","True"
"Ramaldanov A.R.","Структурно-грамматическая характеристика именных фразеологических единиц лезгинского языка","1994.0","Lezgian","Lezgian","Lezgic","Lezgic","https://search.rsl.ru/ru/record/01000172894","False","False","False","True"
"Ramazanov M.R.","Агульско-русский словарь","2010.0","Aghul","Aghul","Lezgic","Lezgic","","True","True","False","False"
"Ramazanov M.R.","Агъул чIаланна Iуьрус чIалан калимлама: 40 агъзуралас алтухъ гафар а","2010.0","Aghul","Aghul","Lezgic","Lezgic","https://search.rsl.ru/ru/record/01009462025","False","False","False","True"
"Ramazanova A.Kh.","Категория дерогативности в разносистемных языках: семантика и функционирование: на материале даргинского, английского, русского и турецкого языков","2011.0","Northern Dargwa","Dargwa","Dargwic","Dargwic","https://search.rsl.ru/ru/record/01004958133","False","False","False","True"
"Ramazanova A.Kh.","К вопросу о дерогативах в даргинском языке","2012.0","Northern Dargwa","Dargwa","Dargwic","Dargwic","","False","False","True","False"
"Ramazanova A.Kh.","Категория дерогативности в разносистемных языках: на материале даргинского, английского, русского и турецкого языков","2012.0","Northern Dargwa","Dargwa","Dargwic","Dargwic","","False","False","True","False"
"Ramazanova L.D.","Структурный и семантический анализ топонимов и микротопонимов Ахтынского района Республики Дагестан","2023.0","Lezgian","Lezgian","Lezgic","Lezgic","https://search.rsl.ru/ru/record/01011862189","False","False","False","True"
"Ramazanova L.R.","Сопоставительный анализ фразообразования в лезгинском и французском языках: На материале соматических фразеологических единиц","2004.0","Lezgian","Lezgian","Lezgic","Lezgic","https://search.rsl.ru/ru/record/01002737702","False","False","False","True"
"Ramazanova M.R.","Структура и семантика фразеологических единиц лакского языка","2000.0","Lak","Lak","Lak","Lak","https://search.rsl.ru/ru/record/01000272907","False","False","False","True"
"Ramazanova P.M.","Омонимы в современном аварском языке","2002.0","Avar","Avar","Avar-Andic","Avar-Andic","https://search.rsl.ru/ru/record/01002296006","False","False","False","True"
"Ramazanova R.M.","Послелоги в аварском языке в их сопоставлении с английскими пространственными предлогами в непространственном значении","2009.0","Avar","Avar","Avar-Andic","Avar-Andic","https://search.rsl.ru/ru/record/01004567607","False","False","False","True"
"Ramazanova U.K.","Концепты ""эмоции"" и ""интеллект"" в лакской и русской фразеологии","2012.0","Lak","Lak","Lak","Lak","https://search.rsl.ru/ru/record/01005017894","False","False","False","True"
"Ramazanova Z.M.","Дифференциальные семантико-морфологические особенности именных частей речи табасаранского языка","2007.0","Tabasaran","Tabasaran","Lezgic","Lezgic","https://search.rsl.ru/ru/record/01003315543","False","False","False","True"
"Ramazanova Z.M.","Сопоставительное исследование гендерной фразеологии лакского, русского и английского языков","2011.0","Lak","Lak","Lak","Lak","https://search.rsl.ru/ru/record/01005396830","False","False","False","True"
"Ramazanova Z.M.","Гендерные репрезентации во фразеологии лакского, русского и английского языков","2015.0","Lak","Lak","Lak","Lak","https://search.rsl.ru/ru/record/01008073663","False","False","False","True"
"Rashidov A.A.","Глагол рутульского языка: По данным с. Ихрек","1993.0","Rutul","Rutul","Lezgic","Lezgic","https://search.rsl.ru/ru/record/01007892648","False","False","False","True"
"Rashidova A.D.","Причастие в аварском языке","2005.0","Avar","Avar","Avar-Andic","Avar-Andic","https://search.rsl.ru/ru/record/01004070290","False","False","False","True"
"Rashidova A.G.","Выражение пространственных отношений в лакском, английском и русском языках: на материале падежных систем, послелогов и предлогов","2013.0","Lak","Lak","Lak","Lak","https://search.rsl.ru/ru/record/01006566127","False","False","False","True"
"Rashidova A.G.","Выражение пространственных отношений на материале падежной системы, послелогов и предлогов в лакском, английском и русском языках","2018.0","Lak","Lak","Lak","Lak","https://search.rsl.ru/ru/record/01009885424","False","False","False","True"
"Rasulova N.M.","Императивные конструкции в андийских языках","2014.0","Upper Andi, Lower Andi, Northern Akhvakh, Southern Akhvakh, Chamalal","Akhvakh, Andi, Chamalal","Avar-Andic","Avar-Andic","https://search.rsl.ru/ru/record/01007526567","False","False","False","True"
"Rasulova R.M.","Структурные типы простого предложения в даргинском языке","2005.0","Northern Dargwa","Dargwa","Dargwic","Dargwic","https://search.rsl.ru/ru/record/01002771352","False","False","False","True"
"Rizakhanova Z.Z.","Сопоставительное исследование частеречных признаков прилагательного в английском и лезгинском языках","2005.0","Lezgian","Lezgian","Lezgic","Lezgic","https://search.rsl.ru/ru/record/01002934525","False","False","False","True"
"Rizvanova L.R.","Категории имени существительного аварского языка в сопоставлении с английским","2007.0","Avar","Avar","Avar-Andic","Avar-Andic","https://search.rsl.ru/ru/record/01003318090","False","False","False","True"
"Rochant N.","LABILE VERBS IN ANDI (ZILO DIALECT)","2017.0","Upper Andi","Andi","Avar-Andic","Avar-Andic","","False","False","True","False"
"Rochant N.","Morphologie, syntaxe et sémantique des verbes causatifs synthétiques dans un dialecte andi","2017.0","Upper Andi","Andi","Avar-Andic","Avar-Andic","","False","False","True","False"
"Rochant N.","Spotting labile verbs in Zilo Andi","2017.0","Upper Andi","Andi","Avar-Andic","Avar-Andic","","False","False","True","False"
"Rochant N.","P-labile verbs in Andi: A Two-phase Emergence?","2018.0","Upper Andi","Andi","Avar-Andic","Avar-Andic","","False","False","True","False"
"Rochant N.","Transitivization and detransitivization in the Caucasus: description of valence change operations in an Andi dialect","2018.0","Upper Andi","Andi","Avar-Andic","Avar-Andic","","False","False","True","False"
"Rochant N.","Causatives which do not cause: Refining the typology with the case of Andi","2019.0","Upper Andi","Andi","Avar-Andic","Avar-Andic","","False","False","True","False"
"Rochant N.","Causatives which do not cause: Refining the typology with the case of Andi (Nakh-Daghestanian)","2019.0","Upper Andi","Andi","Avar-Andic","Avar-Andic","","False","False","True","False"
"Rochant N.","Lability in Andi","2019.0","Upper Andi","Andi","Avar-Andic","Avar-Andic","","False","False","True","False"
"Rochant N.","When a causative could hide a plural marker: A quest for the origins of the causative in Andi (Nakh-Daghestanian)","2019.0","Upper Andi","Andi","Avar-Andic","Avar-Andic","","False","False","True","False"
"Rochant N.","Why does the Andi causative suffix agree in number?","2019.0","Upper Andi","Andi","Avar-Andic","Avar-Andic","","False","False","True","False"
"Rochant N.","Bivalent patterns in Zilo Andi","2020.0","Upper Andi","Andi","Avar-Andic","Avar-Andic","","False","False","True","False"
"Rochant N.","The morphology of relationship in Andi","2022.0","Upper Andi","Andi","Avar-Andic","Avar-Andic","","False","False","True","False"
"Rochant N.","Back to the roots of Andi P-lability","2024.0","Upper Andi","Andi","Avar-Andic","Avar-Andic","","False","False","True","False"
"Rochant N. and Verhees S.","The (auxiliary) verb b-iʁidu in Andi","2017.0","Upper Andi","Andi","Avar-Andic","Avar-Andic","","False","False","True","False"
"Roncero K.","An audio-visual documentation of Chamalal, a language of Dagestan (Russia)","2019.0","Chamalal","Chamalal","Avar-Andic","Avar-Andic","","True","False","False","False"
"Roncero K.","Gakvarian Chamalal (Dagestan and Chechnya) – Language Snapshot","2021.0","Chamalal","Chamalal","Avar-Andic","Avar-Andic","","True","True","True","False"
"Rudnev P.","Рефлексивы в дагестанских языках и природа анафорических отношений","2011.0","Avar","Avar","Avar-Andic","Avar-Andic","","False","False","True","False"
"Rudnev P.","Matrix constituent interrogatives in Avar","2012.0","Avar","Avar","Avar-Andic","Avar-Andic","","False","False","True","False"
"Rudnev P.","Dependency and discourse-configurationality: A study of Avar negation","2015.0","Avar","Avar","Avar-Andic","Avar-Andic","","False","True","True","False"
"Rudnev P.","Events, locations and situations: On the interaction of negation and finiteness in Avar","2015.0","Avar","Avar","Avar-Andic","Avar-Andic","","False","False","True","False"
"Rudnev P.","Locations and situations. On the interaction of negation and finiteness in Avar","2015.0","Avar","Avar","Avar-Andic","Avar-Andic","","False","False","True","False"
"Rudnev P.","Particles, disjunctions and inquisitivity in Avar","2016.0","Avar","Avar","Avar-Andic","Avar-Andic","","False","False","True","False"
"Rudnev P.","Minimal pronouns, logophoricity and long-distance reflexivisation in Avar","2017.0","Avar","Avar","Avar-Andic","Avar-Andic","","False","False","True","False"
"Rudnev P.","‘External’ agreement in Avar and theories of Agree","2019.0","Avar","Avar","Avar-Andic","Avar-Andic","","False","False","True","False"
"Rudnev P.","Agreeing Adpositions in Avar and the Directionality-of-Valuation Debate","2020.0","Avar","Avar","Avar-Andic","Avar-Andic","","False","False","True","False"
"Rudnev P.","The Anaphor Agreement Effect is not about featural deficiency: Evidence from Avar","2020.0","Avar","Avar","Avar-Andic","Avar-Andic","","False","False","True","False"
"Saadiev Sh.M.","Кимильский говор лезгинского языка","1961.0","Lezgian","Lezgian","Lezgic","Lezgic","","False","True","False","False"
"Saadiev Sh.M.","Крызский язык","1968.0","Kryz","Kryz","Lezgic","Lezgic","","False","True","False","False"
"Saadiev Sh.M.","Опыт исследования крызского языка: в 2-х т.","1970.0","Kryz","Kryz","Lezgic","Lezgic","https://search.rsl.ru/ru/record/01009929250","False","False","False","True"
"Saadiev Sh.M.","Kryts","1994.0","Kryz","Kryz","Lezgic","Lezgic","","True","True","False","False"
"Saadulaeva R.Shh.","Выражение пространственных отношений в лакском языке","2013.0","Lak","Lak","Lak","Lak","https://search.rsl.ru/ru/record/01006697633","False","False","False","True"
"Sadyki N.N.","Типология лезгинского местоимения в сравнении с английским","2016.0","Lezgian","Lezgian","Lezgic","Lezgic","https://search.rsl.ru/ru/record/01008480471","False","False","False","True"
"Safaraliev N.E.","Русские заимствования в табасаранском языке","2009.0","Tabasaran","Tabasaran","Lezgic","Lezgic","https://search.rsl.ru/ru/record/01004404748","False","False","False","True"
"Safaralieva E.Ya.","Антропонимика лезгинского языка","1980.0","Lezgian","Lezgian","Lezgic","Lezgic","https://search.rsl.ru/ru/record/01008999458","False","False","False","True"
"Sagidova M.Ch.","Средства выражения вопроса в лезгинском языке: На материале современной художественной прозы","2002.0","Lezgian","Lezgian","Lezgic","Lezgic","https://search.rsl.ru/ru/record/01002293286","False","False","False","True"
"Sagidova M.P.","Сравнительный структурно-семантический анализ соматических фразеологических единиц дагестанских языков: на материале аварского, даргинского, лакского, лезгинского и табасаранского языков","2013.0","Avar, Northern Dargwa, Lak, Lezgian, Tabasaran","Avar, Dargwa, Lak, Lezgian, Tabasaran","Avar-Andic, Dargwic, Lak, Lezgic","Avar-Andic, Dargwic, Lak, Lezgic","https://search.rsl.ru/ru/record/01006612001","False","False","False","True"
"Sagova M.B.","Семантика и прагматика английских зооморфных фразеологизмов и их эквивалентов в ингушском языке","2016.0","Ingush","Ingush","Nakh","Nakh","https://search.rsl.ru/ru/record/01008289715","False","False","False","True"
"Saidov M.D.","Аварско-русский словарь: около 18 000 слов","1967.0","Avar","Avar","Avar-Andic","Avar-Andic","","False","True","False","False"
"Saidova B.K.","Образование сложных слов в даргинском литературном языке","2010.0","Northern Dargwa","Dargwa","Dargwic","Dargwic","https://search.rsl.ru/ru/record/01004721500","False","False","False","True"
"Saidova P.A.","Грамматический очерк годоберинского языка","1964.0","Godoberi","Godoberi","Avar-Andic","Avar-Andic","https://search.rsl.ru/ru/record/01010537662","False","False","False","True"
"Saidova P.A.","Годоберинский язык. Грамматический очерк, тексты, словарь","1973.0","Godoberi","Godoberi","Avar-Andic","Avar-Andic","","True","True","False","False"
"Saidova P.A.","Ботлихский язык","2001.0","Botlikh","Botlikh","Avar-Andic","Avar-Andic","","True","False","False","False"
"Saidova P.A.","Ghodoberi","2004.0","Godoberi","Godoberi","Avar-Andic","Avar-Andic","","False","True","False","False"
"Saidova P.A.","Годоберинско-русский словарь","2006.0","Godoberi","Godoberi","Avar-Andic","Avar-Andic","","True","True","False","False"
"Saidova P.A.","Диалектологический словарь аварского языка: около 8 000 слов","2008.0","Avar","Avar","Avar-Andic","Avar-Andic","https://search.rsl.ru/ru/record/01004047300","True","True","False","True"
"Saidova P.A.","Ботлихско-русский словарь","2012.0","Botlikh","Botlikh","Avar-Andic","Avar-Andic","https://search.rsl.ru/ru/record/01005466535","True","True","False","True"
"Saidova P.A.","Закатальский диалект аварского языка","2012.0","Avar","Avar","Avar-Andic","Avar-Andic","https://search.rsl.ru/ru/record/01005464809","True","True","False","True"
"Saidova P.A.","Словарь андалальского диалекта аварского языка","2019.0","Avar","Avar","Avar-Andic","Avar-Andic","https://search.rsl.ru/ru/record/01010538479","False","False","False","True"
"Saidova Ya.M.","Служебные слова в рутульском языке","2003.0","Rutul","Rutul","Lezgic","Lezgic","https://search.rsl.ru/ru/record/01003296457","False","False","False","True"
"Saidova Ya.M.","Функционально-семантическая характеристика служебных слов рутульского языка","2012.0","Rutul","Rutul","Lezgic","Lezgic","https://search.rsl.ru/ru/record/01006688921","False","False","False","True"
"Salamova R.A.","мелхинский говор чеченского языка","1984.0","Chechen","Chechen","Nakh","Nakh","https://search.rsl.ru/ru/record/01008723113","False","False","False","True"
"Salamova Z.M.","Животноводческая лексика в говорах анцухского диалекта аварского языка","2003.0","Avar","Avar","Avar-Andic","Avar-Andic","https://search.rsl.ru/ru/record/01002342314","False","False","False","True"
"Salimov Kh.S.","Гагатлинский говор андийского языка","2010.0","Upper Andi","Andi","Avar-Andic","Avar-Andic","","True","True","False","False"
"Samedov Dzh.S.","Некоторые вопросы лексики арчинского языка","1975.0","Archi","Archi","Lezgic","Lezgic","https://search.rsl.ru/ru/record/01009652474","False","False","False","True"
"Samedov Dzh.S.","Сложное предложение в аварском языке в сопоставлении с русским","1996.0","Avar","Avar","Avar-Andic","Avar-Andic","https://search.rsl.ru/ru/record/01004030229","False","False","False","True"
"Samedov Dzh.S.","Очерки синтаксиса сложного предложения аварского языка","2020.0","Avar","Avar","Avar-Andic","Avar-Andic","https://search.rsl.ru/ru/record/01010496316","False","False","False","True"
"Samedov Dzh.S.","Синтаксис сложного предложения арчинского языка","2021.0","Archi","Archi","Lezgic","Lezgic","https://search.rsl.ru/ru/record/01010695394","False","False","False","True"
"Samedov M.D.","Фразеологические единицы, обозначающие эмоциональные и интеллектуальные состояния человека, в английском и арчинском языках","2006.0","Archi","Archi","Lezgic","Lezgic","https://search.rsl.ru/ru/record/01002977253","False","False","False","True"
"Schiefner A.","Versuch über die Thusch-Sprache","1856.0","Tsova-Tush","Tsova-Tush","Nakh","Nakh","","False","True","False","False"
"Schiefner A.","Versuch über das Awarische","1862.0","Avar","Avar","Avar-Andic","Avar-Andic","","False","True","False","False"
"Schiefner A.","Versuch über die Sprache der Uden","1863.0","Udi","Udi","Lezgic","Lezgic","","False","True","False","False"
"Schiefner A.","Tschetschenzische Studien","1864.0","Chechen","Chechen","Nakh","Nakh","","False","True","False","False"
"Schiefner A.","Awarische Texte","2008.0","Avar","Avar","Avar-Andic","Avar-Andic","","False","True","False","False"
"Schreur J.W.","Intense language contact in Eastern Georgia: The case of Tsova-Tush","2024.0","Tsova-Tush","Tsova-Tush","Nakh","Nakh","","False","True","False","False"
"Schulze W.","Die Sprache der Uden in Nord-Azerbajdžan: Studien zur Synchronie und Diachronie einer süd-ostkaukasischen Sprache","1982.0","Udi","Udi","Lezgic","Lezgic","","True","True","True","False"
"Schulze W.","Remarks on the case system of the Lezgian languages","1984.0","Lezgian","Lezgian","Lezgic","Lezgic","","False","False","True","False"
"Schulze W.","Studien zur Rekonstruktion des Lautstandes der süd-ostkaukasischen (lezgischen) Grundsprache","1988.0","Lezgian","Lezgian","Lezgic","Lezgic","","False","False","True","False"
"Schulze W.","The Udi language. A grammatical sketch","1994.0","Udi","Udi","Lezgic","Lezgic","","True","True","False","False"
"Schulze W.","Towards a typology of the accusative ergative continuum: The case of East Caucasian","1997.0","Tabasaran","Tabasaran","Lezgic","Lezgic","","False","False","True","False"
"Schulze W.","Tsakhur","1997.0","Tsakhur","Tsakhur","Lezgic","Lezgic","","False","True","True","False"
"Schulze W.","Cezisch","1998.0","Tsez","Tsez","Tsezic","Tsezic","","False","True","False","False"
"Schulze W.","An Udi Online Grammar","2001.0","Udi","Udi","Lezgic","Lezgic","","False","False","True","False"
"Schulze W.","The Udi gospels: annotated text, etymological index, lemmatized concordance","2001.0","Udi","Udi","Lezgic","Lezgic","","False","True","True","False"
"Schulze W.","The Udi language: A grammatical description with sample text","2001.0","Udi","Udi","Lezgic","Lezgic","","False","False","True","False"
"Schulze W.","The loan layers of Udi: Armenian","2002.0","Udi","Udi","Lezgic","Lezgic","","False","False","True","False"
"Schulze W.","Pragmasyntax: Towards a cognitive typology of the Attention Information Flow in Udi narratives","2004.0","Udi","Udi","Lezgic","Lezgic","","False","False","True","False"
"Schulze W.","A functional grammar of Udi","2005.0","Udi","Udi","Lezgic","Lezgic","","True","True","True","False"
"Schulze W.","From case to case in Udi","2005.0","Udi","Udi","Lezgic","Lezgic","","False","False","True","False"
"Schulze W.","Towards a history of Udi","2005.0","Udi","Udi","Lezgic","Lezgic","","False","False","True","False"
"Schulze W.","Deictic strategies in Udi","2006.0","Udi","Udi","Lezgic","Lezgic","","True","False","True","False"
"Schulze W.","The Lak Language: A Quick Reference","2007.0","Lak","Lak","Lak","Lak","","False","True","True","False"
"Schulze W.","Towards a History of Khinalug","2008.0","Khinalug","Khinalug","Khinalug","Khinalug","","False","False","True","False"
"Schulze W.","A new model of metaphorization: Case semantics in East Caucasian","2009.0","Aghul, Udi","Aghul, Udi","Lezgic","Lezgic","","False","False","True","False"
"Schulze W.","Vier neuere udische Texte","2009.0","Udi","Udi","Lezgic","Lezgic","","False","False","True","False"
"Schulze W.","A brief note on Udi-Armenian relations","2011.0","Udi","Udi","Lezgic","Lezgic","","False","False","True","False"
"Schulze W.","The origins of personal agreement clitics in Caucasian Albanian and Udi","2011.0","Udi","Udi","Lezgic","Lezgic","","False","False","True","False"
"Schulze W.","Some notes on the relationship between Caucasian Albanian and Udi","2013.0","Udi","Udi","Lezgic","Lezgic","","False","False","True","False"
"Schulze W.","The Formation of Udi Plurals","2013.0","Udi","Udi","Lezgic","Lezgic","","False","False","True","False"
"Schulze W.","Aspects of Udi-Iranian language contact","2015.0","Udi","Udi","Lezgic","Lezgic","","False","False","True","False"
"Schulze W.","From Caucasian Albanian to Udi","2015.0","Udi","Udi","Lezgic","Lezgic","","False","True","True","False"
"Schulze W.","Khinalug","2016.0","Khinalug","Khinalug","Khinalug","Khinalug","","True","False","True","False"
"Schulze W.","Lak","2016.0","Lak","Lak","Lak","Lak","","True","False","False","False"
"Schulze W.","Textual resources for Udi","2016.0","Udi","Udi","Lezgic","Lezgic","","False","False","True","False"
"Schulze W.","Udi","2016.0","Udi","Udi","Lezgic","Lezgic","","True","False","True","False"
"Schulze W.","Caucasian Albanian and the Question of Language and Ethnicity","2017.0","Udi","Udi","Lezgic","Lezgic","","False","True","False","False"
"Schulze W.","How much Udi is Udi?","2017.0","Udi","Udi","Lezgic","Lezgic","","False","False","True","False"
"Schulze W.","Khinalug in its Genetic Context: Some Methodological Considerations","2018.0","Khinalug","Khinalug","Khinalug","Khinalug","","False","False","True","False"
"Sejfaddinova D.S.","Устаревшая и инновационная лексика лезгинского языка","2008.0","Lezgian","Lezgian","Lezgic","Lezgic","https://search.rsl.ru/ru/record/01004040852","False","False","False","True"
"Selimova Z.O.","Структурная и лексико-грамматическая характеристика сложных имен в современном лезгинском литературном языке","2009.0","Lezgian","Lezgian","Lezgic","Lezgic","https://search.rsl.ru/ru/record/01004394174","False","False","False","True"
"Selimova Z.O.","Сложные имена в лезгинском языке","2013.0","Lezgian","Lezgian","Lezgic","Lezgic","https://search.rsl.ru/ru/record/01006738585","False","False","False","True"
"Selmurzaeva Kh.R.","Кумыкские заимствования в чеченском языке","2012.0","Chechen","Chechen","Nakh","Nakh","https://search.rsl.ru/ru/record/01006519489","False","False","False","True"
"Selmurzaeva Kh.R.","Лексико-семантическое осовение тюрксикх заимствований в чеченском языке: на материале кумыкского языка","2012.0","Chechen","Chechen","Nakh","Nakh","https://search.rsl.ru/ru/record/01005420075","False","False","False","True"
"Sergeeva G.A.","Арчинцы","1967.0","Archi","Archi","Lezgic","Lezgic","","False","True","False","False"
"Shabanova O.V.","Шимихюрский говор лезгинского языка","2006.0","Lezgian","Lezgian","Lezgic","Lezgic","https://search.rsl.ru/ru/record/01003011328","True","False","False","True"
"Shakhbanova A.R.","Картина мира соматизма oculus ""глаз"" в языках различных типологий: на материале лезгинского, русского и французского языков","2014.0","Lezgian","Lezgian","Lezgic","Lezgic","https://search.rsl.ru/ru/record/01007533766","False","False","False","True"
"Shakhbanova D.N.","Бутринский говор даргинского языка: фонетические и морфологические особенности","2007.0","Usisha-Butri, Northern Dargwa","Dargwa","Dargwic","Dargwic","https://search.rsl.ru/ru/record/01003315269","True","False","False","True"
"Shakhbanova P.B.","Семантические и структурные особенности междометий в аварском языке","2006.0","Avar","Avar","Avar-Andic","Avar-Andic","https://search.rsl.ru/ru/record/01002934922","False","False","False","True"
"Shakhbanova P.B.","Междометие в аварском языке","2023.0","Avar","Avar","Avar-Andic","Avar-Andic","https://search.rsl.ru/ru/record/01012559784","False","False","False","True"
"Shakhbanova P.G.","Фонетические и морфологические особенности карбачимахинского говора даргинского языка","2011.0","Southwestern Dargwa","Dargwa","Dargwic","Dargwic","https://search.rsl.ru/ru/record/01004972742","True","False","False","True"
"Shakhbanova Z.I.","Функционально-семантическая характеристика синонимов даргинского языка","2011.0","Northern Dargwa","Dargwa","Dargwic","Dargwic","https://search.rsl.ru/ru/record/01004955203","False","False","False","True"
"Shakhbieva M.Kh.-M.","Лексика художественной культуры в чеченском языке","1997.0","Chechen","Chechen","Nakh","Nakh","https://search.rsl.ru/ru/record/01000161922","False","False","False","True"
"Shakhemirova S.V.","Фонетико-дистрибутивный анализ консонантизма разноструктурных языков: лезгинского, русского, английского","2012.0","Lezgian","Lezgian","Lezgic","Lezgic","https://search.rsl.ru/ru/record/01006513105","False","False","False","True"
"Shakhmanova Z.E.","Словообразование существительных в лакском языке","2005.0","Lak","Lak","Lak","Lak","https://search.rsl.ru/ru/record/01003300933","False","False","False","True"
"Shakhova M.Kh.","Категория модальности и ее выражение в аварском литературном языке","1998.0","Avar","Avar","Avar-Andic","Avar-Andic","https://search.rsl.ru/ru/record/01000228440","False","False","False","True"
"Shakhova M.Kh.","Выражение модальных значений в аварском литературном языке","2014.0","Avar","Avar","Avar-Andic","Avar-Andic","https://search.rsl.ru/ru/record/01007846339","False","False","False","True"
"Shakhova M.Kh.","Сравнительно-типологический анализ именной морфологии аварского и русского языков","2024.0","Avar","Avar","Avar-Andic","Avar-Andic","https://search.rsl.ru/ru/record/01013363874","False","False","False","True"
"Shakhshaeva L.M.","Англо-русско-лакский фразеологический словарь","1977.0","Lak","Lak","Lak","Lak","https://search.rsl.ru/ru/record/01007731441","False","False","False","True"
"Shakhshaeva M.M.","Роль русского языка в развитии и обогащении лексики лакского языка","1983.0","Lak","Lak","Lak","Lak","https://search.rsl.ru/ru/record/01008775401","False","False","False","True"
"Shamilova Z.M.","Типология адъективных форм глагола в разноструктурных языках: русском, лезгинском и немецком","2018.0","Lezgian","Lezgian","Lezgic","Lezgic","https://search.rsl.ru/ru/record/01009987302","False","False","False","True"
"Shamilyova R.D.","Структурно-семантический анализ чеченских паремий","2011.0","Chechen","Chechen","Nakh","Nakh","https://search.rsl.ru/ru/record/01004929810","False","False","False","True"
"Shamilyova R.D.","Чеченские пословицы и поговорки: лингвистический аспект: (с привлечением материала русского и английского языков)","2012.0","Chechen","Chechen","Nakh","Nakh","https://search.rsl.ru/ru/record/01006511532","False","False","False","True"
"Shamilyova R.D.","Семантика и структура чеченских паремий (с привлечением материала русского и английского языков)","2018.0","Chechen","Chechen","Nakh","Nakh","https://search.rsl.ru/ru/record/01010815773","False","False","False","True"
"Shamkhalova Z.A.","Источники формирования и структурно-семантическая характеристика антропонимической системы аварского языка","2010.0","Avar","Avar","Avar-Andic","Avar-Andic","https://search.rsl.ru/ru/record/01004894992","False","False","False","True"
"Shamkhalova Z.K.","Функционально-семантическая категория модальности в ахвахском языке: на материале северного диалекта","2009.0","Northern Akhvakh","Akhvakh","Avar-Andic","Avar-Andic","https://search.rsl.ru/ru/record/01004353069","False","False","False","True"
"Shamkhalova Zh.D.","Структурно-семантические типы простого предложения в лакском языке","2003.0","Lak","Lak","Lak","Lak","https://search.rsl.ru/ru/record/01002618572","False","False","False","True"
"Shamsudinova S.E.","Словообразование глаголов в лакском языке","2009.0","Lak","Lak","Lak","Lak","https://search.rsl.ru/ru/record/01004357286","False","False","False","True"
"Shaumyan R.M.","Грамматический очерк агульского языка: с текстами и словарем","1941.0","Aghul","Aghul","Lezgic","Lezgic","","False","True","False","False"
"Shavkhelishvili B. and Vamling Karina","Язык и музыка (на материале цова-тушинского (бацбийского) языка и фольклора)","2010.0","Tsova-Tush","Tsova-Tush","Nakh","Nakh","","False","False","True","False"
"Shavkhelishvili B. and Vamling Karina","Дополнительные конструкции: на материале цова-тушинского (бацбийского) языка","2012.0","Tsova-Tush","Tsova-Tush","Nakh","Nakh","","False","False","True","False"
"Shavkhelishvili B.A.","Термины родства в нахских языках","1978.0","Chechen, Ingush, Tsova-Tush","Chechen, Ingush, Tsova-Tush","Nakh","Nakh","https://search.rsl.ru/ru/record/01009453849","False","False","False","True"
"Shavkhelishvili B.A.","Язык. Мышление. Этнос: лингвистические изыскания","2012.0","Tsova-Tush","Tsova-Tush","Nakh","Nakh","https://search.rsl.ru/ru/record/01006570805","False","False","False","True"
"Shejkhov E.M.","Лексико-грамматические классы глаголов в лезгинском языке","1983.0","Lezgian","Lezgian","Lezgic","Lezgic","https://search.rsl.ru/ru/record/01008775433","False","False","False","True"
"Shejkhov E.M.","Система послелогов в будухском языке","1983.0","Budukh","Budukh","Lezgic","Lezgic","","True","False","False","False"
"Shejkhov E.M.","Сравнительная типология лезгинского и русского языков","1994.0","Lezgian","Lezgian","Lezgic","Lezgic","https://search.rsl.ru/ru/record/01000172075","False","False","False","True"
"Shejkhov E.M.","Сопоставительная грамматика лезгинского и русского языков. Морфология. Синтаксис","2004.0","Lezgian","Lezgian","Lezgic","Lezgic","https://search.rsl.ru/ru/record/01002508612","False","False","False","True"
"Shejkhova R.O.","Соматические фразеологические единицы с компонентами ""голова"" и ""сердце"" аварского языка в сопоставлении с русским: На материале бухнадинского говора анцухского диалекта","2004.0","Avar","Avar","Avar-Andic","Avar-Andic","https://search.rsl.ru/ru/record/01002738009","False","False","False","True"
"Shejkhova R.O.","Диалектные особенности соматических фразеологических единиц с компонентами ""голова"" и ""сердце"" в бухнадинском говоре анцухского диалекта аварского языка","2011.0","Avar","Avar","Avar-Andic","Avar-Andic","https://search.rsl.ru/ru/record/01005444151","False","False","False","True"
"Shejman M.M.","Словарь Даля в расшифровке Шеймана-Исмаилова в чеченском толковании","2021.0","Chechen","Chechen","Nakh","Nakh","https://search.rsl.ru/ru/record/01010598444","False","False","False","True"
"Shejman M.M.","Тайна имени","2021.0","Chechen","Chechen","Nakh","Nakh","https://search.rsl.ru/ru/record/01010730390","False","False","False","True"
"Sherifova E.M.","Валентностные характеристики глаголов движения в лезгинском и английском языках","2009.0","Lezgian","Lezgian","Lezgic","Lezgic","https://search.rsl.ru/ru/record/01004320926","False","False","False","True"
"Shikhalieva S.Kh.","Категория настоящего времени в табасаранском языке","1993.0","Tabasaran","Tabasaran","Lezgic","Lezgic","","False","False","True","False"
"Shikhalieva S.Kh.","Об образовании причастных форм в табасаранском языке","1994.0","Tabasaran","Tabasaran","Lezgic","Lezgic","","False","False","True","False"
"Shikhalieva S.Kh.","Некоторые вопросы глагола в табасаранском языке","1995.0","Tabasaran","Tabasaran","Lezgic","Lezgic","","False","False","True","False"
"Shikhalieva S.Kh.","Категория вида и времени в табасаранском языке","1996.0","Tabasaran","Tabasaran","Lezgic","Lezgic","https://search.rsl.ru/ru/record/01000160002","False","False","True","True"
"Shikhalieva S.Kh.","Категория глагольного вида и аспектуальность в табасаранском языке","1997.0","Tabasaran","Tabasaran","Lezgic","Lezgic","","False","False","True","False"
"Shikhalieva S.Kh.","Об образовании деепричастий в табасаранском языке","1997.0","Tabasaran","Tabasaran","Lezgic","Lezgic","","False","False","True","False"
"Shikhalieva S.Kh.","Аспект как морфонологическая закономерность табасаранского языка","1998.0","Tabasaran","Tabasaran","Lezgic","Lezgic","","False","False","True","False"
"Shikhalieva S.Kh.","О дифференциальных свойствах аспектуального экспонента-Р-в системе глагола (на материале табасаранского, агульского, рутульского, цахурского языков)","1998.0","Aghul, Tabasaran, Rutul, Tsakhur","Aghul, Rutul, Tabasaran, Tsakhur","Lezgic","Lezgic","","False","False","True","False"
"Shikhalieva S.Kh.","Об особенностях учета вида в табасаранском языке","1998.0","Tabasaran","Tabasaran","Lezgic","Lezgic","","False","False","True","False"
"Shikhalieva S.Kh.","Лексико-семантическое и грамматическое в реконструктурных языках (типологический анализ русского и табасаранских языков)","1999.0","Tabasaran","Tabasaran","Lezgic","Lezgic","","False","False","True","False"
"Shikhalieva S.Kh.","Об одной темпоральной особенности глагола табасаранского языка","1999.0","Tabasaran","Tabasaran","Lezgic","Lezgic","","False","False","True","False"
"Shikhalieva S.Kh.","Принципы лингводидактического обучения видо-временных форм табасаранского языка в системе основных требований образовательного процесса","1999.0","Tabasaran","Tabasaran","Lezgic","Lezgic","","False","False","True","False"
"Shikhalieva S.Kh.","Таксисная семантика в системе глагола табасаранского языка","1999.0","Tabasaran","Tabasaran","Lezgic","Lezgic","","False","False","True","False"
"Shikhalieva S.Kh.","Условное наклонение в табасаранском языке","1999.0","Tabasaran","Tabasaran","Lezgic","Lezgic","","False","False","True","False"
"Shikhalieva S.Kh.","К вопросу о категории наклонения в табасаранском языке","2000.0","Tabasaran","Tabasaran","Lezgic","Lezgic","","False","False","True","False"
"Shikhalieva S.Kh.","Способы выражения модальных значений в табасаранском языке","2000.0","Tabasaran","Tabasaran","Lezgic","Lezgic","","False","False","True","False"
"Shikhalieva S.Kh.","Активная и пассивная каузация табасаранского языка","2001.0","Tabasaran","Tabasaran","Lezgic","Lezgic","","False","False","True","False"
"Shikhalieva S.Kh.","Инфинитные конструкции темпоральной семантики табасаранского языка","2001.0","Tabasaran","Tabasaran","Lezgic","Lezgic","","False","False","True","False"
"Shikhalieva S.Kh.","К вопросу о залоговой дифференциации в табасаранском языке","2001.0","Tabasaran","Tabasaran","Lezgic","Lezgic","","False","False","True","False"
"Shikhalieva S.Kh.","Морфологическое выражение относительного времени в табасаранском языке","2001.0","Tabasaran","Tabasaran","Lezgic","Lezgic","","False","False","True","False"
"Shikhalieva S.Kh.","Семантика выражения отрицания в табасаранском языке","2001.0","Tabasaran","Tabasaran","Lezgic","Lezgic","","False","False","True","False"
"Shikhalieva S.Kh.","Система рефлексивных конструкций в табасаранском языке","2001.0","Tabasaran","Tabasaran","Lezgic","Lezgic","","False","False","True","False"
"Shikhalieva S.Kh.","Сравнительно-типологический анализ грамматических категорий глагола русского и табасаранского языков","2001.0","Tabasaran","Tabasaran","Lezgic","Lezgic","","False","False","True","False"
"Shikhalieva S.Kh.","Модальные предложения в табасаранском языке","2002.0","Tabasaran","Tabasaran","Lezgic","Lezgic","","False","False","True","False"
"Shikhalieva S.Kh.","Характеристика глагольных фразеологических единиц табасаранского языка","2002.0","Tabasaran","Tabasaran","Lezgic","Lezgic","","False","False","True","False"
"Shikhalieva S.Kh.","Глагольное словообразование в табасаранском языке","2003.0","Tabasaran","Tabasaran","Lezgic","Lezgic","","False","False","True","False"
"Shikhalieva S.Kh.","Масдар в табасаранском языке","2003.0","Tabasaran","Tabasaran","Lezgic","Lezgic","","False","False","True","False"
"Shikhalieva S.Kh.","Грамматические категории глагола табасаранского языка","2004.0","Tabasaran","Tabasaran","Lezgic","Lezgic","https://search.rsl.ru/ru/record/01002587495","False","False","True","True"
"Shikhalieva S.Kh.","Глагол табасаранского языка","2005.0","Tabasaran","Tabasaran","Lezgic","Lezgic","https://search.rsl.ru/ru/record/01002937827","False","False","True","True"
"Shikhalieva S.Kh.","Грамматические значения и способы их выражения в глагольных формах русского и табасаранского языков","2005.0","Tabasaran","Tabasaran","Lezgic","Lezgic","","False","False","True","False"
"Shikhalieva S.Kh.","Семантика дейктических местоимений в табасаранском языке","2005.0","Tabasaran","Tabasaran","Lezgic","Lezgic","","False","False","True","False"
"Shikhalieva S.Kh.","Семантика таксисных конвербов и способы их реализации в табасаранском языке","2006.0","Tabasaran","Tabasaran","Lezgic","Lezgic","","False","False","True","False"
"Shikhalieva S.Kh.","Статус русского языка в системе активизации некоторых лексико-грамматических процессов табасаранского литературного языка (на материале вербальных лексем)","2006.0","Tabasaran","Tabasaran","Lezgic","Lezgic","","False","False","True","False"
"Shikhalieva S.Kh.","Граммемы категории локализации в восточнолезгинских языках","2007.0","Lezgian","Lezgian","Lezgic","Lezgic","","False","False","True","False"
"Shikhalieva S.Kh.","Концепция аспекта в восточнолезгинских языках","2008.0","Lezgian","Lezgian","Lezgic","Lezgic","","False","False","True","False"
"Shikhalieva S.Kh.","Средства выражения семантики локализации в восточнолезгинских языках","2008.0","Lezgian","Lezgian","Lezgic","Lezgic","","False","False","True","False"
"Shikhalieva S.Kh.","Структурно-грамматическая характеристика именных словосочетаний табасаранского языка","2008.0","Tabasaran","Tabasaran","Lezgic","Lezgic","","False","False","True","False"
"Shikhalieva S.Kh.","Дистрибуция гласных в корневых морфемах табасаранского языка","2010.0","Tabasaran","Tabasaran","Lezgic","Lezgic","","False","False","True","False"
"Shikhalieva S.Kh.","Лексический потенциал табасаранского языка в христианском дискурсе","2010.0","Tabasaran","Tabasaran","Lezgic","Lezgic","","False","False","True","False"
"Shikhalieva S.Kh.","Перевод Нового Завета и развитие табасаранского литературного языка","2010.0","Tabasaran","Tabasaran","Lezgic","Lezgic","","False","False","True","False"
"Shikhalieva S.Kh.","Словосочетания в табасаранском языке","2010.0","Tabasaran","Tabasaran","Lezgic","Lezgic","","False","False","True","False"
"Shikhalieva S.Kh.","Табасаранско-цахурские фонетические параллели","2010.0","Tabasaran, Tsakhur","Tabasaran, Tsakhur","Lezgic","Lezgic","","False","False","True","False"
"Shikhalieva S.Kh.","Прагматический анализ референциальных элементов в конструкциях с сентенциальными актантами дагестанских языках (на материале лезгинского, табасаранского, агульского, рутульского и цахурского языков)","2012.0","Lezgian, Aghul, Tabasaran, Rutul, Tsakhur","Aghul, Lezgian, Rutul, Tabasaran, Tsakhur","Lezgic","Lezgic","","False","False","True","False"
"Shikhalieva S.Kh.","О сферах функционирования дагестанских литературных языков","2013.0","Avar, Northern Dargwa, Lak, Lezgian, Tabasaran","Avar, Dargwa, Lak, Lezgian, Tabasaran","Avar-Andic, Dargwic, Lak, Lezgic","Avar-Andic, Dargwic, Lak, Lezgic","","False","False","True","False"
"Shikhalieva S.Kh.","ТИПОЛОГИЧЕСКИ НЕТРИВИАЛЬНЫЕ СВОЙСТВА ТАБАСАРАНСКОГО КАУЗАТИВА В КОГНИТИВНОКОММУНИКАТИВНОМ АСПЕКТЕ","2013.0","Tabasaran","Tabasaran","Lezgic","Lezgic","","False","False","True","False"
"Shikhalieva S.Kh.","АНАЛИТИЧЕСКИЕ КОНСТРУКЦИИ В ВОСТОЧНОЛЕЗГИНСКИХ ЯЗЫКАХ: ТИПОЛОГИЧЕСКИЙ АСПЕКТ","2014.0","Lezgian","Lezgian","Lezgic","Lezgic","","False","False","True","False"
"Shikhalieva S.Kh.","Лексические миниатюры в свете этногенеза восточнокавказских народов","2014.0","Aghul, Archi, Lezgian, Rutul, Tabasaran, Tsakhur","Aghul, Archi, Lezgian, Rutul, Tabasaran, Tsakhur","Lezgic","Lezgic","","False","False","True","False"
"Shikhalieva S.Kh.","Соматизмы и их географические аналоги в языках лезгинской подгруппы","2014.0","Lezgian","Lezgian","Lezgic","Lezgic","","False","False","True","False"
"Shikhalieva S.Kh.","Тюркские топонимические древности горного Дагестана (к проблеме межъязыковых лексико-семантических схождений)","2014.0","Aghul, Archi, Budukh, Lezgian, Rutul, Tabasaran, Khinalug, Tsakhur","Aghul, Archi, Budukh, Khinalug, Lezgian, Rutul, Tabasaran, Tsakhur","Khinalug, Lezgic","Khinalug, Lezgic","","False","False","True","False"
"Shikhalieva S.Kh.","Словарь паронимов табасаранского языка в междисциплинарном нотировании","2017.0","Tabasaran","Tabasaran","Lezgic","Lezgic","","False","False","True","False"
"Shikhalieva S.Kh.","Табасаранский язык: история и письменность","2017.0","Tabasaran","Tabasaran","Lezgic","Lezgic","","False","False","True","False"
"Shikhalieva S.Kh.","Некоторые вопросы лингвистической терминологии в табасаранском языке","2018.0","Tabasaran","Tabasaran","Lezgic","Lezgic","","False","False","True","False"
"Shikhalieva S.Kh.","Языковое разнообразие в интерпретации устного описательного дискурса (к вопросу о тюркскодагестанских языковых контактах)","2018.0","Chechen, Avar, Northern Dargwa, Lezgian, Lak, Tabasaran","Avar, Chechen, Dargwa, Lak, Lezgian, Tabasaran","Avar-Andic, Dargwic, Lak, Lezgic, Nakh","Avar-Andic, Dargwic, Lak, Lezgic, Nakh","","False","False","True","False"
"Shikhalieva S.Kh.","Стратификация комонимической лексики хивского говора табасаранского языка","2019.0","Tabasaran","Tabasaran","Lezgic","Lezgic","","False","False","True","False"
"Shikhalieva S.Kh.","ИСТОРИЯ РАЗВИТИЯ ЛЕКСИКИ И АНТРОПОНИМИКИ В СВЕТЕ КОРПУСНО-СТАТИСТИЧЕСКОГО ИССЛЕДОВАНИЯ ТАБАСАРАНСКОГО ЯЗЫКА","2020.0","Tabasaran","Tabasaran","Lezgic","Lezgic","","False","False","True","False"
"Shikhalieva S.Kh.","КРЫЗСКИЕ ЭТЮДЫ: КРИТЕРИИ НАПОЛНЕНИЯ ОНОМАСТИЧЕСКИХ ДАННЫХ ПО ЛЕЗГИНСКИМ ЯЗЫКАМ","2020.0","Lezgian, Kryz","Kryz, Lezgian","Lezgic","Lezgic","","False","False","True","False"
"Shikhalieva S.Kh.","МЕТОД ВЫВЕДЕНИЯ КОМПОНЕНТОВ МЕТАФОРЫ В ПАРАДИГМЕ «ТЕМАТИЧЕСКИЕ ЕДИНСТВА» И «ТЕМАТИЧЕСКИЕ РАЗРЫВЫ»(НА МАТЕРИАЛЕ РУССКОГО И ТАБАСАРАНСКОГО ЯЗЫКОВ)","2020.0","Tabasaran","Tabasaran","Lezgic","Lezgic","","False","False","True","False"
"Shikhalieva S.Kh.","ИНСТРУМЕНТ ОНЛАЙН СЛОВАРЯ И ЭТАПЫ ПОДГОТОВКИ ДВУЯЗЫЧНЫХ ПЕРЕВОДНЫХ СЛОВАРЕЙ (НА МАТЕРИАЛЕ РУТУЛЬСКО-РУССКОГО ИНТЕРНЕТ-СЛОВАРЯ)","2021.0","Rutul","Rutul","Lezgic","Lezgic","","False","False","True","False"
"Shikhalieva S.Kh.","КОРПУС ТЕКСТОВ ТАБАСАРАНСКОГО ЯЗЫКА 1895 ГОДА: О ДИАЛЕКТНЫХ РАЗМЕТКАХ Р. ЭРКЕРТА","2021.0","Tabasaran","Tabasaran","Lezgic","Lezgic","","False","False","True","False"
"Shikhalieva S.Kh. and Yusufova Sh.A.","Словарь синонимов ""комоним| урбаноним"" в корпусе языка (на материале полевого исследования маркеров табасаранского языка)","2018.0","Tabasaran","Tabasaran","Lezgic","Lezgic","","False","False","True","False"
"Shikhalieva S.Kh. and Yusufova Sh.A.","Стилистическая маркированность лексем и интерпретация текстов русского и табасаранского языка (на материале частного документа компьютерной программы Паратекст 8)","2018.0","Tabasaran","Tabasaran","Lezgic","Lezgic","","False","False","True","False"
"Shikhalieva S.Kh. And Zagirova Z.Z.","Деепричастные конструкции в табасаранском языке","2005.0","Tabasaran","Tabasaran","Lezgic","Lezgic","","False","False","True","False"
"Shingarova S.D.","Интенционально-иллокутивный аспект эмоционально-оценочной лексики в лезгинском и русском языках","2018.0","Lezgian","Lezgian","Lezgic","Lezgic","https://search.rsl.ru/ru/record/01009801993","False","False","False","True"
"Shirinova N.K.","Лексика будухского языка","1996.0","Budukh","Budukh","Lezgic","Lezgic","https://search.rsl.ru/ru/record/01000169650","False","False","False","True"
"Shovkhalov S.-S.E.","Нохчийн хандешан саттамаш","2022.0","Chechen","Chechen","Nakh","Nakh","https://search.rsl.ru/ru/record/01011489497","False","False","False","True"
"Shtanchaev Sh.M.","Определение и способы его выражения в лакском языке","2001.0","Lak","Lak","Lak","Lak","https://search.rsl.ru/ru/record/01002296054","False","False","False","True"
"Sigauri I.M.","Исконная лексика чеченского языка","2011.0","Chechen","Chechen","Nakh","Nakh","https://search.rsl.ru/ru/record/01004938285","False","False","False","True"
"Sikharulidze T.T.","Склонение имен существительных в удийском языке","1988.0","Udi","Udi","Lezgic","Lezgic","https://search.rsl.ru/ru/record/01008515781","False","False","False","True"
"Sirazhudinov R.M.","Сравнительный анализ имен прилагательных в аваро-андийских языках","2006.0","Avar, Upper Andi, Lower Andi, Godoberi, Karata, Chamalal","Andi, Avar, Chamalal, Godoberi, Karata","Avar-Andic","Avar-Andic","https://search.rsl.ru/ru/record/01003012786","False","False","False","True"
"Sirazhudinov R.M.","Русско-аварский тематический словарь в картинках","2021.0","Avar","Avar","Avar-Andic","Avar-Andic","https://search.rsl.ru/ru/record/01011114214","False","False","False","True"
"Sosenskaya T.B.","Послелог","1999.0","Tsakhur","Tsakhur","Lezgic","Lezgic","","True","False","False","False"
"Sosenskaya T.B.","Сравнительные конструкции","1999.0","Tsakhur","Tsakhur","Lezgic","Lezgic","","True","False","False","False"
"Sosenskaya T.B.","Числительное","1999.0","Tsakhur","Tsakhur","Lezgic","Lezgic","","True","False","False","False"
"Sosenskaya T.B.","Наречие и послелог","2001.0","Bagvalal","Bagvalal","Avar-Andic","Avar-Andic","","True","False","False","False"
"Sosenskaya T.B.","Послеложная группа","2001.0","Bagvalal","Bagvalal","Avar-Andic","Avar-Andic","","True","False","False","False"
"Sosenskaya T.B. and Tatevosov S.G.","Comparative construction","1996.0","Godoberi","Godoberi","Avar-Andic","Avar-Andic","","True","False","False","False"
"Sotatova A.A.","Словообразовательные гнезда от имен существительных в аварском языке","2007.0","Avar","Avar","Avar-Andic","Avar-Andic","https://search.rsl.ru/ru/record/01004307406","False","False","False","True"
"Stoyanova N.I.","Лексико-семантическое и фонетико-морфологическое освоение арабизмов в даргинском языке","2004.0","Northern Dargwa","Dargwa","Dargwic","Dargwic","https://search.rsl.ru/ru/record/01003298803","False","False","False","True"
"Stoyanova N.I.","Арабизмы в даргинском языке","2015.0","Northern Dargwa","Dargwa","Dargwic","Dargwic","https://search.rsl.ru/ru/record/01008256373","False","False","False","True"
"Sulajbanov G.R. and Sumbatova N.R.","Об одном типологическом раритете: каузатив в цугнинском диалекте даргинского языка.","2022.0","Southwestern Dargwa","Dargwa","Dargwic","Dargwic","","True","False","False","False"
"Sulejbanova M.U.","Сложное имя существительное в чеченском и русском языках","1989.0","Chechen","Chechen","Nakh","Nakh","https://search.rsl.ru/ru/record/01008263130","False","False","False","True"
"Sulejbanova M.U.","Именные композиты в нахских и иноструктурных языках","2008.0","Chechen, Ingush, Tsova-Tush","Chechen, Ingush, Tsova-Tush","Nakh","Nakh","https://search.rsl.ru/ru/record/01004320923","False","False","False","True"
"Sulejbanova M.U.","Композитное словообразование в нахских языках","2009.0","Chechen, Ingush, Tsova-Tush","Chechen, Ingush, Tsova-Tush","Nakh","Nakh","https://search.rsl.ru/ru/record/01004859764","False","False","False","True"
"Sulejbanova M.U.","Типологическая характеристика композитов нахских языков","2010.0","Chechen, Ingush, Tsova-Tush","Chechen, Ingush, Tsova-Tush","Nakh","Nakh","https://search.rsl.ru/ru/record/01004873328","False","False","False","True"
"Sulejmanov A.A.","Морфологические категории и словообразование имени существительного в даргинском языке","1975.0","Northern Dargwa","Dargwa","Dargwic","Dargwic","https://search.rsl.ru/ru/record/01009622566","False","False","False","True"
"Sulejmanov A.S.","Топонимия Чечни: На чечен. и рус. яз.","1997.0","Chechen","Chechen","Nakh","Nakh","https://search.rsl.ru/ru/record/01000564104","False","False","False","True"
"Sulejmanov A.S.","Топонимия Чечни","2006.0","Chechen, Ingush","Chechen, Ingush","Nakh","Nakh","https://search.rsl.ru/ru/record/01002910021","False","False","False","True"
"Sulejmanov B.S.","Некоторые вопросы фонетики и морфологии даргинского литературного языка","1970.0","Northern Dargwa","Dargwa","Dargwic","Dargwic","https://search.rsl.ru/ru/record/01010060307","False","False","False","True"
"Sulejmanov N.Dzh.","Глагольная фразеология агульского языка","1985.0","Aghul","Aghul","Lezgic","Lezgic","https://search.rsl.ru/ru/record/01008699647","False","False","False","True"
"Sulejmanov N.Dzh.","Сравнительно-историческое исследование диалектов агульского языка","1993.0","Aghul","Aghul","Lezgic","Lezgic","https://search.rsl.ru/ru/record/01000146891","True","True","False","True"
"Sulejmanov N.Dzh.","Агульский язык","2000.0","Aghul","Aghul","Lezgic","Lezgic","","False","True","False","False"
"Sulejmanov N.Dzh.","Андийский язык","2000.0","Upper Andi","Andi","Avar-Andic","Avar-Andic","","False","True","False","False"
"Sulejmanov N.Dzh.","Ахвахский язык","2000.0","Northern Akhvakh","Akhvakh","Avar-Andic","Avar-Andic","","False","True","False","False"
"Sulejmanov N.Dzh.","Табасаранский язык","2000.0","Tabasaran","Tabasaran","Lezgic","Lezgic","","False","True","False","False"
"Sulejmanov N.Dzh.","Чамалинский язык","2000.0","Chamalal","Chamalal","Avar-Andic","Avar-Andic","","False","True","False","False"
"Sulejmanov N.Dzh.","Агульско-русский (диалектологический) словарь","2003.0","Aghul","Aghul","Lezgic","Lezgic","","True","True","False","False"
"Sulejmanov Y.G.","Грамматический очерк андийского языка (по данным говора с. Риквани)","1957.0","Upper Andi","Andi","Avar-Andic","Avar-Andic","","True","True","False","False"
"Sulejmanova D.I.","Названия животных в ботлихском языке","2013.0","Botlikh","Botlikh","Avar-Andic","Avar-Andic","","True","False","False","False"
"Sulejmanova D.I.","Отраслевая лексика ботлихского языка","2013.0","Botlikh","Botlikh","Avar-Andic","Avar-Andic","https://search.rsl.ru/ru/record/01006742481","False","False","False","True"
"Sulejmanova F.N.","Средства художественного стиля лезгинского и русского языков: на материале переводных текстов","2012.0","Lezgian","Lezgian","Lezgic","Lezgic","https://search.rsl.ru/ru/record/01005509074","False","False","False","True"
"Sulejmanova L.A. and Shikhalieva S.Kh.","Особенности грамматической семантики времени в русском и табасаранском языках","2003.0","Tabasaran","Tabasaran","Lezgic","Lezgic","","False","False","True","False"
"Sulejmanova P.A.","Глагольные словосочетания пространственного значения с зависимым именем в родительном и винительном падежах и их соответствия в лакском языке","1969.0","Lak","Lak","Lak","Lak","https://search.rsl.ru/ru/record/01010221677","False","False","False","True"
"Sulejmanova P.A.","Синтаксис глагольных словосочетаний в лакском литературном языке","1991.0","Lak","Lak","Lak","Lak","https://search.rsl.ru/ru/record/01008042240","False","False","False","True"
"Sulejmanova R.R.","Синтаксис простого предложения в агульском языке в сопоставлении с французским","2011.0","Aghul","Aghul","Lezgic","Lezgic","https://search.rsl.ru/ru/record/01004913661","False","False","False","True"
"Sulejmanova S.K.","Словосочетания в аварском языке","1990.0","Avar","Avar","Avar-Andic","Avar-Andic","https://search.rsl.ru/ru/record/01004024163","False","False","False","True"
"Sulejmanova T.A.","Сравнительно-сопоставительный анализ имени числительного в рутульском и английском языках","2009.0","Rutul","Rutul","Lezgic","Lezgic","https://search.rsl.ru/ru/record/01004394166","False","False","False","True"
"Sulejmanova T.A.","Имя числительное в рутульском и английском языках: (типологический анализ)","2023.0","Rutul","Rutul","Lezgic","Lezgic","https://search.rsl.ru/ru/record/01012296280","False","False","False","True"
"Sulejmanova Z.I.","Структура предложений косвенной речи в современном русском литературном языке и некоторые соответствия этой конструкции в лакском языке","1972.0","Lak","Lak","Lak","Lak","https://search.rsl.ru/ru/record/01009859595","False","False","False","True"
"Sultalieva Z.M.","Фонетико-морфологические и лексические особенности хлютского говора лезгинского языка","2011.0","Lezgian","Lezgian","Lezgic","Lezgic","","True","False","False","False"
"Sultanaeva K.A.","Словообразование в рутульском языке","2004.0","Rutul","Rutul","Lezgic","Lezgic","https://search.rsl.ru/ru/record/01002737816","False","False","False","True"
"Sultanbegova Sh.M.","Фонетические и морфологические особенности тлайлухского говора аварского языка","2005.0","Avar","Avar","Avar-Andic","Avar-Andic","https://search.rsl.ru/ru/record/01002771482","False","False","False","True"
"Sultanmuradova N.E.","Зарождение и пути развития лингвистической терминологии в лезгинском языке","2007.0","Lezgian","Lezgian","Lezgic","Lezgic","https://search.rsl.ru/ru/record/01003368323","False","False","False","True"
"Sultanova A.S.","Структура глагола в рутульском и лезгинском языках: на материале ихрекского диалекта","2010.0","Lezgian, Rutul","Lezgian, Rutul","Lezgic","Lezgic","https://search.rsl.ru/ru/record/01004895302","False","False","False","True"
"Sultanova A.V.","Аффиксальное и морфолого-синтаксическое словообразование в лезгинском и английском языках","2016.0","Lezgian","Lezgian","Lezgic","Lezgic","https://search.rsl.ru/ru/record/01008480484","False","False","False","True"
"Sultanova I.A.","Способы выражения причинных и целевых отношений в лезгинском языке: в сопоставлении с английским","2007.0","Lezgian","Lezgian","Lezgic","Lezgic","https://search.rsl.ru/ru/record/01003062526","False","False","False","True"
"Sultygova M.M.","Животноводческая лексика ингушского языка","2002.0","Ingush","Ingush","Nakh","Nakh","https://search.rsl.ru/ru/record/01002325520","False","False","False","True"
"Sultygova M.M.","Актуальные вопросы отраслевой терминологии ингушского языка: (на материале животноводческой лексики)","2007.0","Ingush","Ingush","Nakh","Nakh","","False","True","False","False"
"Sultygova M.M.","Сельскохозяйственная лексика ингушского языка","2017.0","Ingush","Ingush","Nakh","Nakh","https://search.rsl.ru/ru/record/01009571819","False","False","False","True"
"Sumbatova N.R.","Типологическое и диахроническое исследование морфосинтаксиса: на примере языков даргинской группы","2013.0","Southwestern Dargwa","Dargwa","Dargwic","Dargwic","https://search.rsl.ru/ru/record/01006737259","False","True","False","True"
"Sumbatova N.R.","Two types of copulas in Dargwa: functions and syntax","2014.0","Northern Dargwa","Dargwa","Dargwic","Dargwic","","False","True","False","False"
"Sumbatova N.R.","Даргинский говор селения Танты: грамматический очерк. Вопросы синтаксиса","2014.0","Southwestern Dargwa","Dargwa","Dargwic","Dargwic","https://search.rsl.ru/ru/record/01007879011","True","True","False","True"
"Sumbatova N.R.","Dargwa","2020.0","Southwestern Dargwa","Dargwa","Dargwic","Dargwic","","False","True","False","False"
"Surkhaeva S.A.","Служебные части речи в аварском языке","2007.0","Avar","Avar","Avar-Andic","Avar-Andic","https://search.rsl.ru/ru/record/01003316856","False","False","False","True"
"Sutaeva R.I.","Лингвокультурологический анализ концепта ""время"": на материале аварского и русского языков","2007.0","Avar","Avar","Avar-Andic","Avar-Andic","https://search.rsl.ru/ru/record/01003394538","False","False","False","True"
"Tadzhibova R.R.","Контрастивный анализ моделей словосложения в английском и лезгинском языках: автореферат","2001.0","Lezgian","Lezgian","Lezgic","Lezgic","https://search.rsl.ru/ru/record/01000330280","False","False","False","True"
"Tadzhibova Z.T.","Антропоцентризм в идиоматической картине мира лезгинского, русского, английского и немецкого языков","2011.0","Lezgian","Lezgian","Lezgic","Lezgic","https://search.rsl.ru/ru/record/01005410599","False","False","False","True"
"Tagirova T.L.","Сложные глаголы в словообразовательных гнездах лезгинского языка","2008.0","Lezgian","Lezgian","Lezgic","Lezgic","https://search.rsl.ru/ru/record/01004077404","False","False","False","True"
"Tagirova Z.M.","Гергебильский говор аварского языка","2003.0","Avar","Avar","Avar-Andic","Avar-Andic","https://search.rsl.ru/ru/record/01003298512","True","False","False","True"
"Taibov Ya.G.","Занимательный лезгинский язык","2024.0","Lezgian","Lezgian","Lezgic","Lezgic","https://search.rsl.ru/ru/record/01013179602","False","False","False","True"
"Taibov Ya.G.","Занимательный мир аварского языка","2024.0","Avar","Avar","Avar-Andic","Avar-Andic","https://search.rsl.ru/ru/record/01013402816","False","False","False","True"
"Taibov Ya.G.","Путешествие в мир лакского языка","2025.0","Lak","Lak","Lak","Lak","https://search.rsl.ru/ru/record/01013648534","False","False","False","True"
"Taibova T.T.","Сравнительная структурно-грамматическая характеристика фразеологических единиц лезгинского и даргинского языков","2016.0","Northern Dargwa, Lezgian","Dargwa, Lezgian","Dargwic, Lezgic","Dargwic, Lezgic","https://search.rsl.ru/ru/record/01008577740","False","False","False","True"
"Tairova M.O.","Морфолого-синтаксическая характеристика падежей рутульского языка","1998.0","Rutul","Rutul","Lezgic","Lezgic","https://search.rsl.ru/ru/record/01000218408","False","False","False","True"
"Talibov B.B.","Консонантизм лезгинских языков","1979.0","Archi, Aghul, Lezgian, Tabasaran, Udi, Budukh, Kryz, Rutul, Tsakhur","Aghul, Archi, Budukh, Kryz, Lezgian, Rutul, Tabasaran, Tsakhur, Udi","Lezgic","Lezgic","https://search.rsl.ru/ru/record/01009370085","False","False","False","True"
"Talibov B.B.","Сравнительная фонетика лезгинских языков","1980.0","Lezgian","Lezgian","Lezgic","Lezgic","","False","True","False","False"
"Talibov B.B.","К вопросу об ограниченном числе в лезгинском языке","1985.0","Lezgian","Lezgian","Lezgic","Lezgic","","False","True","False","False"
"Talibov B.B.","Русско-лезгинский словарь (около 12 тысяч слов)","1992.0","Lezgian","Lezgian","Lezgic","Lezgic","","False","True","False","False"
"Talibov B.B.","Tsakhur","2004.0","Tsakhur","Tsakhur","Lezgic","Lezgic","","False","True","False","False"
"Talibov B.B.","Будухский язык","2007.0","Budukh","Budukh","Lezgic","Lezgic","https://search.rsl.ru/ru/record/01003327893","True","True","False","True"
"Tandashvili M.","Zum Dativ im Udischen (auf der Grundlage der udischen Evangelienübersetzung)","2003.0","Udi","Udi","Lezgic","Lezgic","","False","True","False","False"
"Tarieva L.U.","Этнолингвистические аспекты изучения структуры отраслевого словаря: На материале лексики швейного дела ингуш. яз.","1995.0","Ingush","Ingush","Nakh","Nakh","https://search.rsl.ru/ru/record/01000144807","False","False","False","True"
"Tarieva L.U.","Междометия в системе частей речи ингушского языка: (онтологическое и референциальное измерение)","2012.0","Ingush","Ingush","Nakh","Nakh","https://search.rsl.ru/ru/record/01006556058","False","False","False","True"
"Tarieva L.U.","Парадигма лица в языках эргативного строя","2017.0","Chechen, Ingush, Tsova-Tush","Chechen, Ingush, Tsova-Tush","Nakh","Nakh","https://search.rsl.ru/ru/record/01009410875","False","False","False","True"
"Tarieva L.U.","Речевые компоненты парадигмы лица в языках эргативного строя","2017.0","Chechen, Ingush, Tsova-Tush","Chechen, Ingush, Tsova-Tush","Nakh","Nakh","https://search.rsl.ru/ru/record/01009409993","False","False","False","True"
"Tarlanov Z.K.","К сравнительному изучению лексических подсистем: поисковая методика и ее перспективы к кавказоведении: доклад на научно-теоретическом семинаре","2013.0","Aghul","Aghul","Lezgic","Lezgic","https://search.rsl.ru/ru/record/01006579428","False","False","False","True"
"Tarlanov Z.K.","Проблемы общей грамматики и грамматики агульского языка","2013.0","Aghul","Aghul","Lezgic","Lezgic","https://search.rsl.ru/ru/record/01006606219","False","False","False","True"
"Tarlanova E.D.","Фонетика буркиханского диалекта агульского языка","2019.0","Aghul","Aghul","Lezgic","Lezgic","https://search.rsl.ru/ru/record/01010102844","False","False","False","True"
"Tarpanov Z.K.","Агулы: их язык и история","1994.0","Aghul","Aghul","Lezgic","Lezgic","","False","True","False","False"
"Tarpanov Z.K.","Проблемы общей грамматики и грамматика агульского языка","2013.0","Aghul","Aghul","Lezgic","Lezgic","","False","True","False","False"
"Tatevosov S.G.","Attributives","1996.0","Godoberi","Godoberi","Avar-Andic","Avar-Andic","","True","False","False","False"
"Tatevosov S.G.","Quantification","1996.0","Godoberi","Godoberi","Avar-Andic","Avar-Andic","","True","False","False","False"
"Tatevosov S.G.","Предельность и вид (об одном морфологическом явлении в багвалинском языке)","1998.0","Bagvalal","Bagvalal","Avar-Andic","Avar-Andic","","False","False","True","False"
"Tatevosov S.G.","Отрицательная полярность и прагматическая шкала: эмфатические глагольные формы в багвалинском языке","1999.0","Bagvalal","Bagvalal","Avar-Andic","Avar-Andic","","False","False","True","False"
"Tatevosov S.G.","From resultatives to evidentials: Multiple uses of the perfect in Nakh-Daghestanian languages","2001.0","Archi, Bagvalal, Sanzhi-Itsari","Archi, Bagvalal, Dargwa","Avar-Andic, Dargwic, Lezgic","Avar-Andic, Dargwic, Lezgic","","True","False","True","False"
"Tatevosov S.G.","Аналитические глагольные формы","2001.0","Bagvalal","Bagvalal","Avar-Andic","Avar-Andic","","True","False","False","False"
"Tatevosov S.G.","Годоберинский язык","2001.0","Godoberi","Godoberi","Avar-Andic","Avar-Andic","","False","False","True","False"
"Tatevosov S.G.","Числительное","2001.0","Bagvalal","Bagvalal","Avar-Andic","Avar-Andic","","True","False","False","False"
"Tatevosov S.G.","Эвиденциальность и адмиратив в багвалинском языке","2007.0","Bagvalal","Bagvalal","Avar-Andic","Avar-Andic","","True","False","True","False"
"Tatevosov S.G.","Detelicization and argument suppression: Evidence from Godoberi","2011.0","Godoberi","Godoberi","Avar-Andic","Avar-Andic","","False","False","True","False"
"Tchantouria R. and Vamling Karina","Sketch of the Grammar of Kubachi: The Simple Sentence","1991.0","Kubachi","Dargwa","Dargwic","Dargwic","","False","True","True","False"
"Temirbulatova S.M.","Хайдакский диалект даргинского языка","2006.0","Kajtak","Dargwa","Dargwic","Dargwic","https://search.rsl.ru/ru/record/01003319000","True","True","False","True"
"Temirbulatova S.M.","Библиография по даргинскому языку","2011.0","Northern Dargwa","Dargwa","Dargwic","Dargwic","https://search.rsl.ru/ru/record/01005397080","False","False","False","True"
"Temirbulatova S.M.","Отраслевая лексика даргинского языка","2012.0","Northern Dargwa","Dargwa","Dargwic","Dargwic","https://search.rsl.ru/ru/record/01005465808","False","False","False","True"
"Temirbulatova S.M.","Хайдакский (кайтагский) язык - диалект даргинского языка","2012.0","Kajtak","Dargwa","Dargwic","Dargwic","https://search.rsl.ru/ru/record/01005464137","False","False","False","True"
"Temirbulatova S.M.","Диалектологический словарь даргинского языка","2022.0","Kubachi, Northern Dargwa, Tsudaqar, Usisha-Butri, Hapshima, Muira, Mehweb, Kajtak, Southwestern Dargwa","Dargwa","Dargwic","Dargwic","https://search.rsl.ru/ru/record/01011168388","False","False","False","True"
"Temirbulatova S.M. and Vagizieva N.A.","Тюркизмы в кадарском диалекте даргинского языка","2016.0","Northern Dargwa","Dargwa","Dargwic","Dargwic","","False","False","True","False"
"Temirbulatova S.M. and Vagizieva N.A.","ИМЯ ПРИЛАГАТЕЛЬНОЕ В МОРФОЛОГИЧЕСКОЙ СИСТЕМЕ ДИАЛЕКТОВ ДАРГИНСКОГО ЯЗЫКА","2021.0","Northern Dargwa, Kajtak","Dargwa","Dargwic","Dargwic","","False","False","True","False"
"Temirbulatova S.M. and Vagizieva N.A.","Морфологические средства выражения категории числа имен прилагательных в даргинском языке (на материале кадарского, хайдакского и цудахарского диалектов)","2025.0","Northern Dargwa, Kajtak, Tsudaqar","Dargwa","Dargwic","Dargwic","","False","False","True","False"
"Testelets Ya.G.","Именные локативные формы в дагестанских языках","1980.0","Aghul, Northern Akhvakh, Upper Andi, Archi, Avar, Bagvalal, Bezhta, Budukh, Chamalal, Sanzhi-Itsari, Godoberi, Hinuq, Hunzib, Karata, Khinalug, Khwarshi, Kryz, Lak, Lezgian, Rutul, Tabasaran, Tsakhur, Tsez, Udi","Aghul, Akhvakh, Andi, Archi, Avar, Bagvalal, Bezhta, Budukh, Chamalal, Dargwa, Godoberi, Hinuq, Hunzib, Karata, Khinalug, Khwarshi, Kryz, Lak, Lezgian, Rutul, Tabasaran, Tsakhur, Tsez, Udi","Avar-Andic, Dargwic, Khinalug, Lak, Lezgic, Tsezic","Avar-Andic, Dargwic, Khinalug, Lak, Lezgic, Tsezic","","True","False","False","False"
"Timaev A.D.","Шатойский говор горного диалекта чеченского языка в сравнении с плоскостным диалектом и итумкалинским говором","1966.0","Chechen","Chechen","Nakh","Nakh","https://search.rsl.ru/ru/record/01004052502","False","False","False","True"
"Timaev A.D.","ХIинцалера нохчийн мотт. Лексикологи. Фонетика. Морфологи","2011.0","Chechen","Chechen","Nakh","Nakh","https://search.rsl.ru/ru/record/01004955277","False","False","False","True"
"Tokaeva A.S.","Каузатив и декаузатив в чеченском языке","2010.0","Chechen","Chechen","Nakh","Nakh","https://search.rsl.ru/ru/record/01004903829","False","False","False","True"
"Tokaeva A.S.","Деривационные глагольные категории в чеченском языке (каузатив и декаузатив)","2013.0","Chechen","Chechen","Nakh","Nakh","https://search.rsl.ru/ru/record/01006597413","False","False","False","True"
"Toldova S.Yu.","Reflexivization","1996.0","Godoberi","Godoberi","Avar-Andic","Avar-Andic","","True","False","False","False"
"Toldova S.Yu. And Vagizieva N.A.","Глаголы со значением изменения/мены в кадарском и в литературном даргинском","2023.0","Northern Dargwa","Dargwa","Dargwic","Dargwic","","False","False","True","False"
"Tsertsvadze I.I.","Андийский язык: грамматический анализ с текстами","1965.0","Upper Andi, Lower Andi","Andi","Avar-Andic","Avar-Andic","https://search.rsl.ru/ru/record/01010420249","True","True","False","True"
"Tsertsvadze I.I.","Андийский язык","1967.0","Upper Andi","Andi","Avar-Andic","Avar-Andic","","False","True","False","False"
"Tsuroeva Z.S.","Фонетические, лексико-словообразовательные и грамматические особенности ингушского литературного языка в сравнении с другими нахскими языками","2006.0","Ingush","Ingush","Nakh","Nakh","https://search.rsl.ru/ru/record/01003304887","False","False","False","True"
"Tupchieva N.M.","Антонимия в современном лакском языке","2006.0","Lak","Lak","Lak","Lak","https://search.rsl.ru/ru/record/01003318203","False","False","False","True"
"Umadkereeva Ya.Zh.","Фонологическая система гласных чеченского литературного языка: В сопоставлении с немецким","1993.0","Chechen","Chechen","Nakh","Nakh","https://search.rsl.ru/ru/record/01002183997","False","False","False","True"
"Umargadzhieva A.G.","Фитонимическая и зоонимическая лексика в андийских языках: на материале каратинского, ахвахского и тиндинского языков","2010.0","Northern Akhvakh, Southern Akhvakh, Tindi, Karata","Akhvakh, Karata, Tindi","Avar-Andic","Avar-Andic","https://search.rsl.ru/ru/record/01004874808","False","False","False","True"
"Umarkhanova D.A.","Характеристика морфемного состава даргинского языка","2010.0","Northern Dargwa","Dargwa","Dargwic","Dargwic","https://search.rsl.ru/ru/record/01004868762","False","False","False","True"
"Umarova P.U.","Устаревшая лексика в аварском языке","2013.0","Avar","Avar","Avar-Andic","Avar-Andic","https://search.rsl.ru/ru/record/01006697657","False","False","False","True"
"Urusilov A.U.","Роль русского языка в развитии и обогащении лексики аварского языка","1967.0","Avar","Avar","Avar-Andic","Avar-Andic","https://search.rsl.ru/ru/record/01010423740","False","False","False","True"
"Urusilov A.U.","Взаимодействие аваро-андо-цезских языков с русским в условиях национально-русского двуязычия: (Социолингвист. аспект): автореферат","1988.0","Northern Akhvakh, Southern Akhvakh, Upper Andi, Lower Andi, Bagvalal, Tindi, Botlikh, Godoberi, Chamalal, Karata, Avar, Bezhta, Hunzib, Hinuq, Khwarshi, Tsez","Akhvakh, Andi, Avar, Bagvalal, Bezhta, Botlikh, Chamalal, Godoberi, Hinuq, Hunzib, Karata, Khwarshi, Tindi, Tsez","Avar-Andic, Tsezic","Avar-Andic, Tsezic","https://search.rsl.ru/ru/record/01000006939","False","False","False","True"
"Urusilov A.U.","Русский язык в полиэтническом (аваро-андоцезском) регионе и взаимодействие языков: (Социолингв. аспект)","1993.0","Northern Akhvakh, Southern Akhvakh, Upper Andi, Lower Andi, Bagvalal, Tindi, Botlikh, Godoberi, Chamalal, Karata, Avar, Bezhta, Hunzib, Hinuq, Khwarshi, Tsez","Akhvakh, Andi, Avar, Bagvalal, Bezhta, Botlikh, Chamalal, Godoberi, Hinuq, Hunzib, Karata, Khwarshi, Tindi, Tsez","Avar-Andic, Tsezic","Avar-Andic, Tsezic","https://search.rsl.ru/ru/record/01000188204","False","False","False","True"
"Uruzhbekova M.M.","Инфинитив даргинского языка","2005.0","Northern Dargwa","Dargwa","Dargwic","Dargwic","https://search.rsl.ru/ru/record/01002748618","False","False","False","True"
"Uslar P.K.","Чеченский язык","1888.0","Chechen","Chechen","Nakh","Nakh","","False","True","False","False"
"Uslar P.K.","Аварский язык","1889.0","Avar","Avar","Avar-Andic","Avar-Andic","","False","True","False","False"
"Uslar P.K.","Лакский язык","1890.0","Lak","Lak","Lak","Lak","","False","True","False","False"
"Uslar P.K.","Хюркилинский язык","1892.0","Northern Dargwa","Dargwa","Dargwic","Dargwic","","False","True","False","False"
"Uslar P.K.","Кюринский язык","1896.0","Lezgian","Lezgian","Lezgic","Lezgic","","False","True","False","False"
"Uslar P.K.","Табасаранский язык","1979.0","Tabasaran","Tabasaran","Lezgic","Lezgic","","True","True","False","False"
"Usmanov T.I.","Нахский Масдар в сопоставлении с именами действия в разноструктурных языках","2010.0","Chechen, Ingush, Tsova-Tush","Chechen, Ingush, Tsova-Tush","Nakh","Nakh","https://search.rsl.ru/ru/record/01004882904","False","False","False","True"
"Usmanov T.I.","Типология нахского масдара: (с привлечением материала индоевропейских и иных языков)","2011.0","Chechen, Ingush, Tsova-Tush","Chechen, Ingush, Tsova-Tush","Nakh","Nakh","https://search.rsl.ru/ru/record/01005420679","False","False","False","True"
"Vadzhibov M.D.","Звуковая система табасаранского языка","1998.0","Tabasaran","Tabasaran","Lezgic","Lezgic","https://search.rsl.ru/ru/record/01000200785","False","False","False","True"
"Vagapov A.D.","Нахско-славянские лексические изоглоссы","2005.0","Chechen, Ingush, Tsova-Tush","Chechen, Ingush, Tsova-Tush","Nakh","Nakh","https://search.rsl.ru/ru/record/01002831243","False","False","False","True"
"Vagapov A.D.","Словарь народных географических терминов чеченского языка","2008.0","Chechen","Chechen","Nakh","Nakh","https://search.rsl.ru/ru/record/01004251804","False","False","False","True"
"Vagapov A.D.","От прошлого к настоящему: очерки по чеченской этимологии","2017.0","Chechen","Chechen","Nakh","Nakh","https://search.rsl.ru/ru/record/01008925977","False","False","False","True"
"Vagapov A.D.","Этимологический словарь чеченского языка","2019.0","Chechen","Chechen","Nakh","Nakh","https://search.rsl.ru/ru/record/01010343494","False","False","False","True"
"Vagapov I.D.","Нохчийн меттан синонимийн жайна","2023.0","Chechen","Chechen","Nakh","Nakh","https://search.rsl.ru/ru/record/01012296352","False","False","False","True"
"Vagapova T.M.","Образование и склонение числительных в чеченском языке с учетом диалектных данных","1987.0","Chechen","Chechen","Nakh","Nakh","https://search.rsl.ru/ru/record/01008556846","False","False","False","True"
"Vagizieva N.A.","ЛЕКСИЧЕСКИЕ ДИАЛЕКТИЗМЫ КАДАРСКОГО ДИАЛЕКТА ДАРГИНСКОГО ЯЗЫКА","2015.0","Northern Dargwa","Dargwa","Dargwic","Dargwic","","False","False","True","False"
"Vagizieva N.A.","ИРАНИЗМЫ В КАДАРСКОМ ДИАЛЕКТЕ ДАРГИНСКОГО ЯЗЫКА","2016.0","Northern Dargwa","Dargwa","Dargwic","Dargwic","","False","False","True","False"
"Vagizieva N.A.","О некоторых фонетических особенностях кадарского диалекта даргинского языка","2016.0","Northern Dargwa","Dargwa","Dargwic","Dargwic","","False","False","True","False"
"Vagizieva N.A.","БИЛИНГВИЗМ В ДАГЕСТАНЕ. РУССКИЕ ЗАИМСТВОВАНИЯ В КАДАРСКОМ ДИАЛЕКТЕ ДАРГИНСКОГО ЯЗЫКА","2017.0","Northern Dargwa","Dargwa","Dargwic","Dargwic","","False","False","True","False"
"Vagizieva N.A.","Звуковые соответствия между даргинским литературным языком и кадарским идиомом","2018.0","Northern Dargwa","Dargwa","Dargwic","Dargwic","","False","False","True","False"
"Vagizieva N.A.","Типы фразеологических единиц в кадарском диалекте даргинского языка","2018.0","Northern Dargwa","Dargwa","Dargwic","Dargwic","","False","False","True","False"
"Vagizieva N.A.","СТРУКТУРНО-СЕМАНТИЧЕСКАЯ ХАРАКТЕРИСТИКА БЛАГОПОЖЕЛАНИЙ КАДАРСКОГО ЯЗЫКА","2019.0","Northern Dargwa","Dargwa","Dargwic","Dargwic","","False","False","True","False"
"Vagizieva N.A.","Лексико-фразеологические особенности кадарского диалекта даргинского языка","2021.0","Northern Dargwa","Dargwa","Dargwic","Dargwic","https://search.rsl.ru/ru/record/01010814866","False","False","True","True"
"Vagizieva N.A.","О СИСТЕМНЫХ ВЗАИМООТНОШЕНИЯХ ЛЕКСИЧЕСКИХ ЕДИНИЦ КАДАРСКОГО ДИАЛЕКТА ДАРГИНСКОГО ЯЗЫКА","2021.0","Northern Dargwa","Dargwa","Dargwic","Dargwic","","False","False","True","False"
"Vagizieva N.A.","ОБ ОСВОЕНИИ ИНОЯЗЫЧНЫХ СТРУКТУРНЫХ ЭЛЕМЕНТОВ В КАДАРСКОМ ДИАЛЕКТЕ ДАРГИНСКОГО ЯЗЫКА","2021.0","Northern Dargwa","Dargwa","Dargwic","Dargwic","","False","False","True","False"
"Vagizieva N.A.","СЕМАНТИКО-СИНТАКСИЧЕСКАЯ СТРУКТУРА ЭКСПРЕССИВНО-УСТОЙЧИВЫХ СОЧЕТАНИЙ НЕГАТИВНОГО ХАРАКТЕРА В КАДАРСКОМ ДИАЛЕКТЕ ДАРГИНСКОГО ЯЗЫКА","2021.0","Northern Dargwa","Dargwa","Dargwic","Dargwic","","False","False","True","False"
"Vagizieva N.A.","ИСТОРИЯ ИЗУЧЕНИЯ КАТЕГОРИИ КАУЗАТИВА В ДАРГИНСКОМ ЯЗЫКЕ","2022.0","Northern Dargwa","Dargwa","Dargwic","Dargwic","","False","False","True","False"
"Vagizieva N.A.","О способах образования существительных в кадарском диалекте в сравнении с литературным даргинским языком","2022.0","Northern Dargwa","Dargwa","Dargwic","Dargwic","","False","False","True","False"
"Vagizieva N.A.","ОБ ОБРАЗОВАНИИ НЕФИНИТНЫХ ФОРМ ГЛАГОЛА В КАДАРСКОМ ДИАЛЕКТЕ ДАРГИНСКОГО ЯЗЫКА","2022.0","Northern Dargwa","Dargwa","Dargwic","Dargwic","","False","False","True","False"
"Vagizieva N.A.","О СПОСОБАХ ВЫРАЖЕНИЯ КАТЕГОРИИ ЧИСЛА В КАДАРСКИХ ИМЕНАХ СУЩЕСТВИТЕЛЬНЫХ","2023.0","Northern Dargwa","Dargwa","Dargwic","Dargwic","","False","False","True","False"
"Vagizieva N.A.","ИСТОРИЯ ИЗУЧЕНИЯ ИМЕННЫХ ГРАММАТИЧЕСКИХ КАТЕГОРИЙ В ДАРГИНСКОМ ЯЗЫКЕ","2024.0","Northern Dargwa","Dargwa","Dargwic","Dargwic","","False","False","True","False"
"Vagizieva N.A.","СПОСОБЫ СЛОВООБРАЗОВАНИЯ В ЦУДАХАРСКОМ ДИАЛЕКТЕ ДАРГИНСКОГО ЯЗЫКА","2025.0","Tsudaqar","Dargwa","Dargwic","Dargwic","","False","False","True","False"
"Vajsurova R.A.","Сравнительная морфемика глагола аварского и даргинского языков","2012.0","Avar, Northern Dargwa","Avar, Dargwa","Avar-Andic, Dargwic","Avar-Andic, Dargwic","https://search.rsl.ru/ru/record/01005502673","False","False","False","True"
"Vakilov Kh.S.","Имя существительное в гинухском языке: Морфологические категории и словообразование","1998.0","Hinuq","Hinuq","Tsezic","Tsezic","https://search.rsl.ru/ru/record/01000200084","False","True","False","True"
"Vakilov Kh.S.","Авар мацIалъул гIадатаб предложение малъиялъул методика","2017.0","Avar","Avar","Avar-Andic","Avar-Andic","https://search.rsl.ru/ru/record/01009628809","False","False","False","True"
"Velieva E.A.","Кошанский диалект агульского языка","2007.0","Aghul","Aghul","Lezgic","Lezgic","https://search.rsl.ru/ru/record/01003361700","False","True","False","True"
"Verhees S.","Evidentiality and the perfect in the Rikwani and Zilo dialects of Andi (East Caucasian)","2017.0","Upper Andi","Andi","Avar-Andic","Avar-Andic","","False","False","True","False"
"Verhees S.","The perfect in Avar and Andi: Cross-linguistic variation among two closely related East Caucasian languages","2018.0","Upper Andi, Avar","Andi, Avar","Avar-Andic","Avar-Andic","","True","False","False","False"
"Verhees S.","General converbs in Andi","2019.0","Upper Andi","Andi","Avar-Andic","Avar-Andic","","False","False","True","False"
"Verhees S.","Evidentiality in the Rikvani dialect of Andi","2020.0","Upper Andi","Andi","Avar-Andic","Avar-Andic","","False","False","True","False"
"Verhees S.","Reported speech in Botlikh","2020.0","Botlikh","Botlikh","Avar-Andic","Avar-Andic","","False","False","True","False"
"Vetrova E.S.","Пожелания смерти в речевом общении украинцев и лезгин","2015.0","Lezgian","Lezgian","Lezgic","Lezgic","","False","False","True","False"
"Vetrova E.S.","Речевые средства привлечения внимания без называния адресата (на материале украинского и лезгинского языков)","2015.0","Lezgian","Lezgian","Lezgic","Lezgic","","False","False","True","False"
"Vetrova E.S.","Эмотивная семантика междометных высказываний с компонентом Бог/Аллах в речи украинцев и лезгин","2015.0","Lezgian","Lezgian","Lezgic","Lezgic","","False","False","True","False"
"Vetrova E.S.","Об особенностях речевого этикета семейного общения (на материале украинского и лезгинского языков)","2016.0","Lezgian","Lezgian","Lezgic","Lezgic","","False","False","True","False"
"Vetrova E.S.","Особенности репрезентации гендерных отношений в украинских и лезгинских обращениях","2016.0","Lezgian","Lezgian","Lezgic","Lezgic","","False","False","True","False"
"Vetrova E.S.","Особенности речевого поведения украинцев и лезгин в ситуации «гостеприимство»","2016.0","Lezgian","Lezgian","Lezgic","Lezgic","","False","False","True","False"
"Vetrova E.S.","Пожелания зла в коммуникативной культуре украинцев и лезгин","2016.0","Lezgian","Lezgian","Lezgic","Lezgic","","False","False","True","False"
"Vetrova E.S.","Средства выражения соболезнования в речевом этикете украинцев и лезгин","2016.0","Lezgian","Lezgian","Lezgic","Lezgic","","False","False","True","False"
"Vetrova E.S.","Этнокультурная специфика прощаний (на материале украинского и лезгинского языков)","2016.0","Lezgian","Lezgian","Lezgic","Lezgic","","False","False","True","False"
"Vetrova E.S.","Этнокультурные особенности обращений к возлюбленной (на материале украинского и лезгинского языков)","2016.0","Lezgian","Lezgian","Lezgic","Lezgic","","False","False","True","False"
"Vetrova E.S.","РЕЧЕВЫЕ МОДЕЛИ ПОЖЕЛАНИЙ ДОБРА В ЛЕЗГИНСКОЙ И УКРАИНСКОЙ ЛИНГВОКУЛЬТУРАХ","2017.0","Lezgian","Lezgian","Lezgic","Lezgic","","False","False","True","False"
"Vetrova E.S.","СОПОСТАВИТЕЛЬНЫЙ АНАЛИЗ ЕДИНИЦ РЕЧЕВОГО ЭТИКЕТА В ЛЕЗГИНСКОЙ И УКРАИНСКОЙ ЛИНГВОКУЛЬТУРАХ","2017.0","Lezgian","Lezgian","Lezgic","Lezgic","","False","False","True","False"
"Vetrova E.S.","Обращения-фитоморфизмы в речевом этикете лезгинского и украинского языков","2018.0","Lezgian","Lezgian","Lezgic","Lezgic","","False","False","True","False"
"Vetrova E.S.","Речевой этикет в лезгинской и украинской лингвокультурах: автореферат","2018.0","Lezgian","Lezgian","Lezgic","Lezgic","https://search.rsl.ru/ru/record/01009647964","False","False","False","True"
"Vetrova E.S.","Этикетные формулы обращения к незнакомому адресату в лезгинской, русской и украинской лингвокультурах","2021.0","Lezgian","Lezgian","Lezgic","Lezgic","","False","False","True","False"
"Vetrova E.S.","Аксиологический компонент в семантике этикетных формул приветствия в лезгинском и украинском языках","2024.0","Lezgian","Lezgian","Lezgic","Lezgic","","False","False","True","False"
"Vetrova E.S.","АКСИОЛОГИЧЕСКОЕ СОДЕРЖАНИЕ ИНИЦИАЛЬНЫХ И ФИНАЛЬНЫХ ТРАДИЦИОННЫХ РЕЧЕВЫХ ФОРМУЛ В ЛЕЗГИНСКИХ И УКРАИНСКИХ ВОЛШЕБНЫХ СКАЗКАХ","2024.0","Lezgian","Lezgian","Lezgic","Lezgic","","False","False","True","False"
"Vetrova E.S.","Эмотивные высказывания с компонентом «Аллах/Бог» в лезгинском и украинском языках","2024.0","Lezgian","Lezgian","Lezgic","Lezgic","","False","False","True","False"
"Vetrova E.S.","ЭТИКЕТНЫЕ ФОРМУЛЫ ПРОЩАНИЯ В ЛЕЗГИНСКОЙ И УКРАИНСКОЙ ЛИНГВОКУЛЬТУРАХ","2024.0","Lezgian","Lezgian","Lezgic","Lezgic","","False","False","True","False"
"Wilson D.J.","A sketch of Sagada morphology","2021.0","Tsez","Tsez","Tsezic","Tsezic","","True","False","False","False"
"Wilson D.J.","The case for broader copulas: Evidence from Spanish, Tsez, and more","2023.0","Tsez","Tsez","Tsezic","Tsezic","","False","False","True","False"
"Yakhyaeva A.A.","Чеченский язык в 90-е годы XX века: функции и структура","2007.0","Chechen","Chechen","Nakh","Nakh","https://search.rsl.ru/ru/record/01003319731","False","False","False","True"
"Yakhyaeva A.A.","Языковая ситуация в ЧР в 90-е годы XX века","2014.0","Chechen","Chechen","Nakh","Nakh","https://search.rsl.ru/ru/record/01007897318","False","False","False","True"
"Yakovlev N.F.","Ингуши","1925.0","Ingush","Ingush","Nakh","Nakh","","False","True","False","False"
"Yakovlev N.F.","Синтаксис чеченского литературного языка","1940.0","Chechen","Chechen","Nakh","Nakh","","True","True","False","False"
"Yakovlev N.F.","Морфология чеченского языка","1960.0","Chechen","Chechen","Nakh","Nakh","","True","True","False","False"
"Yakovlev N.F.","Синтаксис ингушского литературного языка","2001.0","Ingush","Ingush","Nakh","Nakh","https://search.rsl.ru/ru/record/01000692630","False","True","False","True"
"Yandiev M.A.","Ингуши в контексте истории и языка","2005.0","Ingush","Ingush","Nakh","Nakh","https://search.rsl.ru/ru/record/01002878972","False","False","False","True"
"Yangulbaev V.A.","Нохчийн меттан диктанташа а, изложенеш а: (хьехархочунна гІоьнна)","2008.0","Chechen","Chechen","Nakh","Nakh","https://search.rsl.ru/ru/record/01004126929","False","False","False","True"
"Yaraliev M.M.","Консонантизм лезгинского языка","1989.0","Lezgian","Lezgian","Lezgic","Lezgic","https://search.rsl.ru/ru/record/01008259169","False","False","False","True"
"Yaraliev Ya.A.","Алупанская (кавказско-албанская) письменность и лезгинский язык","1995.0","Lezgian","Lezgian","Lezgic","Lezgic","","False","True","False","False"
"Yaralieva E.M.","Семантическое пространство соматизмов pukI/heart в лезгинском и английском языках","2010.0","Lezgian","Lezgian","Lezgic","Lezgic","https://search.rsl.ru/ru/record/01004874522","False","False","False","True"
"YIsaev N.G.","Адабият хъаIдхъый","2013.0","Tsakhur","Tsakhur","Lezgic","Lezgic","https://search.rsl.ru/ru/record/01007496503","False","False","False","True"
"Yusufova D.Yu.","Лексическая синонимия в разносистемных языках: табасаранском, русском, английском","2023.0","Tabasaran","Tabasaran","Lezgic","Lezgic","https://search.rsl.ru/ru/record/01011848938","False","False","False","True"
"Yusupkhadzhieva Kh.U.","Особенности языка чеченской художественной литературы","2000.0","Chechen","Chechen","Nakh","Nakh","https://search.rsl.ru/ru/record/01000289855","False","False","False","True"
"Yusupov K.G.","Дарган мезла синонимтала словарь","2024.0","Northern Dargwa","Dargwa","Dargwic","Dargwic","https://search.rsl.ru/ru/record/01013623765","False","False","False","True"
"Yusupov Kh.A.","Urus mezla - dargan mezla slovar: 47 0000 slov i frazeologiceskich vyrazenij","2005.0","Northern Dargwa","Dargwa","Dargwic","Dargwic","","False","True","False","False"
"Yusupov Kh.A.","Русско-даргинский словарь","2005.0","Northern Dargwa","Dargwa","Dargwic","Dargwic","","False","True","False","False"
"Yusupov Kh.A.","Дарган мезле орфографияла словарь: орфографияла кьяйдуртачил барх: словарлизир 76 азир дев лер","2011.0","Northern Dargwa","Dargwa","Dargwic","Dargwic","https://search.rsl.ru/ru/record/01005036529","False","False","False","True"
"Yusupov Kh.A.","Даргинско-русский словарь (рукопись)","2014.0","Northern Dargwa","Dargwa","Dargwic","Dargwic","","True","False","False","False"
"Yusupov Kh.A.","Дарган-урус словарь: около 40 000 слов и фразеологических выражений","2017.0","Northern Dargwa","Dargwa","Dargwic","Dargwic","https://search.rsl.ru/ru/record/01009432573","False","False","False","True"
"Yusupov Kh.A.","Русско-даргиский словарь: 60 000 слов, терминов и выражений","2020.0","Northern Dargwa","Dargwa","Dargwic","Dargwic","https://search.rsl.ru/ru/record/01010505882","False","False","False","True"
"Yusupov Kh.A.","Даргинская лексикография и ее роль в развитии литературного языка","2021.0","Northern Dargwa","Dargwa","Dargwic","Dargwic","https://search.rsl.ru/ru/record/01010814537","False","False","False","True"
"Yusupov M.","Табасараны","2009.0","Tabasaran","Tabasaran","Lezgic","Lezgic","","False","True","False","False"
"Yusupova R.M.","Фонетические и морфологические особенности инховского говора аварского языка","2007.0","Avar","Avar","Avar-Andic","Avar-Andic","","True","False","False","False"
"Yusupova S.M.","Семантическое поле ""труд"" во фразеологии: на материале английского, немецкого, русского и чеченского языков","2011.0","Chechen","Chechen","Nakh","Nakh","https://search.rsl.ru/ru/record/01005377267","False","False","False","True"
"Yusupova S.M.","Словарь-тезаурус идиом о труде: на материале английского, немецкого, русского и чеченского языков","2014.0","Chechen","Chechen","Nakh","Nakh","https://search.rsl.ru/ru/record/01007499737","False","False","False","True"
"Yusupova S.M.","Семантика идиом: сопоставительный анализ (на материале английского, немецкого, русского и чеченского языков)","2016.0","Chechen","Chechen","Nakh","Nakh","https://search.rsl.ru/ru/record/01009850420","False","False","False","True"
"Yusupova S.M.","Лингвокультурные образы во фразеологии. Корпусный подход: (на материале английского, немецкого, русского и чеченского языков)","2023.0","Chechen","Chechen","Nakh","Nakh","https://search.rsl.ru/ru/record/01012390235","False","False","False","True"
"Yusupova S.S.-A.","Новые слова и значения в чеченском языке: постсоветский период","2007.0","Chechen","Chechen","Nakh","Nakh","https://search.rsl.ru/ru/record/01003317267","False","False","False","True"
"Yusupova S.S.-A.","Неологизация лексической системы современного чеченского языка","2014.0","Chechen","Chechen","Nakh","Nakh","https://search.rsl.ru/ru/record/01007846187","False","False","False","True"
"Yuzbekov A.N.","Служебные слова в лезгинском языке","1988.0","Lezgian","Lezgian","Lezgic","Lezgic","https://search.rsl.ru/ru/record/01008486186","False","False","False","True"
"Yuzbekova S.B.","Глагольные словосочетания в лезгинском языке","1994.0","Lezgian","Lezgian","Lezgic","Lezgic","https://search.rsl.ru/ru/record/01000176333","False","False","False","True"
"Yuzbekova S.B.","Русско-лезгинский терминологический словарь","2011.0","Lezgian","Lezgian","Lezgic","Lezgic","https://search.rsl.ru/ru/record/01005397422","False","False","False","True"
"Zabitov S.M.","Арабские заимствования в лезгинском литературном языке","1983.0","Lezgian","Lezgian","Lezgic","Lezgic","https://search.rsl.ru/ru/record/01008771684","False","False","False","True"
"Zagirov N.V.","Фоно-морфологическая характеристика диалектов табасаранского языка","1996.0","Tabasaran","Tabasaran","Lezgic","Lezgic","https://search.rsl.ru/ru/record/01000160597","False","False","False","True"
"Zagirov V.M.","Лексика табасаранского языка","1976.0","Tabasaran","Tabasaran","Lezgic","Lezgic","https://search.rsl.ru/ru/record/01009507401","False","False","False","True"
"Zagirov V.M.","Русско-табасаранский школьный фразеологический словарь","1977.0","Tabasaran","Tabasaran","Lezgic","Lezgic","https://search.rsl.ru/ru/record/01007672240","False","False","False","True"
"Zagirov V.M.","Историческая лексикология языков лезгинской группы","1989.0","Lezgian, Tabasaran, Aghul, Rutul, Tsakhur, Archi, Kryz, Budukh, Udi","Aghul, Archi, Budukh, Kryz, Lezgian, Rutul, Tabasaran, Tsakhur, Udi","Lezgic","Lezgic","https://search.rsl.ru/ru/record/01008272640","False","False","False","True"
"Zagirov V.M.","Русские заимствования в табасаранском языке","2011.0","Tabasaran","Tabasaran","Lezgic","Lezgic","https://search.rsl.ru/ru/record/01005412317","False","False","False","True"
"Zagirov V.M.","Тюркские лексические заимствования в табасаранском языке","2013.0","Tabasaran","Tabasaran","Lezgic","Lezgic","https://search.rsl.ru/ru/record/01008034508","False","False","False","True"
"Zagirov V.M.","Словарь табасаранских личных имен","2020.0","Tabasaran","Tabasaran","Lezgic","Lezgic","https://search.rsl.ru/ru/record/01010538112","False","False","False","True"
"Zagirov V.M.","Диалектология табасаранского языка","2022.0","Tabasaran","Tabasaran","Lezgic","Lezgic","https://search.rsl.ru/ru/record/01011619798","False","False","False","True"
"Zagirov Z.M.","Русско-табасаранский словарь","1988.0","Tabasaran","Tabasaran","Lezgic","Lezgic","","False","True","False","False"
"Zagirov Z.M.","Табасаран чIал: уьмуми мектебариз: учебный пособие","2023.0","Tabasaran","Tabasaran","Lezgic","Lezgic","https://search.rsl.ru/ru/record/01012389755","False","False","False","True"
"Zagirova L.Z.","Семантика и структура фразеологических единиц табасаранского языка","2004.0","Tabasaran","Tabasaran","Lezgic","Lezgic","https://search.rsl.ru/ru/record/01002739471","False","False","False","True"
"Zakirova A.N.","Clausal agreement in Zilo Andi: Number","2019.0","Upper Andi","Andi","Avar-Andic","Avar-Andic","","False","False","True","False"
"Zakirova A.N.","Согласование по числу в андийском языке: экспансия из парадигмы существительных","2020.0","Upper Andi","Andi","Avar-Andic","Avar-Andic","","False","False","True","False"
"Zakirova A.N.","Number Marking of the Verb in the East Caucasian Languages","2022.0","Upper Andi, Karata, Chamalal, Tindi, Godoberi, Northern Akhvakh, Southern Akhvakh, Bagvalal, Chechen, Ingush, Tsova-Tush, Bezhta, Hunzib, Aghul, Tukita, Amuzgi-Shiri, Northern Dargwa, Sanzhi-Itsari, Southwestern Dargwa, Tabasaran, Kryz, Archi, Udi, Budukh","Aghul, Akhvakh, Andi, Archi, Bagvalal, Bezhta, Budukh, Chamalal, Chechen, Dargwa, Godoberi, Hunzib, Ingush, Karata, Kryz, Tabasaran, Tindi, Tsova-Tush, Udi","Avar-Andic, Dargwic, Lezgic, Nakh, Tsezic","Avar-Andic, Dargwic, Lezgic, Nakh, Tsezic","","False","False","True","False"
"Zalova I.M.","Сопоставительный анализ варьирования пословиц и поговорок в лезгинском и немецком языках","2009.0","Lezgian","Lezgian","Lezgic","Lezgic","https://search.rsl.ru/ru/record/01004271290","False","False","False","True"
"Zherebilo T.V.","Влияние русской культуры на развитие литературного языка ингушского этноса","2008.0","Ingush","Ingush","Nakh","Nakh","","False","False","True","False"
"Zherebilo T.V.","Русский язык в Ингушетии (или проблемы ингушско-русского билингвизма)","2008.0","Ingush","Ingush","Nakh","Nakh","","False","False","True","False"
"Zherebilo T.V.","Языковая политика и языковое строительство в Республике Ингушетия","2008.0","Ingush","Ingush","Nakh","Nakh","","False","False","True","False"
"Zherebilo T.V.","Русский язык в Ингушетии","2009.0","Ingush","Ingush","Nakh","Nakh","","False","False","True","False"
"Zherebilo T.V.","Русско-чеченские билексемы как средство обогащения речи учащихся","2009.0","Chechen","Chechen","Nakh","Nakh","","False","False","True","False"
"Zherebilo T.V.","Языковая политика в Республике Ингушетия","2010.0","Ingush","Ingush","Nakh","Nakh","","False","False","True","False"
"Zherebilo T.V.","Языковое состояние в Республике Ингушетия","2013.0","Ingush","Ingush","Nakh","Nakh","","False","False","True","False"
"Zherebilo T.V.","Лексическая система русского языка в условиях чеченско-русского билингвизма","2015.0","Chechen","Chechen","Nakh","Nakh","","False","False","True","False"
"Zherebilo T.V.","Языковая ситуация в Чеченской Республике в условиях глобализации","2015.0","Chechen","Chechen","Nakh","Nakh","","False","False","True","False"
"Zherebilo T.V.","Языковое состояние в Республике Ингушетия (отчёт)","2015.0","Ingush","Ingush","Nakh","Nakh","","False","False","True","False"
"Zherebilo T.V.","Языковое состояние в условиях билингвизма","2015.0","Chechen","Chechen","Nakh","Nakh","https://search.rsl.ru/ru/record/01010386556","False","False","False","True"
"Zherebilo T.V.","Состояние русского языка в Чеченской Республике в условиях билингвизма","2016.0","Chechen","Chechen","Nakh","Nakh","","False","False","True","False"
"Zherebilo T.V.","Функционирование регионального варианта русского языка в Чеченской Республике","2016.0","Chechen","Chechen","Nakh","Nakh","https://search.rsl.ru/ru/record/01010075966","False","False","False","True"
"Zherebilo T.V.","Актуальные проблемы разработки интегративной модели"" Большого универсального русско-чеченского словаря окружающей среды""","2018.0","Chechen","Chechen","Nakh","Nakh","","False","False","True","False"
"Zherebilo T.V.","МОДЕЛИ ИССЛЕДОВАНИЯ КОММУНИКАТИВНОГО ПОВЕДЕНИЯ ЧЕЧЕНЦЕВ-БИЛИНГВОВ","2018.0","Chechen","Chechen","Nakh","Nakh","","False","False","True","False"
"Zherebilo T.V.","Методология исследования коммуникативного поведения чеченцев-билингвов","2019.0","Chechen","Chechen","Nakh","Nakh","","False","False","True","False"
"Zherebilo T.V.","Результаты работы по проекту 18-412200001"" Модели исследования коммуникативного поведения чеченцев-билингвов"" за первый год реализации (отчёт)","2019.0","Chechen","Chechen","Nakh","Nakh","","False","False","True","False"
"Zhirkov L.I.","Грамматика аварского языка","1924.0","Avar","Avar","Avar-Andic","Avar-Andic","","False","True","False","False"
"Zhirkov L.I.","Грамматика даргинского языка","1926.0","Northern Dargwa","Dargwa","Dargwic","Dargwic","","False","True","False","False"
"Zhirkov L.I.","Аварско-русский словарь","1936.0","Avar","Avar","Avar-Andic","Avar-Andic","","True","True","False","False"
"Zhirkov L.I.","Табасаранский язык. Грамматика и тексты","1948.0","Tabasaran","Tabasaran","Lezgic","Lezgic","","True","True","False","False"
"Zhirkov L.I.","Лакский язык: фонетика и морфология","1955.0","Lak","Lak","Lak","Lak","","True","True","False","False"
"Zibukaeva Z.S.","Теоретический и практический курс чеченского языка: учебно-методическое пособие","2023.0","Chechen","Chechen","Nakh","Nakh","https://search.rsl.ru/ru/record/01012641623","False","False","False","True"
"Ziyavudinova A.A.","Видо-временные формы глаголов в разносистемных языках: на материале аварского, русского и английского языков","2011.0","Avar","Avar","Avar-Andic","Avar-Andic","https://search.rsl.ru/ru/record/01005031670","False","False","False","True"
"Zubairova L.M.","Лексико-фразеологические средства и их семантико-структурные особенности в лакском и арабском языках","2007.0","Lak","Lak","Lak","Lak","https://search.rsl.ru/ru/record/01003320610","False","False","False","True"
"Zubajraeva M.U.","Градационность качественного признака: на материале чеченского и английского языков","2008.0","Chechen","Chechen","Nakh","Nakh","https://search.rsl.ru/ru/record/01004243590","False","False","False","True"
"Zubajraeva M.U.","Интенсивность выражения качественного признака в английском и чеченском языках","2013.0","Chechen","Chechen","Nakh","Nakh","https://search.rsl.ru/ru/record/01006596719","False","False","False","True"
"Zvegincev V.A.","Табасаранские этюды: материалы Дагестанской экспедиции, 1979","1982.0","Tabasaran","Tabasaran","Lezgic","Lezgic","","False","True","False","False"
"Zviadauri N.A.","Причастие в дидойских языках","1990.0","Bezhta, Hunzib, Hinuq, Khwarshi, Tsez","Bezhta, Hinuq, Hunzib, Khwarshi, Tsez","Tsezic","Tsezic","https://search.rsl.ru/ru/record/01008143391","False","False","False","True"
"Zyazikov R.M. and Tarieva L.U.","ГIалгIай метта омонимай дошлорг","2007.0","Ingush","Ingush","Nakh","Nakh","https://search.rsl.ru/ru/record/01004110303","False","False","False","True"
